calle_norm,calle,seccion,comuna,num_min,num_max,n
11 DE SEPTIEMBRE DE 1888,11 DE SEPTIEMBRE DE 1888,023,13,1417,1790,74
11 DE SEPTIEMBRE DE 1888,11 DE SEPTIEMBRE DE 1888,023,14,741,1400,157
11 DE SEPTIEMBRE DE 1888,11 DE SEPTIEMBRE DE 1888,025,13,1836,2490,102
11 DE SEPTIEMBRE DE 1888,11 DE SEPTIEMBRE DE 1888,027,13,2508,3581,312
11 DE SEPTIEMBRE DE 1888,11 DE SEPTIEMBRE DE 1888,029,13,36,8580,274
12 DE OCTUBRE,12 DE OCTUBRE,059,15,1606,1898,110
14 DE JULIO,14 DE JULIO,049,15,3,1691,472
15 DE NOVIEMBRE DE 1889,15 DE NOVIEMBRE DE 1889,016,1,1101,1800,240
15 DE NOVIEMBRE DE 1889,15 DE NOVIEMBRE DE 1889,024,4,1802,2700,176
17 DE OCTUBRE,17 DE OCTUBRE,056,8,3803,3821,15
18 DE OCTUBRE DE 1908,18 DE OCTUBRE DE 1908,068,8,4510,4570,3
1O DE MAYO,1º DE MAYO,044,4,1807,2000,37
2 DE ABRIL DE 1982,2 DE ABRIL DE 1982,078,8,6446,6999,33
20 DE FEBRERO,20 DE FEBRERO,055,12,5051,6096,268
20 DE SEPTIEMBRE,20 DE SEPTIEMBRE,006,4,210,491,61
23 DE JUNIO,23 DE JUNIO,068,8,4131,4558,30
24 DE NOVIEMBRE,24 DE NOVIEMBRE,028,3,15,795,249
24 DE NOVIEMBRE,24 DE NOVIEMBRE,030,3,808,1595,244
24 DE NOVIEMBRE,24 DE NOVIEMBRE,032,4,1604,2296,154
25 DE MAYO,25 DE MAYO,001,1,9,788,263
27 DE FEBRERO,AV. 27 DE FEBRERO,046,4,1721,5487,16
27 DE FEBRERO,AV. 27 DE FEBRERO,046,8,5555,6055,16
27 DE FEBRERO,AV. 27 DE FEBRERO,052,8,6151,6201,3
3 DE FEBRERO,3 DE FEBRERO,023,13,1401,1771,78
3 DE FEBRERO,3 DE FEBRERO,023,14,755,1400,188
3 DE FEBRERO,3 DE FEBRERO,025,13,1805,2500,206
3 DE FEBRERO,3 DE FEBRERO,027,13,1861,3600,282
3 DE FEBRERO,3 DE FEBRERO,029,13,1792,4968,198
5 DE JULIO,5 DE JULIO,002,1,412,489,11
9 DE JULIO,AV. 9 DE JULIO,003,1,52,78,12
ABRAHAM J LUPPI,ABRAHAM J. LUPPI,038,4,905,1386,139
ABRAHAM J LUPPI,ABRAHAM J. LUPPI,046,4,1411,3672,157
ACASSUSO,ACASSUSO,060,10,207,5595,118
ACASSUSO,ACASSUSO,060,9,5603,5997,106
ACASSUSO,ACASSUSO,074,9,1001,7625,290
ACEVEDO,ACEVEDO,031,15,426,1196,285
ACEVEDO,ACEVEDO,047,15,4,396,154
ACHALA,ACHALA,032,4,3501,3691,65
ACHAVAL,ACHAVAL,042,6,210,497,129
ACHAVAL,ACHAVAL,042,7,508,953,113
ACHEGA,ACHEGA,063,12,2910,3599,242
ACHIRA,ACHIRA,055,12,4905,4989,17
ACHUPALLAS,ACHUPALLAS,059,11,1605,1691,17
ACONCAGUA,ACONCAGUA,060,10,5602,5646,20
ACONCAGUA,ACONCAGUA,060,9,5658,5996,94
ACOYTE,ACOYTE,045,6,806,1095,84
ACOYTE,ACOYTE,047,15,1118,1706,156
ACOYTE,AV. ACOYTE,045,6,9,794,386
ADOLFO ALSINA,ADOLFO ALSINA,002,1,226,899,160
ADOLFO ALSINA,ADOLFO ALSINA,012,1,188,1799,385
ADOLFO ALSINA,ADOLFO ALSINA,020,3,1217,2800,389
ADOLFO ALSINA,ADOLFO ALSINA,028,3,2802,3299,194
ADOLFO BERRO,AV. ADOLFO BERRO,021,14,3880,3880,1
ADOLFO BIOY CASARES,ADOLFO BIOY CASARES,011,2,2009,2039,9
ADOLFO GONZALES CHAVES,ADOLFO GONZALES CHAVES,060,9,202,293,30
ADOLFO P CARRANZA,ADOLFO P. CARRANZA,069,11,2201,3191,390
ADOLFO P CARRANZA,ADOLFO P. CARRANZA,069,15,2005,2197,73
ADOLFO SALDIAS,ADOLFO SALDIAS,038,4,2202,2297,21
AGACES,AGACES,032,4,105,298,67
AGENTE CEFERINO GARCIA,AGENTE CEFERINO GARCIA,067,11,2104,2297,51
AGENTE DOMINGO DEDICO,AGENTE DOMINGO DEDICO,067,11,2106,2193,26
AGRELO,AGRELO,028,3,3002,3297,80
AGRELO,AGRELO,028,5,3301,3600,134
AGRELO,AGRELO,036,5,497,4399,320
AGUARIBAY,AGUARIBAY,093,10,6705,68251,84
AGUAS BUENAS,AGUAS BUENAS,063,12,3006,3189,63
AGUERO,AGÜERO,013,3,6,8486,298
AGUERO,AGÜERO,015,2,1011,2580,480
AGUILAR,AGUILAR,023,14,2009,2376,86
AGUILAR,AGUILAR,037,13,2403,2895,131
AGUIRRE,AGUIRRE,031,15,1,1200,427
AGUIRRE,AGUIRRE,033,15,1201,1693,94
AGUSTIN ALVAREZ,AGUSTIN ALVAREZ,073,12,4701,4897,62
AGUSTIN ALVAREZ,AGUSTIN ALVAREZ,075,12,4908,5186,85
AGUSTIN DE VEDIA,AGUSTIN DE VEDIA,044,4,2424,2492,14
AGUSTIN DE VEDIA,AGUSTIN DE VEDIA,044,7,2006,2691,104
AGUSTIN DE VEDIA,AGUSTIN DE VEDIA,046,4,1599,3851,246
AGUSTIN MAGALDI,AGUSTIN MAGALDI,026,4,1210,2210,133
AGUSTIN R CAFFARENA,AGUSTIN R. CAFFARENA,006,4,2,199,50
AIME PAINE,AIME PAINE,098,1,1060,1687,59
AIZPURUA,AIZPURUA,051,12,2202,2399,53
AIZPURUA,AIZPURUA,055,12,3605,3893,203
AIZPURUA,AIZPURUA,063,12,478,5800,412
ALAGON,ALAGON,038,4,12,4297,172
ALBANIA,ALBANIA,085,10,4505,4699,57
ALBARELLOS,AV. ALBARELLOS,075,12,2306,3190,263
ALBARINO,ALBARIÑO,060,10,102,909,118
ALBARINO,ALBARIÑO,060,9,35,1098,209
ALBARINO,ALBARIÑO,062,9,231,2480,496
ALBARINO,ALBARIÑO,064,8,2505,5960,236
ALBARINO,ALBARIÑO,066,8,3304,4392,148
ALBARINO A CEDER,ALBARIÑO A CEDER,066,8,4312,4332,6
ALBARRACIN,ALBARRACIN,038,7,1414,2093,217
ALBERTI,ALBERTI,020,3,11,792,285
ALBERTI,ALBERTI,022,3,804,1890,303
ALBERTI,ALBERTI,024,4,1603,2195,218
ALBERTO DEMIDDI,ALBERTO DEMIDDI,068,8,4410,4590,12
ALBERTO EINSTEIN,ALBERTO EINSTEIN,032,4,6,189,56
ALBERTO EINSTEIN,ALBERTO EINSTEIN,034,4,210,1120,218
ALBERTO GERCHUNOFF,ALBERTO GERCHUNOFF,055,12,5656,5697,16
ALBERTO MORTZ,ALBERTO MORTZ,003,1,50,50,1
ALBERTO WILLIAMS,ALBERTO WILLIAMS,055,12,5603,6094,724
ALBERTO ZORRILLA,ALBERTO ZORRILLA,068,8,4404,4592,13
ALCARAZ,ALCARAZ,079,10,4201,4480,83
ALCARAZ,ALCARAZ,085,10,2100,44746,302
ALCARAZ,ALCARAZ,091,10,5304,6296,277
ALEJANDRO DUMAS,ALEJANDRO DUMAS,062,9,1809,1998,87
ALEJANDRO F MOHR,ALEJANDRO F. MOHR,087,10,2205,2489,86
ALEJANDRO MAGARINOS CERVANTES,ALEJANDRO MAGARIÑOS CERVANTES,059,11,186,2089,272
ALEJANDRO MAGARINOS CERVANTES,ALEJANDRO MAGARIÑOS CERVANTES,067,11,2041,3211,431
ALEJANDRO MAGARINOS CERVANTES,ALEJANDRO MAGARIÑOS CERVANTES,079,10,3783,4400,180
ALEJANDRO MAGARINOS CERVANTES,ALEJANDRO MAGARIÑOS CERVANTES,079,11,1602,3800,195
ALEJANDRO MAGARINOS CERVANTES,ALEJANDRO MAGARIÑOS CERVANTES,085,10,4401,5091,325
ALEJANDRO MAGARINOS CERVANTES,ALEJANDRO MAGARIÑOS CERVANTES,091,10,5102,5699,196
ALEJANDRO MARIA DE AGUADO,ALEJANDRO MARIA DE AGUADO,015,14,2851,2896,24
ALEMANIA,ALEMANIA,075,12,2706,2798,27
ALFARERO,ALFARERO,080,8,4105,4199,44
ALFONSINA STORNI,ALFONSINA STORNI,055,12,3606,3794,129
ALFREDO COLMO,ALFREDO COLMO,034,4,1917,63739,110
ALFREDO GUTTERO,ALFREDO GUTTERO,055,12,3606,3796,57
ALFREDO PALACIOS,ALFREDO PALACIOS,010,4,620,1400,195
ALFREDO R BUFANO,ALFREDO R. BUFANO,065,7,702,1147,149
ALFREDO R BUFANO,ALFREDO R. BUFANO,067,11,1205,2405,343
ALFREDO R BUFANO,ALFREDO R. BUFANO,069,11,2306,25001,210
ALGARROBO,ALGARROBO,018,4,809,1083,44
ALICANTE,ALICANTE,093,10,1902,1996,28
ALICIA MOREAU DE JUSTO,AV. ALICIA MOREAU DE JUSTO,097,1,48,600,52
ALICIA MOREAU DE JUSTO,AV. ALICIA MOREAU DE JUSTO,098,1,730,2092,115
ALLENDE,ALLENDE,085,10,1903,2198,108
ALLENDE,ALLENDE,087,10,2202,2695,163
ALLENDE,ALLENDE,087,11,2702,3495,203
ALLENDE,ALLENDE,089,11,3520,5965,211
ALMAFUERTE,AV. ALMAFUERTE,032,4,5,900,229
ALMAGRO,ALMAGRO,079,11,1359,1687,22
ALMIRANTE ATILIO SIXTO BARILARI,ALMIRANTE ATILIO SIXTO BARILARI,027,13,1301,1500,38
ALMIRANTE AUGUSTO LASSERRE,ALMIRANTE AUGUSTO LASSERRE,074,9,2002,2099,16
ALMIRANTE BROWN,AV. ALMIRANTE BROWN,006,4,21,1499,506
ALMIRANTE DANIEL DE SOLIER,ALMIRANTE DANIEL DE SOLIER,027,13,906,1195,82
ALMIRANTE F J SEGUI,ALMIRANTE F. J. SEGUI,057,6,245,1075,182
ALMIRANTE F J SEGUI,ALMIRANTE F. J. SEGUI,059,11,1731,1995,75
ALMIRANTE F J SEGUI,ALMIRANTE F. J. SEGUI,059,15,1495,2585,196
ALMIRANTE F J SEGUI,ALMIRANTE F. J. SEGUI,059,6,1115,2336,187
ALMIRANTE JUAN PABLO SAENZ VALIENTE,ALMIRANTE JUAN PABLO SAENZ VALIENTE,027,13,910,1200,34
ALMIRANTE MANUEL J GARCIA,ALMIRANTE MANUEL J. GARCIA,027,13,911,1198,80
ALMIRANTE ONOFRE BETBEDER,ALMIRANTE ONOFRE BETBEDER,027,13,1204,1496,79
ALONSO RODRIGUEZ,ALONSO RODRIGUEZ,044,7,1341,1399,4
ALPATACAL,ALPATACAL,072,9,6307,6689,76
ALTA GRACIA,ALTA GRACIA,089,11,338,3589,90
ALTOLAGUIRRE,ALTOLAGUIRRE,051,12,1803,2397,215
ALTOLAGUIRRE,ALTOLAGUIRRE,061,15,1201,1796,252
ALTOLAGUIRRE,ALTOLAGUIRRE,063,12,2407,5501,358
ALVAR NUNEZ,ALVAR NUÑEZ,010,4,34,1081,80
ALVARADO,ALVARADO,018,4,1902,2999,277
ALVARADO,ALVARADO,026,4,3011,3295,50
ALVAREZ CRISOSTOMO,ALVAREZ CRISOSTOMO,078,8,5800,5800,1
ALVAREZ JONTE,ALVAREZ JONTE,059,11,1806,2100,87
ALVAREZ JONTE,ALVAREZ JONTE,059,15,105,2091,159
ALVAREZ JONTE,ALVAREZ JONTE,067,11,2104,2500,94
ALVAREZ JONTE,ALVAREZ JONTE,069,11,2201,2493,82
ALVAREZ JONTE,ALVAREZ JONTE,069,15,2101,2173,23
ALVAREZ JONTE,AV. ALVAREZ JONTE,067,11,2502,3200,120
ALVAREZ JONTE,AV. ALVAREZ JONTE,069,11,2451,3199,211
ALVAREZ JONTE,AV. ALVAREZ JONTE,079,10,3902,4370,86
ALVAREZ JONTE,AV. ALVAREZ JONTE,079,11,2730,3900,150
ALVAREZ JONTE,AV. ALVAREZ JONTE,081,10,3901,4487,157
ALVAREZ JONTE,AV. ALVAREZ JONTE,081,11,3201,3899,154
ALVAREZ JONTE,AV. ALVAREZ JONTE,085,10,4502,5300,299
ALVAREZ JONTE,AV. ALVAREZ JONTE,087,10,4501,5299,225
ALVAREZ JONTE,AV. ALVAREZ JONTE,091,10,5306,6296,205
ALVAREZ JONTE,AV. ALVAREZ JONTE,093,10,1401,6383,203
ALVAREZ JONTE,AV. ALVAREZ JONTE,093,9,6405,6599,43
ALVAREZ JONTE,AV. ALVAREZ JONTE,095,9,6450,6600,4
ALVAREZ THOMAS,AV. ALVAREZ THOMAS,033,13,221,599,56
ALVAREZ THOMAS,AV. ALVAREZ THOMAS,033,15,4,6193,103
ALVAREZ THOMAS,AV. ALVAREZ THOMAS,037,13,601,1299,170
ALVAREZ THOMAS,AV. ALVAREZ THOMAS,037,15,602,1288,184
ALVAREZ THOMAS,AV. ALVAREZ THOMAS,049,15,1301,2400,522
ALVAREZ THOMAS,AV. ALVAREZ THOMAS,051,12,2346,3090,254
ALVAREZ THOMAS,AV. ALVAREZ THOMAS,053,12,3102,3697,153
ALVEAR,ALVEAR,007,1,1402,1600,54
ALVEAR,ALVEAR,007,2,17,1800,54
ALVEAR,AV. ALVEAR,003,1,1350,1399,5
ALVEAR,AV. ALVEAR,011,2,1807,1999,78
ALZAGA,ALZAGA,032,5,2002,2293,75
AMADEO JACQUES,AMADEO JACQUES,095,9,303,7089,98
AMALIA,AMALIA,072,9,311,680,57
AMAMBAY,AMAMBAY,053,12,3507,3597,46
AMANCIO ALCORTA,AV. AMANCIO ALCORTA,016,4,1482,1999,109
AMANCIO ALCORTA,AV. AMANCIO ALCORTA,018,4,1937,1976,12
AMANCIO ALCORTA,AV. AMANCIO ALCORTA,024,4,2101,4399,90
AMANCIO ALCORTA,AV. AMANCIO ALCORTA,026,4,2052,2900,85
AMANCIO ALCORTA,AV. AMANCIO ALCORTA,034,4,1362,32005,283
AMBERES,AMBERES,057,6,703,1097,145
AMBROSIO OLMOS,AMBROSIO OLMOS,016,4,1207,1300,27
AMENABAR,AMENABAR,035,13,405,700,98
AMENABAR,AMENABAR,035,14,9,5800,113
AMENABAR,AMENABAR,037,13,702,1800,331
AMENABAR,AMENABAR,039,13,1801,2499,226
AMENABAR,AMENABAR,041,13,2501,3594,327
AMENABAR,AMENABAR,043,12,3603,4181,123
AMPERE,AMPERE,045,6,811,887,30
AMSTERDAM,AMSTERDAM,081,11,3713,3797,38
ANA MARIA JANER,ANA MARIA JANER,044,4,1806,1889,23
ANA MARIA JANER,ANA MARIA JANER,056,8,3414,3975,134
ANA MARIA JANER,AV. ANA MARIA JANER,050,8,2550,3370,12
ANASAGASTI,ANASAGASTI,015,14,2001,2087,46
ANASCO,AÑASCO,059,15,2211,3099,253
ANCASTE,ANCASTE,034,4,3001,3858,193
ANCHORIS,ANCHORIS,016,4,7,387,103
ANCON,ANCON,023,14,5100,5399,74
ANDALGALA,ANDALGALA,072,9,901,1200,140
ANDALGALA,ANDALGALA,074,9,1207,4344,249
ANDALGALA,ANDALGALA,076,9,1910,3099,335
ANDALUCIA,ANDALUCIA,079,11,3309,3483,38
ANDONAEGUI,ANDONAEGUI,051,12,1804,5351,204
ANDONAEGUI,ANDONAEGUI,055,12,3606,3958,77
ANDONAEGUI,ANDONAEGUI,061,15,906,1800,369
ANDONAEGUI,ANDONAEGUI,063,12,2250,5691,322
ANDORRA,ANDORRA,072,9,1348,7589,44
ANDRES ARGUIBEL,ANDRES ARGUIBEL,023,14,2809,2931,46
ANDRES BIANCHI,ANDRES BIANCHI,076,9,7404,7495,27
ANDRES FERREYRA,ANDRES FERREYRA,032,4,3506,3900,90
ANDRES FERREYRA,ANDRES FERREYRA,038,4,3914,4300,139
ANDRES LAMAS,ANDRES LAMAS,057,7,702,1088,113
ANDRES LAMAS,ANDRES LAMAS,059,11,1108,2299,314
ANDRES LAMAS,ANDRES LAMAS,059,15,2308,2399,18
ANDRES LAMAS,ANDRES LAMAS,069,15,2407,2700,70
ANGACO,ANGACO,036,5,4041,4287,63
ANGEL GALLARDO,AV. ANGEL GALLARDO,017,5,2,70,29
ANGEL GALLARDO,AV. ANGEL GALLARDO,045,6,74,1100,168
ANGEL GALLARDO,AV. ANGEL GALLARDO,047,15,3,1093,212
ANGEL JUSTINIANO CARRANZA,ANGEL JUSTINIANO CARRANZA,033,14,1314,1497,77
ANGEL JUSTINIANO CARRANZA,ANGEL JUSTINIANO CARRANZA,033,15,905,1293,107
ANGEL JUSTINIANO CARRANZA,ANGEL JUSTINIANO CARRANZA,035,14,1505,2400,307
ANGEL M GIMENEZ,ANGEL M. GIMENEZ,040,6,30,100,8
ANIBAL PEDRO ARBELETCHE,ANIBAL PEDRO ARBELETCHE,038,4,804,1194,102
ANIBAL PEDRO ARBELETCHE,ANIBAL PEDRO ARBELETCHE,046,4,1507,1647,31
ANIBAL PONCE,ANIBAL PONCE,026,4,1611,1695,28
ANIBAL TROILO,ANIBAL TROILO,017,5,903,9658,68
ANKARA,ANKARA,062,9,5415,5496,15
ANSELMO SAENZ VALIENTE,ANSELMO SAENZ VALIENTE,095,10,19,171,20
ANSELMO SAENZ VALIENTE,ANSELMO SAENZ VALIENTE,095,9,12,154,28
ANTARTIDA ARGENTINA,AV. ANTARTIDA ARGENTINA,003,1,1385,1475,2
ANTARTIDA ARGENTINA,AV. ANTARTIDA ARGENTINA,097,1,555,1409,4
ANTEQUERA,ANTEQUERA,016,1,1701,1794,27
ANTEZANA,ANTEZANA,047,15,12,595,165
ANTOFAGASTA,ANTOFAGASTA,062,9,5206,5290,18
ANTONINO M FERRARI,ANTONINO M. FERRARI,040,6,136,1100,61
ANTONINO M FERRARI,ANTONINO M. FERRARI,042,6,1109,1198,40
ANTONIO BERMUDEZ,ANTONIO BERMUDEZ,054,9,1404,1491,48
ANTONIO L ZOLEZZI,ANTONIO L. ZOLEZZI,006,4,6,299,50
ANTONIO MACHADO,ANTONIO MACHADO,045,6,24,699,83
APULE,APULE,032,4,1614,1686,23
AQUINO,AQUINO,066,8,4490,5498,221
AQUINO,AQUINO,080,8,5505,6495,207
ARAOZ,ARAOZ,019,14,859,2496,335
ARAOZ,ARAOZ,021,14,2515,2989,176
ARAOZ,ARAOZ,031,14,1109,4499,77
ARAOZ,ARAOZ,031,15,254,1099,300
ARAOZ,ARAOZ,047,15,8,330,124
ARAUJO,ARAUJO,060,10,5,753,249
ARAUJO,ARAUJO,060,9,785,991,79
ARAUJO,ARAUJO,062,9,1006,2398,432
ARAUJO,ARAUJO,064,8,2401,2980,232
ARAUJO,ARAUJO,066,8,3201,4392,115
ARCAMENDIA,ARCAMENDIA,018,4,664,793,42
ARCE,ARCE,023,14,215,1000,226
ARCOS,ARCOS,023,13,1401,1800,85
ARCOS,ARCOS,023,14,1102,1399,46
ARCOS,ARCOS,025,13,1803,2499,249
ARCOS,ARCOS,027,13,2508,3599,293
ARCOS,ARCOS,029,13,3631,4899,305
ARENALES,ARENALES,003,1,707,1199,156
ARENALES,ARENALES,007,1,1201,1394,115
ARENALES,ARENALES,007,2,1401,1798,168
ARENALES,ARENALES,011,2,1195,2498,311
ARENALES,ARENALES,015,14,3359,3396,5
ARENALES,ARENALES,015,2,2515,3300,253
ARENALES,ARENALES,021,14,3401,3898,153
ARENGREEN,ARENGREEN,045,6,605,1000,136
ARENGREEN,ARENGREEN,057,6,1001,1600,222
AREVALO,AREVALO,023,14,3,3072,107
AREVALO,AREVALO,033,14,1308,6000,89
AREVALO,AREVALO,035,14,1502,5600,270
ARGANARAS,ARGAÑARAS,031,15,2,99,35
ARGELIA,ARGELIA,043,12,2709,2787,22
ARGENTINA,AV. ARGENTINA,066,8,5036,5499,109
ARGENTINA,AV. ARGENTINA,078,8,5702,7000,177
ARGENTINA,AV. ARGENTINA,080,8,5541,5698,39
ARGERICH,ARGERICH,065,7,13,1095,317
ARGERICH,ARGERICH,067,11,1106,3002,380
ARGERICH,ARGERICH,069,11,2312,3001,290
ARGERICH,ARGERICH,071,11,3008,3398,162
ARGERICH,ARGERICH,071,15,3001,4091,157
ARGERICH,ARGERICH,073,12,4105,7578,175
ARGERICH,ARGERICH,075,12,4904,5885,250
ARIAS,ARIAS,029,13,1620,4505,127
ARIAS,ARIAS,043,12,2410,3890,290
ARIAS,ARIAS,055,12,462,4992,202
ARIEL,ARIEL,067,11,2511,2590,32
ARISMENDI,ARISMENDI,061,15,2402,2994,215
ARISTOBULO DEL VALLE,ARISTOBULO DEL VALLE,006,4,0,923,233
ARISTOBULO DEL VALLE,ARISTOBULO DEL VALLE,008,4,1001,1697,203
ARISTOBULO DEL VALLE,ARISTOBULO DEL VALLE,016,4,174,2082,90
ARIZONA,ARIZONA,051,12,4702,4784,20
ARMENIA,ARMENIA,019,14,1409,2493,353
ARMENIA,ARMENIA,031,14,1230,1398,56
ARNALDO D ESPOSITO,ARNALDO D'ESPOSITO,006,4,144,220,3
AROMA,AROMA,044,7,2306,2394,23
AROMO,AROMO,055,12,4804,4896,18
ARQUIMEDES,ARQUIMEDES,038,4,2115,2494,114
ARREGUI,ARREGUI,069,11,2161,3198,458
ARREGUI,ARREGUI,069,15,2110,2200,11
ARREGUI,ARREGUI,081,10,2300,4497,198
ARREGUI,ARREGUI,081,11,3206,3900,249
ARREGUI,ARREGUI,087,10,4504,5299,240
ARREGUI,ARREGUI,093,10,5302,6900,330
ARREGUI,AV. ARREGUI,093,10,5901,9398,156
ARRIBENOS,ARRIBEÑOS,023,13,1420,1794,64
ARRIBENOS,ARRIBEÑOS,023,14,1209,1399,41
ARRIBENOS,ARRIBEÑOS,025,13,2101,2490,157
ARRIBENOS,ARRIBEÑOS,027,13,2511,3599,276
ARRIBENOS,ARRIBEÑOS,029,13,3608,3799,51
ARRIOLA,ARRIOLA,024,4,9,297,93
ARROTEA,ARROTEA,048,7,618,2693,127
ARROYO,ARROYO,003,1,804,1347,192
ARTILLEROS,ARTILLEROS,025,13,1810,2484,170
ARTURO ANTONIO DRESCO,ARTURO ANTONIO DRESCO,023,14,2546,2574,6
ARTURO BERUTI,ARTURO BERUTI,034,4,4218,4590,86
ARTURO CAPDEVILA,ARTURO CAPDEVILA,007,2,1616,1696,25
ARTURO JAURETCHE,ARTURO JAURETCHE,045,6,1,296,143
ARTURO TOSCANINI,ARTURO TOSCANINI,005,1,1112,1192,18
ARZOBISPO ESPINOSA,ARZOBISPO ESPINOSA,006,4,55,595,30
ARZOBISPO ESPINOSA,ARZOBISPO ESPINOSA,008,4,1001,1597,152
ASAMBLEA,ASAMBLEA,044,7,1454,2397,169
ASAMBLEA,AV. ASAMBLEA,038,7,336,696,75
ASAMBLEA,AV. ASAMBLEA,040,7,2,999,396
ASAMBLEA,AV. ASAMBLEA,044,7,702,1692,209
ASCASUBI,ASCASUBI,026,4,3180,3398,48
ASIA,ASIA,044,7,1414,1499,26
ASTURIAS,AV. ASTURIAS,056,9,2518,2630,16
ASTURIAS,AV. ASTURIAS,064,9,2503,2595,13
ASUNCION,ASUNCION,061,15,2105,2399,104
ASUNCION,ASUNCION,071,15,2409,3437,235
ASUNCION,ASUNCION,083,11,3155,4400,304
ASUNCION,ASUNCION,083,15,3208,3281,18
ASUNCION,ASUNCION,089,11,4401,5296,389
ASUNCION,ASUNCION,093,10,5302,5390,31
ATACALCO,ATACALCO,019,14,1703,1783,15
ATAHUALPA,ATAHUALPA,085,10,909,4522,161
ATENAS,ATENAS,061,15,2802,2996,70
ATHOS PALMA,ATHOS PALMA,055,12,3804,38387,52
ATUEL,ATUEL,032,4,217,6350,154
ATUEL,ATUEL,034,4,824,1093,43
AUSTRALIA,AUSTRALIA,010,4,1081,1081,5
AUSTRALIA,AUSTRALIA,026,4,3142,3142,1
AUSTRALIA,AV. AUSTRALIA,018,4,2314,2997,140
AUSTRALIA,AV. AUSTRALIA,026,4,3046,3196,27
AUSTRIA,AUSTRIA,015,2,266,2690,287
AUTOPISTA,AUTOPISTA,077,10,5018,5018,2
AUTOPISTA PRESIDENTE HECTOR J CAMPORA AU7,AUTOPISTA PRESIDENTE HECTOR J. CAMPORA (AU7),058,8,3980,3980,1
AVALLE,AVALLE,032,5,2207,2295,24
AVALOS,AVALOS,049,15,108,577,162
AVALOS,AVALOS,051,12,1810,2198,173
AVALOS,AVALOS,061,15,706,4802,348
AVELINO DIAZ,AVELINO DIAZ,038,7,301,4654,240
AVELINO DIAZ,AVELINO DIAZ,044,7,1002,8082,513
AVELLANEDA,AV. AVELLANEDA,057,6,1205,1791,148
AVELLANEDA,AV. AVELLANEDA,057,7,1817,1996,56
AVELLANEDA,AV. AVELLANEDA,065,7,2001,3842,505
AVELLANEDA,AV. AVELLANEDA,077,10,3201,4199,383
AVELLANEDA,AVELLANEDA,045,6,9,1099,431
AVELLANEDA,AVELLANEDA,057,6,1103,1175,28
AVELLANEDA,AVELLANEDA,077,10,4201,4600,119
AYACUCHO,AYACUCHO,009,3,5,780,304
AYACUCHO,AYACUCHO,011,2,810,2194,556
AYOLAS,AYOLAS,006,4,402,483,30
AYUI,AYUI,093,10,6801,6996,45
AZARA,AZARA,008,4,2,1117,161
AZARA,AZARA,010,4,506,1785,209
AZCUENAGA,AZCUENAGA,009,3,3,797,433
AZCUENAGA,AZCUENAGA,011,2,808,2338,403
AZOPARDO,AZOPARDO,002,1,350,793,48
AZOPARDO,AZOPARDO,004,1,816,1393,82
AZOPARDO,AZOPARDO,006,1,1422,1494,15
AZOPARDO,AZOPARDO,006,4,1504,1585,9
AZUL,AZUL,054,10,7,494,128
AZUL,AZUL,054,9,516,998,180
BACACAY,AV. BACACAY,091,10,5701,5839,32
BACACAY,BACACAY,045,6,609,1025,57
BACACAY,BACACAY,057,6,1621,1699,11
BACACAY,BACACAY,057,7,1702,1900,82
BACACAY,BACACAY,065,7,1901,3199,402
BACACAY,BACACAY,077,10,2882,7678,643
BACACAY,BACACAY,095,10,5201,5689,173
BACON,BACON,083,11,4806,5495,128
BAEZ,BAEZ,023,14,1,796,200
BAHIA,BAHIA,093,10,1710,1794,30
BAHIA BLANCA,BAHIA BLANCA,077,10,6,780,206
BAHIA BLANCA,BAHIA BLANCA,079,10,7,2092,456
BAHIA BLANCA,BAHIA BLANCA,081,10,2105,2600,231
BAHIA BLANCA,BAHIA BLANCA,081,11,2601,4086,253
BAHIA BLANCA,BAHIA BLANCA,083,11,3407,5172,306
BAIGORRI,BAIGORRI,016,4,7,191,22
BAIGORRIA,BAIGORRIA,069,11,2304,3199,289
BAIGORRIA,BAIGORRIA,081,10,2226,4498,115
BAIGORRIA,BAIGORRIA,081,11,3205,4493,325
BAIGORRIA,BAIGORRIA,087,10,2198,5294,184
BAIGORRIA,BAIGORRIA,087,11,4503,5299,183
BAIGORRIA,BAIGORRIA,093,10,5307,5797,122
BALBASTRO,BALBASTRO,038,7,402,1707,239
BALBASTRO,BALBASTRO,044,7,1104,2599,476
BALBASTRO,BALBASTRO,050,7,2680,3399,178
BALBASTRO,BALBASTRO,064,8,5050,5486,102
BALBASTRO,BALBASTRO,078,8,5507,6165,155
BALBOA,BALBOA,049,15,181,596,118
BALCARCE,BALCARCE,002,1,22,795,193
BALCARCE,BALCARCE,004,1,854,1389,144
BALCARCE,BALCARCE,008,1,1405,1495,15
BALDOMERO FERNANDEZ MORENO,BALDOMERO FERNANDEZ MORENO,042,7,798,5145,260
BALDOMERO FERNANDEZ MORENO,BALDOMERO FERNANDEZ MORENO,048,7,999,3400,488
BALDOMERO FERNANDEZ MORENO,BALDOMERO FERNANDEZ MORENO,054,9,3401,3891,191
BALLIVIAN,BALLIVIAN,049,15,2104,2395,122
BALLIVIAN,BALLIVIAN,061,15,2503,3391,242
BALTASAR DE UNQUERA,BALTASAR DE UNQUERA,085,10,1910,1988,19
BARADERO,BARADERO,054,10,5,497,163
BARADERO,BARADERO,054,9,520,600,11
BARAGANA,BARAGAÑA,075,12,2312,2398,6
BARCALA,BARCALA,030,3,3001,3099,21
BARCELONA,BARCELONA,052,8,2806,2894,22
BARILOCHE,BARILOCHE,026,4,3003,3161,45
BARRAGAN,BARRAGAN,093,10,504,7014,189
BARRAGAN,BARRAGAN,093,9,410,498,27
BARRAGAN,BARRAGAN,095,9,155,395,56
BARRIENTOS,BARRIENTOS,011,2,1516,1600,32
BARTOLOME HIDALGO,BARTOLOME HIDALGO,073,12,3010,3120,30
BARTOLOME MITRE,BARTOLOME MITRE,001,1,202,899,145
BARTOLOME MITRE,BARTOLOME MITRE,005,1,901,1790,368
BARTOLOME MITRE,BARTOLOME MITRE,009,3,1801,2799,466
BARTOLOME MITRE,BARTOLOME MITRE,013,3,3002,3399,95
BARTOLOME MITRE,BARTOLOME MITRE,013,5,3401,3700,100
BARTOLOME MITRE,BARTOLOME MITRE,017,5,3701,4500,335
BARZANA,BARZANA,051,12,1808,2199,164
BARZANA,BARZANA,061,15,1007,3099,313
BASAVILBASO,BASAVILBASO,003,1,1210,1398,30
BASILIO CITTADINI,BASILIO CITTADINI,069,11,2316,2393,14
BASILIO HALL,BASILIO HALL,061,15,4008,4095,19
BASILIO HALL,BASILIO HALL,073,12,4104,4198,20
BASUALDO,BASUALDO,060,10,9,6017,249
BASUALDO,BASUALDO,060,9,701,885,50
BASUALDO,BASUALDO,062,9,249,2298,510
BASUALDO,BASUALDO,064,8,2049,2875,206
BASUALDO,BASUALDO,066,8,3105,3295,59
BATALLA DEL PARI,BATALLA DEL PARI,047,15,420,795,111
BATALLA DEL PARI,BATALLA DEL PARI,059,15,807,1131,78
BATHURST,BATHURST,032,5,3302,3400,33
BAUNESS,BAUNESS,049,15,106,295,70
BAUNESS,BAUNESS,051,12,1801,2399,226
BAUNESS,BAUNESS,061,15,41,2799,375
BAUNESS,BAUNESS,063,12,2410,2996,115
BAZURCO,BAZURCO,075,12,2202,3197,304
BAZURCO,BAZURCO,083,11,3304,3698,131
BAZURCO,BAZURCO,083,12,3203,3299,40
BEADE,BEADE,045,6,554,592,8
BEATO FEDERICO OZANAM,BEATO FEDERICO OZANAM,066,8,5221,5381,20
BEAUCHEF,BEAUCHEF,038,7,1411,2099,261
BEAUCHEF,BEAUCHEF,040,6,210,897,246
BEAUCHEF,BEAUCHEF,040,7,907,1397,178
BEAZLEY,BEAZLEY,034,4,3410,3997,214
BEETHOVEN,BEETHOVEN,063,12,3409,3596,85
BEHRING,BEHRING,061,15,2501,2699,92
BELEN,BELEN,077,10,22,798,186
BELFAST,BELFAST,087,10,2611,2697,27
BELFAST,BELFAST,087,11,2712,2788,27
BELGICA,BELGICA,069,11,2312,2396,34
BELGRADO,BELGRADO,061,15,3006,3200,38
BELGRANO,AV. BELGRANO,002,1,10,899,246
BELGRANO,AV. BELGRANO,012,1,901,1800,357
BELGRANO,AV. BELGRANO,020,3,1802,2796,494
BELGRANO,AV. BELGRANO,028,3,2802,29766,263
BELGRANO,AV. BELGRANO,028,5,3301,3600,165
BELGRANO,AV. BELGRANO,036,5,3601,3800,103
BELGRANO,BELGRANO,036,5,3801,4299,201
BELISARIO ROLDAN,AV. BELISARIO ROLDAN,021,14,4440,4950,6
BELL VILLE,BELL VILLE,040,7,1201,1295,50
BELLA VISTA,BELLA VISTA,059,15,1110,1191,22
BENITO JUAREZ,BENITO JUAREZ,085,10,1708,2195,152
BENITO JUAREZ,BENITO JUAREZ,087,10,2205,2700,204
BENITO JUAREZ,BENITO JUAREZ,087,11,2270,3487,225
BENITO JUAREZ,BENITO JUAREZ,089,11,2655,4695,227
BENITO PEREZ GALDOS,AV. BENITO PEREZ GALDOS,006,4,1,394,117
BENITO QUINQUELA MARTIN,BENITO QUINQUELA MARTIN,010,4,702,1694,206
BENITO QUINQUELA MARTIN,BENITO QUINQUELA MARTIN,018,4,1515,3132,171
BENJAMIN J LAVAISSE,BENJAMIN J. LAVAISSE,083,11,3869,3899,7
BENJAMIN VILLAFANE,BENJAMIN VILLAFAÑE,047,15,2111,2199,19
BERGANTIN GENERAL BELGRANO,BERGANTIN GENERAL BELGRANO,082,8,5934,6097,30
BERGANTIN GOLETA ESPORA,BERGANTIN GOLETA ESPORA,078,8,6610,6670,11
BERGATIN GENERAL BALCARCE,BERGATIN GENERAL BALCARCE,082,8,5937,6096,19
BERLIN,BERLIN,061,15,2915,4490,122
BERMEJO,BERMEJO,072,9,131,6997,42
BERMUDEZ,BERMUDEZ,077,10,3,694,170
BERMUDEZ,BERMUDEZ,085,10,169,1898,414
BERMUDEZ,BERMUDEZ,087,10,1904,4998,239
BERMUDEZ,BERMUDEZ,087,11,2402,5000,242
BERMUDEZ,BERMUDEZ,089,11,3206,5775,145
BERNA,BERNA,061,15,2209,2449,67
BERNAL,BERNAL,045,6,611,696,33
BERNALDES,BERNALDES,085,10,1106,1992,276
BERNARDO DE IRIGOYEN,BERNARDO DE IRIGOYEN,008,1,1502,1696,48
BERNARDO DE IRIGOYEN,BERNARDO DE IRIGOYEN,012,1,10,800,172
BERNARDO DE IRIGOYEN,BERNARDO DE IRIGOYEN,014,1,816,1494,185
BERNARDO DE LEON,BERNARDO DE LEON,069,11,2302,2700,105
BERON DE ASTRADA,BERON DE ASTRADA,046,4,1811,2099,47
BERON DE ASTRADA,BERON DE ASTRADA,046,8,227,3486,136
BERON DE ASTRADA,BERON DE ASTRADA,052,8,271,3289,72
BERON DE ASTRADA,BERON DE ASTRADA,082,8,5511,6895,114
BERON DE ASTRADA,BERON DE ASTRADA,084,8,6150,9594,104
BERTHELOT,BERTHELOT,063,12,3302,3598,99
BERTRES,BERTRES,040,6,310,597,128
BERUTI,BERUTI,011,2,1266,2496,42
BERUTI,BERUTI,015,14,3340,3395,12
BERUTI,BERUTI,015,2,2502,3300,234
BERUTI,BERUTI,021,14,3402,4682,226
BESARES,BESARES,029,13,1609,2399,213
BESARES,BESARES,043,12,2410,4199,323
BESARES,BESARES,055,12,3917,4792,168
BETHLEM,BETHLEM,004,1,419,451,10
BEYROUTH,BEYROUTH,085,10,4901,4993,39
BIALET MASSE,BIALET MASSE,048,7,505,695,47
BIARRITZ,BIARRITZ,061,15,1809,1898,22
BIARRITZ,BIARRITZ,069,11,2202,2797,211
BIARRITZ,BIARRITZ,069,15,1907,2196,103
BILLINGHURST,BILLINGHURST,013,5,7,3485,413
BILLINGHURST,BILLINGHURST,015,14,2504,2598,59
BILLINGHURST,BILLINGHURST,015,2,1002,2500,530
BLANCO ENCALADA,BLANCO ENCALADA,025,13,809,2396,350
BLANCO ENCALADA,BLANCO ENCALADA,039,13,2406,3690,375
BLANCO ENCALADA,BLANCO ENCALADA,051,12,394,6965,630
BLANDENGUES,BLANDENGUES,026,4,1201,1299,20
BOEDO,AV. BOEDO,028,5,312,688,104
BOEDO,AV. BOEDO,030,5,704,1498,206
BOEDO,AV. BOEDO,032,5,1508,2086,137
BOEDO,AV. BOEDO,036,5,167,1495,340
BOEDO,AV. BOEDO,038,5,1505,2087,154
BOEDO,BOEDO,028,5,10,292,64
BOEDO,BOEDO,036,5,9,299,80
BOGADO,BOGADO,017,5,4401,4593,68
BOGOTA,BOGOTA,045,6,3,1000,308
BOGOTA,BOGOTA,057,6,1552,1795,58
BOGOTA,BOGOTA,057,7,1810,2000,67
BOGOTA,BOGOTA,065,7,281,3200,410
BOGOTA,BOGOTA,077,10,296,4496,431
BOLANOS,BOLAÑOS,054,10,8,324,119
BOLIVAR,BOLIVAR,002,1,104,800,299
BOLIVAR,BOLIVAR,004,1,808,1398,246
BOLIVAR,BOLIVAR,008,1,1407,1600,80
BOLIVAR,BOLIVAR,008,4,1610,1894,112
BOLLINI,BOLLINI,015,2,2127,2294,50
BOLONIA,BOLONIA,091,10,5300,5491,55
BOMBAY,BOMBAY,087,10,2211,2289,26
BONPLAND,BONPLAND,033,14,1307,1496,75
BONPLAND,BONPLAND,033,15,703,1293,175
BONPLAND,BONPLAND,035,14,1375,2492,356
BOQUERON,BOQUERON,072,9,6729,7295,178
BORDE RIACHUELO,BORDE RIACHUELO,018,4,2695,2695,1
BOSTON,BOSTON,087,10,2608,2688,31
BOSTON,BOSTON,087,11,2708,2792,18
BOUCHARD,BOUCHARD,001,1,151,760,58
BOULEVAR AZUCENA VILLAFLOR,BOULEVAR AZUCENA VILLAFLOR,098,1,21,679,35
BOULEVAR CECILIA GRIERSON,BOULEVAR CECILIA GRIERSON,097,1,51,424,7
BOULEVAR MACACHA GUEMES,BOULEVAR MACACHA GÜEMES,097,1,150,446,12
BOULEVAR MACACHA GUEMES,BOULEVAR MACACHA GÜEMES,098,1,351,525,4
BOULEVAR ROSARIO VERA PENALOZA,BOULEVAR ROSARIO VERA PEÑALOZA,098,1,22,636,26
BOULEVARD OLIMPICO JOSE B ZUBIAUR,BOULEVARD OLÍMPICO JOSÉ B. ZUBIAUR,068,8,4180,4556,58
BOULOGNE SUR MER,BOULOGNE SUR MER,013,3,50,999,360
BOYACA,AV. BOYACA,057,7,7,595,121
BOYACA,AV. BOYACA,065,7,14,600,126
BOYACA,BOYACA,057,7,501,1061,102
BOYACA,BOYACA,059,11,1099,2285,171
BOYACA,BOYACA,065,7,620,1100,104
BOYACA,BOYACA,067,11,1104,2300,206
BRAGADO,BRAGADO,054,9,4576,4700,37
BRAGADO,BRAGADO,062,9,4706,5798,364
BRAGADO,BRAGADO,076,9,5806,7493,452
BRANDSEN,BRANDSEN,006,4,2,1107,309
BRANDSEN,BRANDSEN,010,4,923,1700,197
BRANDSEN,BRANDSEN,016,4,1701,2799,54
BRANDSEN,BRANDSEN,018,4,1702,2810,100
BRASIL,AV. BRASIL,006,1,29,187,34
BRASIL,AV. BRASIL,006,4,16,166,13
BRASIL,AV. BRASIL,008,1,251,399,22
BRASIL,AV. BRASIL,024,4,1801,26710,370
BRASIL,AV. BRASIL,032,4,3001,3300,156
BRASIL,BRASIL,008,1,401,1000,230
BRASIL,BRASIL,016,1,1146,1850,281
BRAVARD,BRAVARD,047,15,1105,1194,41
BRUIX,AV. BRUIX,054,9,3702,4515,98
BRUIX,AV. BRUIX,062,9,4506,4897,163
BRUIX,BRUIX,054,9,3510,3696,49
BRUSELAS,BRUSELAS,093,10,504,1663,370
BUCARELLI,BUCARELLI,051,12,1801,2399,215
BUCARELLI,BUCARELLI,061,15,500,1790,339
BUCARELLI,BUCARELLI,063,12,2410,22464,333
BUCAREST,BUCAREST,061,15,1301,1498,69
BUDAPEST,BUDAPEST,061,15,1405,1496,31
BUERAS,BUERAS,095,9,102,394,76
BULGARIA,BULGARIA,073,12,4215,4391,39
BULNES,BULNES,013,5,5,1183,180
BULNES,BULNES,015,14,1207,3399,199
BULNES,BULNES,017,5,6,1156,177
BULNES,BULNES,019,14,1204,3401,174
BULNES,BULNES,021,14,2014,4042,126
BURELA,BURELA,051,12,1810,2398,210
BURELA,BURELA,055,12,3606,3695,61
BURELA,BURELA,061,15,1207,12341,189
BURELA,BURELA,063,12,2409,3596,373
BURGOS,BURGOS,040,6,907,910,3
BUTTELER,BUTTELER,038,7,1,96,44
BYNON,BYNON,095,9,6510,6996,185
BYRON,BYRON,060,10,12,452,44
CAAGUAZU,CAAGUAZU,060,9,5701,5895,60
CAAGUAZU,CAAGUAZU,072,9,709,7685,514
CABALLITO,CABALLITO,044,7,1415,1496,25
CABELLO,CABELLO,015,14,3008,3090,28
CABELLO,CABELLO,021,14,3102,4000,244
CABILDO,AV. CABILDO,023,13,1333,1799,80
CABILDO,AV. CABILDO,023,14,15,1295,191
CABILDO,AV. CABILDO,025,13,1801,2499,199
CABILDO,AV. CABILDO,027,13,2501,3699,261
CABILDO,AV. CABILDO,029,13,3701,7283,266
CABILDO,AV. CABILDO,035,13,402,800,99
CABILDO,AV. CABILDO,035,14,4,400,96
CABILDO,AV. CABILDO,037,13,804,1800,276
CABILDO,AV. CABILDO,039,13,1802,2500,194
CABILDO,AV. CABILDO,041,13,2502,3700,273
CABILDO,AV. CABILDO,043,12,3702,5000,192
CABO 1O JULIO OMAR BENITEZ,CABO 1º JULIO OMAR BENITEZ,064,8,4212,4324,11
CABO 2O JORGE EDUARDO LOPEZ,CABO 2º JORGE EDUARDO LOPEZ,064,8,2868,2884,5
CABOT,CABOT,030,5,1602,1699,30
CABOT,CABOT,032,5,1706,1800,36
CABOTO,CABOTO,006,4,147,1429,231
CACHEUTA,CACHEUTA,079,10,908,994,37
CACHI,CACHI,032,4,18,389,98
CACHI,CACHI,034,4,405,1328,228
CACHIMAYO,CACHIMAYO,040,6,7,597,179
CACHIMAYO,CACHIMAYO,040,7,709,1291,162
CACHIMAYO,CACHIMAYO,044,7,1309,3118,199
CACIQUE,CACIQUE,046,4,2501,2695,66
CADIZ,CADIZ,061,15,3701,4296,202
CAFAYATE,AV. CAFAYATE,082,8,4760,4760,1
CAFAYATE,CAFAYATE,072,9,610,6502,96
CAFAYATE,CAFAYATE,074,9,1002,7086,255
CAFAYATE,CAFAYATE,076,9,1708,2000,100
CAFAYATE,CAFAYATE,080,8,4046,4597,126
CAFAYATE,CAFAYATE,082,8,4607,469634700,74
CAGLIARI,CAGLIARI,054,9,1408,1436,7
CAJARAVILLA,CAJARAVILLA,054,10,4108,14415,259
CAJARAVILLA,CAJARAVILLA,060,10,4701,5199,174
CALABRIA,CALABRIA,098,1,75,75,1
CALCENA,CALCENA,057,7,159,593,114
CALDAS,CALDAS,047,15,5,396,72
CALDAS,CALDAS,049,15,602,1990,232
CALDEN,CALDEN,093,10,809,997,45
CALFUCURA,CALFUCURA,067,11,2708,2895,59
CALIFORNIA,CALIFORNIA,010,4,67,1700,312
CALIFORNIA,CALIFORNIA,018,4,9,2897,384
CALIFORNIA,CALIFORNIA,026,4,3023,3334,59
CALINGASTA,CALINGASTA,079,11,1583,1891,26
CALLAO,AV. CALLAO,005,1,3,1800,180
CALLAO,AV. CALLAO,007,2,829,2093,280
CALLAO,AV. CALLAO,009,3,10,796,150
CALLAO,AV. CALLAO,011,2,820,2094,277
CALLE A CEDER,CALLE A CEDER,050,8,3206,3296,21
CALLE A CEDER,CALLE A CEDER,056,8,3701,3865,3
CALLE A CEDER SIN NOMBRE OFICIAL,CALLE A CEDER SIN NOMBRE OFICIAL,019,14,1867,1867,1
CALLE A CEDER SIN NOMBRE OFICIAL,CALLE A CEDER SIN NOMBRE OFICIAL,026,4,703,3390,12
CALLE A CEDER SIN NOMBRE OFICIAL,CALLE A CEDER SIN NOMBRE OFICIAL,066,8,3912,5111,107
CALLE A CEDER SIN NOMBRE OFICIAL,CALLE A CEDER SIN NOMBRE OFICIAL,068,8,4114,4681,70
CALLE A CEDER SIN NOMBRE OFICIAL,CALLE A CEDER SIN NOMBRE OFICIAL,084,8,6352,6752,5
CALLE DE SERVICIO AV GENERAL PAZ,CALLE DE SERVICIO AV. GENERAL PAZ,080,8,15404,15494,21
CALLE SIN NOMBRE OFICIAL,CALLE SIN NOMBRE OFICIAL,003,1,10,2895,237
CALLE SIN NOMBRE OFICIAL,CALLE SIN NOMBRE OFICIAL,015,1,1333,2693,5
CALLE SIN NOMBRE OFICIAL,CALLE SIN NOMBRE OFICIAL,015,2,1340,2427,13
CALLE SIN NOMBRE OFICIAL,CALLE SIN NOMBRE OFICIAL,019,14,1725,5361,19
CALLE SIN NOMBRE OFICIAL,CALLE SIN NOMBRE OFICIAL,026,4,602,3785,204
CALLE SIN NOMBRE OFICIAL,CALLE SIN NOMBRE OFICIAL,027,13,955,1278,31
CALLE SIN NOMBRE OFICIAL,CALLE SIN NOMBRE OFICIAL,029,13,501,625,2
CALLE SIN NOMBRE OFICIAL,CALLE SIN NOMBRE OFICIAL,034,4,1806,3880,35
CALLE SIN NOMBRE OFICIAL,CALLE SIN NOMBRE OFICIAL,038,4,2731,2838,5
CALLE SIN NOMBRE OFICIAL,CALLE SIN NOMBRE OFICIAL,044,7,2311,2388,9
CALLE SIN NOMBRE OFICIAL,CALLE SIN NOMBRE OFICIAL,049,15,4108,4200,25
CALLE SIN NOMBRE OFICIAL,CALLE SIN NOMBRE OFICIAL,056,8,2249,3987,49
CALLE SIN NOMBRE OFICIAL,CALLE SIN NOMBRE OFICIAL,058,8,3407,3852,21
CALLE SIN NOMBRE OFICIAL,CALLE SIN NOMBRE OFICIAL,066,8,4362,5002,2
CALLE SIN NOMBRE OFICIAL,CALLE SIN NOMBRE OFICIAL,068,8,4311,4568,9
CALLE SIN NOMBRE OFICIAL,CALLE SIN NOMBRE OFICIAL,078,8,6650,6880,3
CALLE SIN NOMBRE OFICIAL,CALLE SIN NOMBRE OFICIAL,082,8,4761,6097,83
CALLE SIN NOMBRE OFICIAL,CALLE SIN NOMBRE OFICIAL,098,1,1055,1749,15
CALLE SIN NOMBRE OFICIAL A CEDER,CALLE SIN NOMBRE OFICIAL A CEDER,015,1,2227,2475,13
CALLE SIN NOMBRE OFICIAL A CEDER,CALLE SIN NOMBRE OFICIAL A CEDER,015,2,2204,2354,12
CALLE SIN NOMBRE OFICIAL A CEDER,CALLE SIN NOMBRE OFICIAL A CEDER,044,7,1819,2595,102
CALLE SIN NOMBRE OFICIAL A CEDER,CALLE SIN NOMBRE OFICIAL A CEDER,052,8,2946,3050,3
CALLE SIN NOMBRE OFICIAL A CEDER,CALLE SIN NOMBRE OFICIAL A CEDER,056,8,3954,3974,2
CALLE SIN NOMBRE OFICIAL ORD 44873 91,CALLE SIN NOMBRE OFICIAL (ORD 44873/91),026,4,3620,3696,5
CALLE SIN NOMBRE OFICIAL ORD 44873 91,CALLE SIN NOMBRE OFICIAL (ORD. 44873/91),056,8,2605,2879,25
CALLE SIN NOMBRE OFICIAL ORD NO 44873 91,CALLE SIN NOMBRE OFICIAL (Ord. Nº 44873/91),034,4,1030,3896,56
CALLE SIN NOMBRE OFICIAL PROYECTADA SEGUN LEY 1768 05,CALLE SIN NOMBRE OFICIAL PROYECTADA SEGUN LEY 1768/05,066,8,4184,4262,2
CALLE SIN NOMBRE OFIICLA,CALLE SIN NOMBRE OFIICLA,003,1,853,853,1
CAMACUA,CAMACUA,048,7,11,991,322
CAMARGO,CAMARGO,047,15,10,1292,352
CAMARONES,CAMARONES,059,11,1412,2100,301
CAMARONES,CAMARONES,067,11,2100,3200,447
CAMARONES,CAMARONES,079,10,3802,4391,202
CAMARONES,CAMARONES,079,11,1591,3799,218
CAMARONES,CAMARONES,085,10,4409,5198,331
CAMARONES,CAMARONES,091,10,3782,5887,198
CAMOATI,CAMOATI,095,10,5505,5594,24
CAMPANA,CAMPANA,077,10,8,899,290
CAMPANA,CAMPANA,079,11,1101,14278,397
CAMPANA,CAMPANA,081,11,2110,3498,447
CAMPANA,CAMPANA,083,11,3315,5700,323
CAMPANA,CAMPANA,083,12,4101,5695,219
CAMPANA,CAMPANA,083,15,4001,4093,7
CAMPICHUELO,CAMPICHUELO,045,6,5,696,251
CAMPILLO,CAMPILLO,061,15,2409,3194,177
CAMPOS SALLES,CAMPOS SALLES,027,13,1521,3351,174
CANADA,CANADA,087,10,4803,5000,52
CANADA DE GOMEZ,CAÑADA DE GOMEZ,072,9,702,6902,172
CANADA DE GOMEZ,CAÑADA DE GOMEZ,074,9,1102,1887,288
CANADA DE GOMEZ,CAÑADA DE GOMEZ,076,9,1920,2997,307
CANADA DE GOMEZ,CAÑADA DE GOMEZ,078,8,3706,3852,20
CANADA DE GOMEZ,CAÑADA DE GOMEZ,080,8,4011,4699,232
CANADA DE GOMEZ,CAÑADA DE GOMEZ,082,8,4702,5500,355
CANADA DE GOMEZ,CAÑADA DE GOMEZ,084,8,5502,5691,30
CANDELARIA,CANDELARIA,054,10,7,296,103
CANDIDO LOPEZ,CANDIDO LOPEZ,078,8,5908,5991,29
CANGALLO,CANGALLO,045,6,4,106,39
CANGAYE,CANGAYE,093,10,807,1198,89
CANONIGO MIGUEL CALIXTO DEL CORRO,AV. CANONIGO MIGUEL CALIXTO DEL CORRO,077,10,5,697,213
CANUELAS,CAÑUELAS,047,15,212,292,20
CAPDEVILA,CAPDEVILA,063,12,2707,3600,321
CAPERUCITA,CAPERUCITA,044,7,1107,1199,40
CAPITAN DOMINGO ALEJO MILLAN,CAPITAN DOMINGO ALEJO MILLAN,030,3,3106,3185,20
CAPITAN GENERAL RAMON FREIRE,CAPITAN GENERAL RAMON FREIRE,035,13,145,700,107
CAPITAN GENERAL RAMON FREIRE,CAPITAN GENERAL RAMON FREIRE,037,13,711,1791,464
CAPITAN GENERAL RAMON FREIRE,CAPITAN GENERAL RAMON FREIRE,039,13,1802,2496,200
CAPITAN GENERAL RAMON FREIRE,CAPITAN GENERAL RAMON FREIRE,041,12,2506,3591,317
CAPITAN GENERAL RAMON FREIRE,CAPITAN GENERAL RAMON FREIRE,043,12,3608,4889,270
CAPITAN SAMUEL SPIRO,CAPITAN SAMUEL SPIRO,060,9,5611,5999,97
CARABELAS,CARABELAS,005,1,205,348,58
CARABOBO,AV. CARABOBO,042,7,8,1000,187
CARABOBO,AV. CARABOBO,044,7,1003,2099,246
CARABOBO,AV. CARABOBO,048,7,11,1918,217
CARACAS,CARACAS,061,15,3228,4096,142
CARACAS,CARACAS,065,7,10,2312,347
CARACAS,CARACAS,067,11,1210,2296,371
CARACAS,CARACAS,069,11,2314,24002,175
CARACAS,CARACAS,073,12,2300,4897,240
CARACAS,CARACAS,075,12,4914,5590,193
CARANDAY,CARANDAY,093,10,702,990,104
CARAPACHAY,CARAPACHAY,079,10,1312,1592,70
CARBAJAL,CARBAJAL,037,13,3226,3294,22
CARBAJAL,CARBAJAL,049,15,3580,4295,162
CARDOSO,CARDOSO,077,10,6,399,131
CARHUE,CARHUE,072,9,7,1297,473
CARHUE,CARHUE,074,9,1214,1996,278
CARHUE,CARHUE,076,9,2001,6994,425
CARHUE,CARHUE,078,8,3304,3585,36
CARICANCHA,CARICANCHA,040,7,1106,1300,59
CARLOS ANTONIO LOPEZ,CARLOS ANTONIO LOPEZ,073,12,2106,3197,370
CARLOS ANTONIO LOPEZ,CARLOS ANTONIO LOPEZ,083,11,3309,4391,447
CARLOS ANTONIO LOPEZ,CARLOS ANTONIO LOPEZ,083,12,3201,3299,48
CARLOS BERG,CARLOS BERG,046,8,2453,3642,240
CARLOS CALVO,AV. CARLOS CALVO,036,5,3801,42482,277
CARLOS CALVO,CARLOS CALVO,004,1,1,895,277
CARLOS CALVO,CARLOS CALVO,014,1,909,1800,352
CARLOS CALVO,CARLOS CALVO,022,3,1802,2699,341
CARLOS CALVO,CARLOS CALVO,030,3,2701,3300,188
CARLOS CALVO,CARLOS CALVO,030,5,3305,3600,112
CARLOS CALVO,CARLOS CALVO,036,5,3601,3800,138
CARLOS CARRANZA,CARLOS CARRANZA,085,10,4805,4993,76
CARLOS CHAGAS,CARLOS CHAGAS,087,10,2606,2690,28
CARLOS CHAGAS,CARLOS CHAGAS,087,11,2709,2797,20
CARLOS E PELLEGRINI,CARLOS E. PELLEGRINI,055,12,5608,6094,129
CARLOS E ZUBERBUHLER,CARLOS E. ZUBERBUHLER,037,13,1707,1850,15
CARLOS ENCINA,CARLOS ENCINA,072,9,510,799,99
CARLOS ENRIQUE DIAZ SAENZ VALIENTE,CARLOS ENRIQUE DÍAZ SÁENZ VALIENTE,068,8,4436,4591,12
CARLOS F MELO,CARLOS F. MELO,010,4,7,897,137
CARLOS GARDEL,CARLOS GARDEL,013,3,3101,3200,45
CARLOS H PERETTE,CARLOS H. PERETTE,003,1,650,683,2
CARLOS JAVIER BENIELLI,CARLOS JAVIER BENIELLI,074,9,7068,7096,5
CARLOS LOPEZ BUCHARDO,CARLOS LOPEZ BUCHARDO,055,12,2620,5695,68
CARLOS MARIA DELLA PAOLERA,CARLOS MARIA DELLA PAOLERA,003,1,208,299,9
CARLOS MARIA RAMIREZ,CARLOS MARIA RAMIREZ,038,4,807,1295,69
CARLOS MARIA RAMIREZ,CARLOS MARIA RAMIREZ,046,4,1411,2091,167
CARLOS MARIA RAMIREZ,CARLOS MARIA RAMIREZ,046,8,2121,2592,99
CARLOS MARIA RAMIREZ,CARLOS MARIA RAMIREZ,052,8,2606,2700,24
CARLOS MOLINA ARROTEA,CARLOS MOLINA ARROTEA,075,12,2808,2897,27
CARLOS MOREL,CARLOS MOREL,054,9,4104,4192,37
CARLOS ORTIZ,CARLOS ORTIZ,044,7,1003,1298,131
CARLOS ORTIZ,CARLOS ORTIZ,048,7,518,2335,98
CARLOS PELLEGRINI,CARLOS PELLEGRINI,003,1,811,1594,151
CARLOS PELLEGRINI,CARLOS PELLEGRINI,005,1,27,787,150
CARLOS SANTIAGO NINO,CARLOS SANTIAGO NINO,072,9,510,596,21
CARLOS SPEGAZZINI,CARLOS SPEGAZZINI,036,5,406,599,79
CARLOS VEGA BELGRANO,CARLOS VEGA BELGRANO,062,9,1107,1195,25
CAROLA LORENZINI,CAROLA LORENZINI,098,1,340,343,2
CAROLINA MUZILLI,CAROLINA MUZILLI,060,9,951,5998,143
CAROYA,CAROYA,062,9,2101,2296,68
CARRASCO,CARRASCO,077,10,9,700,241
CARRASCO,CARRASCO,085,10,711,998,96
CASACUBERTA,CASACUBERTA,032,4,3114,3199,20
CASAFOUST,CASAFOUST,047,15,506,786,70
CASCO,CASCO,095,9,101,372,80
CASEROS,AV. CASEROS,008,1,417,999,71
CASEROS,AV. CASEROS,008,4,402,1000,90
CASEROS,AV. CASEROS,016,1,1309,1983,117
CASEROS,AV. CASEROS,016,4,6,2000,78
CASEROS,AV. CASEROS,024,4,218,3000,497
CASEROS,AV. CASEROS,032,4,3001,3590,179
CASEROS,AV. CASEROS,032,5,3301,3599,71
CASEROS,AV. CASEROS,038,4,1718,4200,136
CASEROS,AV. CASEROS,038,5,3601,4199,145
CASEROS,AV. CASEROS,038,7,699,699,1
CASTANARES,AV. CASTAÑARES,038,7,1002,1098,39
CASTANARES,AV. CASTAÑARES,044,7,1110,2589,322
CASTANARES,AV. CASTAÑARES,050,8,3222,3292,3
CASTANARES,AV. CASTAÑARES,056,8,3320,3650,7
CASTANARES,AV. CASTAÑARES,064,8,4213,5485,50
CASTANARES,AV. CASTAÑARES,066,8,4504,5500,84
CASTANARES,AV. CASTAÑARES,078,8,3900,6347,79
CASTANARES,AV. CASTAÑARES,080,8,5502,6910,125
CASTANEDA,CASTAÑEDA,025,13,1803,2099,30
CASTANON,CASTAÑON,048,7,710,1121,162
CASTANON,CASTAÑON,050,7,1206,1499,112
CASTANON,CASTAÑON,050,8,2606,2683,10
CASTANON,CASTAÑON,052,8,2804,6201,211
CASTELLI,CASTELLI,009,3,4,395,195
CASTEX,CASTEX,021,14,3101,3671,133
CASTILLO,CASTILLO,031,15,2,1199,371
CASTILLO,CASTILLO,033,15,1201,1799,127
CASTRO,CASTRO,036,5,511,1599,404
CASTRO,CASTRO,038,5,1606,19245,220
CASTRO BARROS,AV. CASTRO BARROS,036,5,5,543,180
CASTRO BARROS,CASTRO BARROS,036,5,502,1595,442
CASTRO BARROS,CASTRO BARROS,038,5,1607,2298,196
CATAMARCA,CATAMARCA,024,4,1612,2296,189
CATAMARCA,CATAMARCA,028,3,1,796,237
CATAMARCA,CATAMARCA,030,3,808,2802,324
CATANIA,CATANIA,060,10,5404,5596,41
CATANIA,CATANIA,060,9,5603,5685,21
CATRIEL,CATRIEL,063,12,3510,3593,34
CATULO CASTILLO,CATULO CASTILLO,024,4,2001,2999,275
CATULO CASTILLO,CATULO CASTILLO,032,4,3002,3300,122
CAVIA,CAVIA,021,14,2915,3345,42
CAYASTA,CAYASTA,026,4,3201,3396,82
CAYETANO A SILVA,CAYETANO A. SILVA,072,9,1206,1285,26
CAZADORES,CAZADORES,025,13,1824,22151,123
CENTENARIO,CENTENARIO,045,6,108,190,40
CERETTI,CERETTI,051,12,1802,2396,226
CERETTI,CERETTI,061,15,1492,1799,72
CERETTI,CERETTI,063,12,2410,3599,366
CERRILLOS,CERRILLOS,029,13,1907,1999,21
CERRITO,CERRITO,003,1,814,1592,139
CERRITO,CERRITO,005,1,4,798,148
CERVANTES,CERVANTES,077,10,5,696,129
CERVANTES,CERVANTES,085,10,710,1896,406
CERVANTES,CERVANTES,087,10,1905,2394,176
CERVANTES,CERVANTES,087,11,5,3200,242
CERVANTES,CERVANTES,089,11,3215,3890,134
CERVINO,AV. CERVIÑO,021,14,3702,4747,174
CERVINO,AV. CERVIÑO,023,14,4820,4951,6
CERVINO,CERVIÑO,015,14,3122,3188,9
CERVINO,CERVIÑO,021,14,3101,3696,118
CESAR H BACLE,CESAR H. BACLE,054,10,3808,3897,40
CESPEDES,CESPEDES,023,14,2237,2387,46
CESPEDES,CESPEDES,037,13,2401,3496,293
CESPEDES,CESPEDES,037,15,3504,3786,89
CESPEDES,CESPEDES,049,15,3821,4073,55
CHACABUCO,CHACABUCO,002,1,12,798,287
CHACABUCO,CHACABUCO,004,1,804,1398,224
CHACABUCO,CHACABUCO,008,1,1406,1591,56
CHACO,CHACO,040,6,12,250,90
CHAJARI,CHAJARI,055,12,4304,4694,81
CHAMICAL,CHAMICAL,062,9,5002,5144,20
CHARCAS,CHARCAS,007,2,1649,1651,2
CHARCAS,CHARCAS,015,14,3301,3399,31
CHARCAS,CHARCAS,015,2,2501,3300,291
CHARCAS,CHARCAS,019,14,3405,7779,388
CHARCAS,CHARCAS,035,14,4901,5295,147
CHARLONE,CHARLONE,033,15,2,600,217
CHARLONE,CHARLONE,037,15,606,999,151
CHARLONE,CHARLONE,049,15,1110,2199,330
CHARRUA,CHARRUA,044,7,2253,2253,1
CHARRUA,CHARRUA,046,4,1989,3737,204
CHASCOMUS,CHASCOMUS,054,9,4270,4600,122
CHASCOMUS,CHASCOMUS,062,9,4602,5796,353
CHASCOMUS,CHASCOMUS,076,9,5802,6100,82
CHECOSLOVAQUIA,CHECOSLOVAQUIA,054,10,4307,4492,90
CHICLANA,AV. CHICLANA,024,4,2920,3000,44
CHICLANA,AV. CHICLANA,030,3,2803,2923,69
CHICLANA,AV. CHICLANA,032,4,3001,30062,172
CHICLANA,AV. CHICLANA,032,5,3301,3699,185
CHICLANA,AV. CHICLANA,038,4,3892,4300,188
CHICLANA,AV. CHICLANA,038,5,3701,3899,101
CHICOANA,CHICOANA,076,9,2024,2087,5
CHILE,AV. CHILE,002,1,11,394,64
CHILE,CHILE,002,1,401,899,192
CHILE,CHILE,012,1,901,1796,361
CHILE,CHILE,020,3,1804,25610,269
CHILE,CHILE,028,3,2905,3000,33
CHILECITO,CHILECITO,077,10,3727,3785,13
CHIMBORAZO,CHIMBORAZO,067,11,214,2292,46
CHINA,CHINA,049,15,4002,8075,39
CHIRIGUANOS,CHIRIGUANOS,087,10,4505,4589,24
CHIRIMAY,CHIRIMAY,042,6,6,195,38
CHIVILCOY,AV. CHIVILCOY,081,11,2701,4000,142
CHIVILCOY,AV. CHIVILCOY,083,11,3301,5099,353
CHIVILCOY,CHIVILCOY,077,10,9,794,207
CHIVILCOY,CHIVILCOY,079,10,824,1999,355
CHIVILCOY,CHIVILCOY,081,10,2005,2497,205
CHIVILCOY,CHIVILCOY,081,11,2506,2998,150
CHONINO,CHONINO,021,14,3504,3598,6
CHORROARIN,AV. CHORROARIN,049,15,902,1500,265
CHORROARIN,AV. CHORROARIN,061,15,134,7115,118
CHORROARIN,CHORROARIN,061,15,5,348,42
CHORROARIN,CHORROARIN,069,11,2,6,2
CHUBUT,CHUBUT,026,4,1203,1393,49
CHUBUT A CEDER,CHUBUT A CEDER,026,4,1105,1196,27
CHUMBICHA,CHUMBICHA,087,11,3204,3293,29
CIPOLLETTI,CIPOLLETTI,048,7,506,589,28
CISNE,CISNE,055,12,4011,4099,26
CIUDAD DE LA PAZ,CIUDAD DE LA PAZ,035,13,407,693,104
CIUDAD DE LA PAZ,CIUDAD DE LA PAZ,035,14,1,394,117
CIUDAD DE LA PAZ,CIUDAD DE LA PAZ,037,13,92,2502,338
CIUDAD DE LA PAZ,CIUDAD DE LA PAZ,039,13,1801,9193,241
CIUDAD DE LA PAZ,CIUDAD DE LA PAZ,041,13,2504,3584,343
CIUDAD DE LA PAZ,CIUDAD DE LA PAZ,043,12,3602,3900,75
CIUDAD DE SABADELL,CIUDAD DE SABADELL,016,4,308,390,18
CIUDADELA,CIUDADELA,016,1,1180,1297,45
CLAY,CLAY,023,14,2032,3088,59
CLEMENTE DIEZ DE MEDINA,CLEMENTE DIEZ DE MEDINA,044,7,1304,1492,81
CNEL CARLOS TOMAS SOURIGUES,CNEL. CARLOS TOMAS SOURIGUES,027,13,2500,2699,42
CNEL D APOLINARIO FIGUEROA,CNEL. D. APOLINARIO FIGUEROA,047,15,1,1151,179
CNEL D APOLINARIO FIGUEROA,CNEL. D. APOLINARIO FIGUEROA,047,6,715,789,18
CNEL D APOLINARIO FIGUEROA,CNEL. D. APOLINARIO FIGUEROA,059,11,1201,2091,138
CNEL D APOLINARIO FIGUEROA,CNEL. D. APOLINARIO FIGUEROA,059,6,802,1495,215
CNEL JOSE OLEGARIO GORDILLO,CNEL. JOSE OLEGARIO GORDILLO,093,10,2010,2192,40
CNEL LUIS JORGE FONTANA,CNEL. LUIS JORGE FONTANA,081,11,4405,4496,45
CNEL NICOLAS GRANADA,CNEL. NICOLAS GRANADA,072,9,722,7248,83
CNEL RAMON L FALCON,AV. CNEL. RAMON L. FALCON,060,10,5408,5890,129
CNEL RAMON L FALCON,AV. CNEL. RAMON L. FALCON,060,9,5904,5991,36
CNEL RAMON L FALCON,CNEL. RAMON L. FALCON,042,6,1301,1698,195
CNEL RAMON L FALCON,CNEL. RAMON L. FALCON,042,7,1720,1899,77
CNEL RAMON L FALCON,CNEL. RAMON L. FALCON,048,7,58,25162524,620
CNEL RAMON L FALCON,CNEL. RAMON L. FALCON,054,10,3212,7480,552
CNEL RAMON L FALCON,CNEL. RAMON L. FALCON,060,10,4709,5395,222
CNEL RAMON L FALCON,CNEL. RAMON L. FALCON,060,9,6001,9389,125
CNEL RAMON L FALCON,CNEL. RAMON L. FALCON,072,9,6354,7300,368
CNEL RAMON LISTA,CNEL. RAMON LISTA,087,11,5002,5299,113
CNEL RAMON LISTA,CNEL. RAMON LISTA,093,10,2801,5948,168
COBO,AV. COBO,038,4,518,1198,141
COBO,AV. COBO,038,7,507,1199,137
COBO,AV. COBO,044,7,1201,1899,282
COCHABAMBA,COCHABAMBA,004,1,12,894,229
COCHABAMBA,COCHABAMBA,014,1,904,1800,288
COCHABAMBA,COCHABAMBA,022,3,1241,2594,286
COCHABAMBA,COCHABAMBA,030,3,2601,3299,184
COCHABAMBA,COCHABAMBA,030,5,3301,3595,103
COCHABAMBA,COCHABAMBA,036,5,3601,4400,328
COCHICO,COCHICO,093,10,6,896,70
COCHRANE,COCHRANE,075,12,2285,3196,297
COCHRANE,COCHRANE,083,11,3305,3486,65
COCHRANE,COCHRANE,083,12,3205,3297,39
COLIGUE,COLIGÜE,093,10,2696,2997,46
COLIQUEO,COLIQUEO,087,10,2006,5268,61
COLIQUEO,COLIQUEO,087,11,2210,2297,25
COLOMBRES,COLOMBRES,036,5,2,97677,614
COLOMBRES,COLOMBRES,038,5,1507,1797,105
COLONIA,COLONIA,024,4,8,500,176
COLPAYO,COLPAYO,045,6,10,895,211
COLUMBIA,COLUMBIA,087,10,2373,4994,31
COMANDANTE CELEDONIO ESCALADA,COMANDANTE CELEDONIO ESCALADA,066,8,5122,5500,33
COMANDANTE FRANCISCO CARBONARI,COMANDANTE FRANCISCO CARBONARI,010,4,1609,1996,34
COMBATE DE COSTA BRAVA,COMBATE DE COSTA BRAVA,003,1,51,51,1
COMBATE DE LOS POZOS,COMBATE DE LOS POZOS,020,3,23,796,264
COMBATE DE LOS POZOS,COMBATE DE LOS POZOS,022,3,805,4064,250
COMBATE DE LOS POZOS,COMBATE DE LOS POZOS,024,4,1608,2196,85
COMBATE DE SAN CARLOS,COMBATE DE SAN CARLOS,082,8,5390,5580,8
COMBATIENTES DE MALVINAS,AV. COMBATIENTES DE MALVINAS,049,15,3005,3600,151
COMBATIENTES DE MALVINAS,AV. COMBATIENTES DE MALVINAS,051,12,3601,3992,175
COMBATIENTES DE MALVINAS,AV. COMBATIENTES DE MALVINAS,061,15,3152,3702,54
COMISARIO JOAQUIN VALENTIN PEREZ,COMISARIO JOAQUIN VALENTIN PEREZ,058,8,3403,3493,59
COMODORO CEFERINO RAMIREZ,COMODORO CEFERINO RAMIREZ,082,8,5440,5688,17
COMODORO CLODOMIRO URTUBEY,COMODORO CLODOMIRO URTUBEY,039,13,2307,2395,30
COMODORO MARTIN RIVADAVIA,AV. COMODORO MARTIN RIVADAVIA,029,13,1150,2360,151
COMODORO PEDRO L ZANNI,COMODORO PEDRO L. ZANNI,003,1,221,351,3
COMODORO PY,AV. COMODORO PY,003,1,1805,2395,11
CONCEPCION ARENAL,CONCEPCION ARENAL,023,14,2320,2391,57
CONCEPCION ARENAL,CONCEPCION ARENAL,033,15,3402,6102,259
CONCEPCION ARENAL,CONCEPCION ARENAL,035,13,2852,3070,14
CONCEPCION ARENAL,CONCEPCION ARENAL,035,14,2410,2779,99
CONCEPCION ARENAL,CONCEPCION ARENAL,047,15,481,4886,210
CONCORDIA,CONCORDIA,077,10,5,885,285
CONCORDIA,CONCORDIA,079,11,908,25010,451
CONCORDIA,CONCORDIA,081,11,2104,33714,469
CONCORDIA,CONCORDIA,083,11,1922,45438,514
CONDARCO,CONDARCO,065,7,3,1093,268
CONDARCO,CONDARCO,067,11,1106,2195,377
CONDARCO,CONDARCO,069,11,2205,24008,260
CONDARCO,CONDARCO,071,11,2700,3220,92
CONDARCO,CONDARCO,071,15,3511,4099,137
CONDARCO,CONDARCO,073,12,1761,4895,214
CONDARCO,CONDARCO,075,12,2701,5895,260
CONDE,CONDE,033,13,210,700,62
CONDE,CONDE,035,13,221,699,53
CONDE,CONDE,037,13,701,1797,428
CONDE,CONDE,039,13,1802,2490,160
CONDE,CONDE,041,12,2509,30331,316
CONDE,CONDE,043,12,3605,4900,232
CONDOR,CONDOR,046,4,1404,2091,179
CONDOR,CONDOR,046,8,2140,2599,124
CONDOR,CONDOR,052,8,2531,2988,117
CONESA,CONESA,035,13,12,691,80
CONESA,CONESA,037,13,702,1497,272
CONESA,CONESA,039,13,1803,2292,128
CONESA,CONESA,041,13,2517,3597,313
CONESA,CONESA,043,12,3607,4898,300
CONGRESO,AV. CONGRESO,041,12,3101,3800,231
CONGRESO,AV. CONGRESO,041,13,2414,3098,249
CONGRESO,AV. CONGRESO,053,12,3801,44449,296
CONGRESO,AV. CONGRESO,063,12,5002,6000,350
CONGRESO,CONGRESO,027,13,1508,2399,286
CONSCRIPTO BERNARDI,CONSCRIPTO BERNARDI,077,10,601,691,23
CONSTANCIO C VIGIL,CONSTANCIO C. VIGIL,072,9,515,591,20
CONSTANTINO GAITO,CONSTANTINO GAITO,055,12,6006,6095,71
CONSTANTINOPLA,CONSTANTINOPLA,061,15,3007,33961,109
CONSTITUCION,CONSTITUCION,014,1,1063,1800,285
CONSTITUCION,CONSTITUCION,022,3,1820,2592,337
CONSTITUCION,CONSTITUCION,030,3,2602,3299,282
CONSTITUCION,CONSTITUCION,030,5,3301,3599,126
CONSTITUCION,CONSTITUCION,036,5,3602,33624,313
CONTRALMIRANTE MARTIN GUERRICO,CONTRALMIRANTE MARTIN GUERRICO,082,8,5215,5733,36
CONVENCION,CONVENCION,035,14,1907,1994,38
COOPERACION,COOPERACION,024,4,2501,2599,31
COPAHUE,COPAHUE,018,4,2001,2090,19
COPENHAGUE,COPENHAGUE,061,15,1508,1599,20
COPERNICO,COPERNICO,015,2,2305,2398,52
CORDOBA,AV. CORDOBA,001,1,120,896,117
CORDOBA,AV. CORDOBA,003,1,111,1147,139
CORDOBA,AV. CORDOBA,005,1,902,1800,159
CORDOBA,AV. CORDOBA,007,1,1215,1399,39
CORDOBA,AV. CORDOBA,007,2,1401,1799,97
CORDOBA,AV. CORDOBA,009,3,1802,2600,155
CORDOBA,AV. CORDOBA,011,2,810,2581,122
CORDOBA,AV. CORDOBA,013,3,2602,3940,133
CORDOBA,AV. CORDOBA,013,5,3250,3600,82
CORDOBA,AV. CORDOBA,015,14,3501,3599,22
CORDOBA,AV. CORDOBA,015,2,2601,3499,198
CORDOBA,AV. CORDOBA,017,5,3602,3942,49
CORDOBA,AV. CORDOBA,019,14,3601,3999,107
CORDOBA,AV. CORDOBA,031,14,1045,5399,319
CORDOBA,AV. CORDOBA,031,15,2,5388,336
CORDOBA,AV. CORDOBA,033,14,5401,5999,129
CORDOBA,AV. CORDOBA,033,15,5410,6588,262
CORDOBA,CORDOBA,033,15,6301,6585,89
COREA,AV. COREA,044,7,1702,1794,10
CORONDA,CORONDA,040,6,102,193,22
CORONEL ANTONIO SUSINI,CORONEL ANTONIO SUSINI,047,15,2102,2395,61
CORONEL BENITO MEANA,CORONEL BENITO MEANA,018,4,1132,2800,21
CORONEL CABRER,CORONEL CABRER,019,14,4907,4986,17
CORONEL CARDENAS,AV. CORONEL CARDENAS,076,9,1906,2290,98
CORONEL CARDENAS,CORONEL CARDENAS,076,9,2207,6090,289
CORONEL DE MARINA TOMAS ESPORA,CORONEL DE MARINA TOMAS ESPORA,006,4,550,610,2
CORONEL DIAZ,AV. CORONEL DIAZ,015,14,1406,2695,151
CORONEL DIAZ,AV. CORONEL DIAZ,015,2,1405,2497,202
CORONEL DIAZ,AV. CORONEL DIAZ,021,14,2222,2778,64
CORONEL DIAZ,CORONEL DIAZ,021,14,2809,2899,34
CORONEL ESTEBAN BONORINO,AV. CORONEL ESTEBAN BONORINO,044,7,1512,2280,43
CORONEL ESTEBAN BONORINO,CORONEL ESTEBAN BONORINO,044,7,1001,2252,199
CORONEL ESTEBAN BONORINO,CORONEL ESTEBAN BONORINO,046,4,2724,3632,119
CORONEL ESTEBAN BONORINO,CORONEL ESTEBAN BONORINO,046,8,2707,3633,101
CORONEL ESTEBAN BONORINO,CORONEL ESTEBAN BONORINO,048,7,10,995,352
CORONEL MANUEL JOSE OLASCOAGA,CORONEL MANUEL JOSE OLASCOAGA,082,8,5003,5027,7
CORONEL MARCELINO FREYRE,CORONEL MARCELINO FREYRE,021,14,3831,3831,1
CORONEL MARTINIANO CHILAVERT,CORONEL MARTINIANO CHILAVERT,038,4,1005,2500,202
CORONEL MARTINIANO CHILAVERT,CORONEL MARTINIANO CHILAVERT,044,7,1904,1958,9
CORONEL MARTINIANO CHILAVERT,CORONEL MARTINIANO CHILAVERT,046,4,1705,1899,94
CORONEL MARTINIANO CHILAVERT,CORONEL MARTINIANO CHILAVERT,050,8,2680,2896,33
CORONEL MARTINIANO CHILAVERT,CORONEL MARTINIANO CHILAVERT,052,8,2903,3370,128
CORONEL MARTINIANO CHILAVERT,CORONEL MARTINIANO CHILAVERT,058,8,3407,3491,22
CORONEL MARTINIANO CHILAVERT,CORONEL MARTINIANO CHILAVERT,066,8,5212,5495,66
CORONEL MARTINIANO CHILAVERT,CORONEL MARTINIANO CHILAVERT,082,8,4648,55448,526
CORONEL NICETO VEGA,AV. CORONEL NICETO VEGA,033,14,5412,6093,216
CORONEL NICETO VEGA,CORONEL NICETO VEGA,031,14,4601,5399,245
CORONEL PAGOLA,CORONEL PAGOLA,032,4,3601,3799,69
CORONEL PAGOLA,CORONEL PAGOLA,038,4,3020,4300,161
CORONEL PEDRO ANDRES GARCIA,CORONEL PEDRO ANDRES GARCIA,082,8,5602,5887,47
CORONEL RICO,CORONEL RICO,018,4,725,739,2
CORONEL ROCA,AV. CORONEL ROCA,058,8,3450,4031,10
CORONEL ROCA,AV. CORONEL ROCA,068,8,4447,5355,16
CORONEL ROCA,AV. CORONEL ROCA,082,8,5851,5851,1
CORONEL ROCA,AV. CORONEL ROCA,084,8,5700,6969,101
CORONEL ROCA,Av. CORONEL ROCA,068,8,4113,4375,12
CORONEL ROHDE,CORONEL ROHDE,081,11,3504,3550,10
CORONEL SALVADORES,CORONEL SALVADORES,010,4,601,1700,293
CORRALES,CORRALES,038,4,812,1490,79
CORRALES,CORRALES,046,4,50,3046,121
CORRALES,CORRALES,046,8,2223,2590,78
CORRALES,CORRALES,052,8,1396,3399,189
CORRALES,CORRALES,082,8,3490,6995,266
CORRALES VIEJOS,CORRALES VIEJOS,024,4,12,96,25
CORREA,CORREA,029,13,1604,4296,182
CORREA,CORREA,043,12,2131,3871,342
CORREA,CORREA,055,12,3830,4895,189
CORREGIDORES,CORREGIDORES,037,13,1501,1595,22
CORRIENTES,AV. CORRIENTES,001,1,11,900,261
CORRIENTES,AV. CORRIENTES,005,1,901,1799,379
CORRIENTES,AV. CORRIENTES,009,3,1802,2800,561
CORRIENTES,AV. CORRIENTES,013,3,2801,3553,279
CORRIENTES,AV. CORRIENTES,013,5,3401,5699,208
CORRIENTES,AV. CORRIENTES,017,5,3801,4700,520
CORRIENTES,AV. CORRIENTES,031,15,4701,5899,371
CORRIENTES,AV. CORRIENTES,033,15,641,6599,140
CORRIENTES,AV. CORRIENTES,047,15,4702,6200,297
CORRIENTES,AV. CORRIENTES,049,15,6615,6895,53
CORTINA,CORTINA,091,10,400,5701,215
CORTINA,CORTINA,093,10,218,2797,546
CORTINA,CORTINA,095,10,6,398,55
CORVALAN,CORVALAN,060,10,14,5596,265
CORVALAN,CORVALAN,060,9,725,5508,101
CORVALAN,CORVALAN,062,9,218,2399,448
CORVALAN,CORVALAN,064,8,2403,2990,235
CORVALAN,CORVALAN,066,8,3206,4392,156
CORVALAN A CEDER,CORVALAN A CEDER,066,8,4311,4332,4
COSQUIN,COSQUIN,072,9,5,7000,380
COSQUIN,COSQUIN,074,9,1203,6998,263
COSQUIN,COSQUIN,076,9,1905,3164,294
COSQUIN,COSQUIN,080,8,4015,4694,182
COSQUIN,COSQUIN,082,8,4701,7376,301
COSQUIN,COSQUIN,084,8,5502,5685,31
COSTA RICA,COSTA RICA,019,14,1711,5250,350
COSTA RICA,COSTA RICA,035,14,5407,6100,264
COSTANERA RAFAEL OBLIGADO,AV. COSTANERA RAFAEL OBLIGADO,015,14,1221,1221,1
COSTANERA RAFAEL OBLIGADO,AV. COSTANERA RAFAEL OBLIGADO,023,13,5995,6551,17
COSTANERA RAFAEL OBLIGADO,AV. COSTANERA RAFAEL OBLIGADO,023,14,1850,4650,2
COTAGAITA,COTAGAITA,032,4,1809,1895,18
COTOCOLLAO,COTOCOLLAO,062,9,1307,1392,23
CRAIG,CRAIG,040,6,611,797,52
CRAIG,CRAIG,040,7,805,995,54
CRAINQUEVILLE,CRAINQUEVILLE,067,11,2105,2291,40
CRAMER,AV. CRAMER,037,13,1701,1800,52
CRAMER,AV. CRAMER,039,13,1812,2500,242
CRAMER,AV. CRAMER,041,13,2502,3312,260
CRAMER,CRAMER,035,13,8,680,73
CRAMER,CRAMER,035,14,23,61,2
CRAMER,CRAMER,037,13,708,1700,187
CRAMER,CRAMER,041,13,3302,3600,99
CRAMER,CRAMER,043,12,3608,4855,352
CRANWELL,CRANWELL,048,7,8,2385,84
CRESPO,CRESPO,044,7,2007,2196,34
CRESPO,CRESPO,046,4,2706,3563,207
CRISOLOGO LARRALDE,CRISOLOGO LARRALDE,027,13,1502,2386,131
CRISOLOGO LARRALDE,CRISOLOGO LARRALDE,029,13,1515,2391,121
CRISOLOGO LARRALDE,CRISOLOGO LARRALDE,041,12,3104,3882,140
CRISOLOGO LARRALDE,CRISOLOGO LARRALDE,041,13,2420,3094,116
CRISOLOGO LARRALDE,CRISOLOGO LARRALDE,043,12,2151,3829,242
CRISOLOGO LARRALDE,CRISOLOGO LARRALDE,053,12,3170,5200,177
CRISOLOGO LARRALDE,CRISOLOGO LARRALDE,055,12,3937,6095,278
CRISOLOGO LARRALDE,CRISOLOGO LARRALDE,063,12,5202,6394,181
CRISOSTOMO ALVAREZ,CRISOSTOMO ALVAREZ,050,7,2625,3397,201
CRISOSTOMO ALVAREZ,CRISOSTOMO ALVAREZ,056,7,3415,3447,7
CRISOSTOMO ALVAREZ,CRISOSTOMO ALVAREZ,056,9,3706,3992,76
CRISOSTOMO ALVAREZ,CRISOSTOMO ALVAREZ,064,8,4515,5497,221
CRISOSTOMO ALVAREZ,CRISOSTOMO ALVAREZ,064,9,4375,4496,32
CRISOSTOMO ALVAREZ,CRISOSTOMO ALVAREZ,078,8,5506,6793,146
CRISTOBAL M HICKEN,CRISTOBAL M. HICKEN,064,8,2809,3187,133
CRUZ DEL EJE,CRUZ DEL EJE,061,15,2115,2190,40
CRUZ DEL SUD,CRUZ DEL SUD,018,4,2910,2991,33
CUBA,CUBA,023,13,1707,1797,22
CUBA,CUBA,025,13,1810,2500,230
CUBA,CUBA,027,13,2501,3599,347
CUBA,CUBA,029,13,3601,9796,239
CUCHA CUCHA,CUCHA CUCHA,057,6,611,1099,178
CUCHA CUCHA,CUCHA CUCHA,059,15,1465,7675,491
CUCHA CUCHA,CUCHA CUCHA,059,6,1105,1486,122
CUENCA,CUENCA,065,7,7,875,166
CUENCA,CUENCA,067,11,907,2193,223
CUENCA,CUENCA,069,11,2201,2795,146
CUENCA,CUENCA,071,11,2801,3691,211
CUENCA,CUENCA,071,15,3719,4097,37
CUENCA,CUENCA,073,12,4103,4899,114
CUENCA,CUENCA,075,12,4901,5781,105
CUENCA,CUENCA,077,10,8,866,195
CUENCA,CUENCA,079,11,116,2190,267
CUENCA,CUENCA,081,11,2214,3498,358
CUENCA,CUENCA,083,11,3514,3698,43
CUENCA,CUENCA,083,12,4108,5760,226
CUENCA,CUENCA,083,15,3768,4090,43
CULLEN,CULLEN,053,12,4806,4995,63
CULLEN,CULLEN,063,12,2599,5899,264
CULPINA,CULPINA,048,7,5,2800,377
CULPINA,CULPINA,050,7,1227,1497,89
CULPINA,CULPINA,052,8,3208,3749,152
CURA BROCHERO,CURA BROCHERO,064,8,5548,5595,18
CURAPALIGUE,AV. CURAPALIGÜE,042,7,1026,1150,12
CURAPALIGUE,AV. CURAPALIGÜE,044,7,1003,1800,194
CURAPALIGUE,CURAPALIGÜE,042,6,12,494,84
CURAPALIGUE,CURAPALIGÜE,042,7,9,988,203
CURAPALIGUE,CURAPALIGÜE,044,7,1806,1990,49
CURITYBA,CURITYBA,062,9,5110,5192,18
CURUPAYTI,CURUPAYTI,075,12,2903,3198,96
CURUPAYTI,CURUPAYTI,083,12,3228,3258,5
CURUZU CUATIA,CURUZU CUATIA,093,10,2415,2595,26
CUTER LUISITO,CUTER LUISITO,078,8,4106,4150,6
CUYO,CUYO,062,9,2205,2297,33
CUZCO,CUZCO,093,10,407,796,120
CUZCO,CUZCO,095,9,40,393,101
DAGUERRE,DAGUERRE,062,9,4809,4896,41
DAMASO LARRANAGA,DAMASO LARRAÑAGA,054,9,500,990,148
DANEL,DANEL,030,3,1405,1596,76
DANTE,DANTE,060,10,15,286,92
DARACT,AV. DARACT,038,4,2005,2295,121
DARDO ROCHA,DARDO ROCHA,015,14,2905,2989,28
DARREGUEYRA,DARREGUEYRA,019,14,2008,2489,135
DARWIN,DARWIN,019,14,1553,1649,2
DARWIN,DARWIN,031,14,1307,1495,28
DARWIN,DARWIN,031,15,609,1285,125
DARWIN,DARWIN,033,14,1316,1490,19
DARWIN,DARWIN,033,15,618,1236,81
DARWIN,DARWIN,035,14,1528,1682,10
DARWIN,DARWIN,047,15,6,597,221
DAVILA,DAVILA,042,7,611,1694,91
DAVILA,DAVILA,044,7,1008,1192,32
DE LA CARCOVA,DE LA CARCOVA,015,2,3502,3600,13
DE LA ECONOMIA,DE LA ECONOMIA,093,10,6002,6191,55
DE LA INDUSTRIA,DE LA INDUSTRIA,040,7,908,1095,51
DE LA MISERICORDIA,DE LA MISERICORDIA,062,9,5523,5567,3
DE LA TECNICA,DE LA TECNICA,063,12,5309,5591,75
DE LAS ARTES,DE LAS ARTES,040,7,908,1296,82
DE LAS CIENCIAS,DE LAS CIENCIAS,040,7,918,1193,65
DE LAS GARANTIAS,DE LAS GARANTIAS,040,7,905,1299,104
DE LOS CONSTITUYENTES,AV. DE LOS CONSTITUYENTES,051,12,4101,4899,137
DE LOS CONSTITUYENTES,AV. DE LOS CONSTITUYENTES,061,15,2710,4099,424
DE LOS CONSTITUYENTES,AV. DE LOS CONSTITUYENTES,063,12,4905,6291,250
DE LOS CONSTITUYENTES,AV. DE LOS CONSTITUYENTES,073,12,4120,4994,138
DE LOS CONSTITUYENTES,AV. DE LOS CONSTITUYENTES,075,12,4290,6282,189
DE LOS CORRALES,AV. DE LOS CORRALES,076,9,467,7499,533
DE LOS INCAS,AV. DE LOS INCAS,037,13,3012,3550,146
DE LOS INCAS,AV. DE LOS INCAS,049,15,3554,4499,374
DE LOS INCAS,AV. DE LOS INCAS,061,15,201,5499,499
DE LOS INMIGRANTES,AV. DE LOS INMIGRANTES,003,1,1905,2550,4
DE LOS ITALIANOS,AV. DE LOS ITALIANOS,097,1,365,651,5
DE LOS OMBUES,AV. DE LOS OMBUES,023,14,30,277,9
DE MAYO,AV. DE MAYO,002,1,501,900,157
DE MAYO,AV. DE MAYO,012,1,15,1500,262
DEAN FUNES,DEAN FUNES,024,4,1607,2906,259
DEAN FUNES,DEAN FUNES,028,3,330,794,172
DEAN FUNES,DEAN FUNES,030,3,806,1587,307
DEFENSA,DEFENSA,002,1,113,788,243
DEFENSA,DEFENSA,004,1,806,1397,286
DEFENSA,DEFENSA,008,1,1406,1652,65
DEFENSA,DEFENSA,008,4,1613,1809,51
DEHEZA,DEHEZA,029,13,1628,2392,183
DEHEZA,DEHEZA,043,12,2409,3700,281
DEHEZA,DEHEZA,055,12,4051,4999,199
DEKAY,DEKAY,038,4,4001,4297,86
DEL BANADO,DEL BAÑADO,038,4,2104,2554,171
DEL BARCO CENTENERA,AV. DEL BARCO CENTENERA,044,4,2301,2391,25
DEL BARCO CENTENERA,AV. DEL BARCO CENTENERA,046,4,1502,2699,67
DEL BARCO CENTENERA,DEL BARCO CENTENERA,038,4,2006,3484,265
DEL BARCO CENTENERA,DEL BARCO CENTENERA,038,7,999,1996,147
DEL BARCO CENTENERA,DEL BARCO CENTENERA,040,6,8,899,311
DEL BARCO CENTENERA,DEL BARCO CENTENERA,040,7,801,1295,244
DEL BARCO CENTENERA,DEL BARCO CENTENERA,044,7,1309,2299,196
DEL BARCO CENTENERA,DEL BARCO CENTENERA,046,4,2582,3600,246
DEL BUEN ORDEN,DEL BUEN ORDEN,040,7,909,1294,93
DEL CAMPO,AV. DEL CAMPO,049,15,1002,1653,130
DEL CAMPO,AV. DEL CAMPO,061,15,1402,1700,46
DEL CARMEN,DEL CARMEN,005,1,705,795,38
DEL COLEGIO,DEL COLEGIO,080,8,6305,6392,20
DEL COMERCIO,DEL COMERCIO,040,7,908,1284,96
DEL FOMENTISTA,AV. DEL FOMENTISTA,075,12,3004,3218,55
DEL FOMENTISTA,AV. DEL FOMENTISTA,083,12,3205,3269,42
DEL LIBERTADOR,AV. DEL LIBERTADOR,003,1,102,1139,93
DEL LIBERTADOR,AV. DEL LIBERTADOR,003,2,1079,1139,2
DEL LIBERTADOR,AV. DEL LIBERTADOR,007,1,714,800,17
DEL LIBERTADOR,AV. DEL LIBERTADOR,007,2,810,994,35
DEL LIBERTADOR,AV. DEL LIBERTADOR,011,2,1002,1248,49
DEL LIBERTADOR,AV. DEL LIBERTADOR,015,14,1850,2200,29
DEL LIBERTADOR,AV. DEL LIBERTADOR,015,2,1602,1800,18
DEL LIBERTADOR,AV. DEL LIBERTADOR,021,14,2201,3880,320
DEL LIBERTADOR,AV. DEL LIBERTADOR,023,13,1422,5693,95
DEL LIBERTADOR,AV. DEL LIBERTADOR,023,14,3901,5296,211
DEL LIBERTADOR,AV. DEL LIBERTADOR,025,13,5161,6393,272
DEL LIBERTADOR,AV. DEL LIBERTADOR,027,13,6401,7494,182
DEL LIBERTADOR,AV. DEL LIBERTADOR,029,13,4619,8700,191
DEL PALO SANTO,DEL PALO SANTO,080,8,4209,4288,14
DEL PARQUE,DEL PARQUE,047,15,1201,1297,36
DEL PROGRESO,DEL PROGRESO,040,7,106,1289,97
DEL SIGNO,DEL SIGNO,019,14,4006,4094,27
DEL TEMPLE,DEL TEMPLE,061,15,2504,2799,104
DEL TIGRE,DEL TIGRE,032,4,3801,3900,56
DEL TIGRE,DEL TIGRE,038,4,3912,4195,93
DELAMBRE,DELAMBRE,085,10,4406,4789,121
DELFIN GALLO,DELFIN GALLO,080,8,5714,5900,32
DELFO CABRERA,DELFO CABRERA,068,8,4450,4560,3
DELGADO,DELGADO,033,13,302,600,61
DELGADO,DELGADO,037,13,603,3575,327
DEMARIA,DEMARIA,021,14,4401,4850,82
DERQUI,AV. DERQUI,056,9,3710,4085,140
DERQUI,AV. DERQUI,064,9,4105,4493,37
DESAGUADERO,DESAGUADERO,087,10,2206,2691,129
DESAGUADERO,DESAGUADERO,087,11,2702,3499,111
DESAGUADERO,DESAGUADERO,089,11,3515,4417,187
DESEADO,DESEADO,087,11,5214,5295,22
DIAMANTE,DIAMANTE,087,11,2720,2792,20
DIAZ COLODRERO,DIAZ COLODRERO,051,12,2300,2399,35
DIAZ COLODRERO,DIAZ COLODRERO,053,12,2147,3595,215
DIAZ COLODRERO,DIAZ COLODRERO,063,12,2420,3598,210
DIAZ VELEZ,AV. DIAZ VELEZ,013,5,3301,3700,64
DIAZ VELEZ,AV. DIAZ VELEZ,017,5,3701,7780,393
DIAZ VELEZ,AV. DIAZ VELEZ,045,6,4501,5838,390
DIEGO DE OLAVARRIETA,DIEGO DE OLAVARRIETA,074,9,1407,7256,131
DIEGO DE ROJAS,DIEGO DE ROJAS,087,11,2308,5151,83
DIEGO FERNANDEZ ESPIRO,DIEGO FERNANDEZ ESPIRO,069,11,2313,2495,70
DINAMARCA,DINAMARCA,059,6,1110,1197,29
DIOGENES TABORDA,DIOGENES TABORDA,032,4,6,3510,140
DIOGENES TABORDA,DIOGENES TABORDA,034,4,811,3500,165
DIPUTADO NACIONAL OSVALDO ERNESTO BENEDETTI,DIPUTADO NACIONAL OSVALDO ERNESTO BENEDETTI,054,10,7,295,118
DIRECTORIO,AV. DIRECTORIO,040,6,1,1075,276
DIRECTORIO,AV. DIRECTORIO,040,7,2,1100,291
DIRECTORIO,AV. DIRECTORIO,042,6,1101,1699,128
DIRECTORIO,AV. DIRECTORIO,042,7,1110,1900,234
DIRECTORIO,AV. DIRECTORIO,048,7,1901,24982500,546
DIRECTORIO,AV. DIRECTORIO,054,10,3225,3699,113
DIRECTORIO,AV. DIRECTORIO,054,9,3202,4599,421
DIRECTORIO,AV. DIRECTORIO,062,9,4601,5799,530
DIRECTORIO,AV. DIRECTORIO,076,9,5804,6350,108
DIRECTORIO,DIRECTORIO,076,9,6514,7496,277
DOBLAS,DOBLAS,038,7,1018,2097,189
DOBLAS,DOBLAS,040,6,8,896,306
DOBLAS,DOBLAS,040,7,907,1384,155
DOCTOR ALEJANDRO POSADAS,DOCTOR ALEJANDRO POSADAS,087,11,2705,2882,28
DOCTOR ANTONIO BERMEJO,DOCTOR ANTONIO BERMEJO,080,8,6333,6333,1
DOCTOR BERNARDO VELEZ,DOCTOR BERNARDO VELEZ,037,13,1713,1977,19
DOCTOR EDUARDO JENNER,DOCTOR EDUARDO JENNER,018,4,10,97,23
DOCTOR EDUARDO JENNER,DOCTOR EDUARDO JENNER,022,3,1911,1911,2
DOCTOR ENRIQUE FINOCHIETTO,DOCTOR ENRIQUE FINOCHIETTO,008,4,411,898,137
DOCTOR ENRIQUE FINOCHIETTO,DOCTOR ENRIQUE FINOCHIETTO,016,4,920,2000,140
DOCTOR ENRIQUE FINOCHIETTO,DOCTOR ENRIQUE FINOCHIETTO,024,4,2002,2192,86
DOCTOR FLORENTINO AMEGHINO,DOCTOR FLORENTINO AMEGHINO,054,9,515,1790,328
DOCTOR FLORENTINO AMEGHINO,DOCTOR FLORENTINO AMEGHINO,056,9,1808,1916,50
DOCTOR FLORENTINO AMEGHINO,DOCTOR FLORENTINO AMEGHINO,064,9,2004,2194,36
DOCTOR JOSE MODESTO GIUFFRA,DOCTOR JOSE MODESTO GIUFFRA,004,1,201,399,50
DOCTOR JUAN MADERA,DOCTOR JUAN MADERA,026,4,1509,1696,66
DOCTOR NICOLAS REPETTO,DOCTOR NICOLAS REPETTO,045,6,4,697,195
DOCTOR NICOLAS REPETTO,DOCTOR NICOLAS REPETTO,047,15,1431,2203,126
DOCTOR NICOLAS REPETTO,DOCTOR NICOLAS REPETTO,047,6,1109,1385,38
DOCTOR NICOLAS REPETTO,DOCTOR NICOLAS REPETTO,057,6,802,1094,117
DOCTOR NICOLAS REPETTO,DOCTOR NICOLAS REPETTO,059,15,1498,2188,105
DOCTOR NICOLAS REPETTO,DOCTOR NICOLAS REPETTO,059,6,1104,1400,44
DOCTOR PEDRO LOPEZ ANAUT,DOCTOR PEDRO LOPEZ ANAUT,036,5,4001,40460,30
DOCTOR RAMON CARRILLO,DOCTOR RAMON CARRILLO,016,4,2,420,91
DOCTOR RAMON CARRILLO,DOCTOR RAMON CARRILLO,018,4,502,667,30
DOCTOR RICARDO BALBIN,AV. DOCTOR RICARDO BALBIN,039,13,2301,2493,82
DOCTOR RICARDO BALBIN,AV. DOCTOR RICARDO BALBIN,041,12,2516,33115,364
DOCTOR RICARDO BALBIN,AV. DOCTOR RICARDO BALBIN,041,13,2515,2599,12
DOCTOR RICARDO BALBIN,AV. DOCTOR RICARDO BALBIN,043,12,3605,3699,19
DOCTOR RICARDO BALBIN,AV. DOCTOR RICARDO BALBIN,055,12,3646,5041,422
DOCTOR TOMAS MANUEL DE ANCHORENA,DOCTOR TOMAS MANUEL DE ANCHORENA,013,3,2,3200,357
DOCTOR TOMAS MANUEL DE ANCHORENA,DOCTOR TOMAS MANUEL DE ANCHORENA,015,2,904,1900,340
DOLORES,DOLORES,054,10,9,485,169
DOLORES,DOLORES,054,9,506,799,81
DOMINGO ROMERO,DOMINGO ROMERO,025,13,1801,1900,325
DON ANSELMO AIETA,DON ANSELMO AIETA,004,1,1067,1095,9
DON BOSCO,DON BOSCO,028,5,3410,3690,87
DON BOSCO,DON BOSCO,036,5,3642,4200,174
DON CRISTOBAL,DON CRISTOBAL,077,10,4012,4100,26
DON PEDRO DE MENDOZA,AV. DON PEDRO DE MENDOZA,006,4,150,1899,255
DON PEDRO DE MENDOZA,AV. DON PEDRO DE MENDOZA,010,4,1901,3745,167
DON PEDRO DE MENDOZA,AV. DON PEDRO DE MENDOZA,018,4,3845,3945,18
DON SEGUNDO SOMBRA,DON SEGUNDO SOMBRA,050,7,1426,1897,79
DONADO,DONADO,049,15,804,2102,324
DONADO,DONADO,051,12,1802,2500,198
DONADO,DONADO,053,12,317,3592,219
DONADO,DONADO,055,12,3316,4836,152
DONIZETTI,DONIZETTI,060,10,5,597,237
DORREGO,AV. DORREGO,021,14,3721,3751,2
DORREGO,AV. DORREGO,023,14,2579,27898,79
DORREGO,AV. DORREGO,033,14,1505,1599,34
DORREGO,AV. DORREGO,033,15,811,4042,279
DORREGO,AV. DORREGO,047,15,2,795,230
DORREGO,DORREGO,033,14,1605,1699,35
DORREGO,DORREGO,035,13,1704,2100,64
DORREGO,DORREGO,035,14,1703,2531,172
DR ADOLFO DICKMAN,DR. ADOLFO DICKMAN,059,15,909,1496,208
DR ALEJANDRO KORN,DR. ALEJANDRO KORN,079,10,4107,4491,118
DR ANGEL H ROFFO,DR. ANGEL H. ROFFO,095,9,7005,7057,18
DR ANGEL ROBBIANI,DR. ANGEL ROBBIANI,072,9,411,689,49
DR BENJAMIN CANARD,DR. BENJAMIN CANARD,033,15,1101,1192,15
DR CARLOS A GIANANTONIO,DR. CARLOS A. GIANANTONIO,017,5,3905,4000,56
DR DAVID PENA,DR. DAVID PEÑA,079,10,1751,4391,71
DR DESIDERIO FERNANDO DAVEL,DR. DESIDERIO FERNANDO DAVEL,045,6,515,596,29
DR DOMINGO CABRED,DR. DOMINGO CABRED,034,4,4306,7375,140
DR EDUARDO BRAUN MENENDEZ,DR. EDUARDO BRAUN MENENDEZ,006,4,150,430,4
DR EDUARDO PITTALUGA,DR. EDUARDO PITTALUGA,034,4,4347,4389,4
DR ELEODORO DAMIANOVICH,DR. ELEODORO DAMIANOVICH,026,4,3307,3379,19
DR ELEODORO LOBOS,DR. ELEODORO LOBOS,045,6,185,791,197
DR EMILIO R CONI,DR. EMILIO R. CONI,026,4,3226,3270,12
DR EMILIO RAVIGNANI,DR. EMILIO RAVIGNANI,023,14,2401,2590,82
DR EMILIO RAVIGNANI,DR. EMILIO RAVIGNANI,033,14,1310,5902,93
DR EMILIO RAVIGNANI,DR. EMILIO RAVIGNANI,033,15,1106,1295,70
DR EMILIO RAVIGNANI,DR. EMILIO RAVIGNANI,035,14,1509,2395,265
DR ENRIQUE DEL VALLE IBERLUCEA,DR. ENRIQUE DEL VALLE IBERLUCEA,006,4,620,1282,158
DR ENZO BORDABEHERE,DR. ENZO BORDABEHERE,069,11,2313,2995,53
DR GREGORIO ARAOZ ALFARO,DR. GREGORIO ARAOZ ALFARO,045,6,201,634,92
DR GUILLERMO CORREA,DR. GUILLERMO CORREA,054,9,1550,7676,49
DR GUILLERMO CORREA,DR. GUILLERMO CORREA,062,9,4715,4733,10
DR HONORIO LEGUIZAMON,DR. HONORIO LEGUIZAMON,053,12,3704,3800,24
DR HONORIO PUEYRREDON,AV. DR. HONORIO PUEYRREDON,045,6,301,1100,401
DR HONORIO PUEYRREDON,AV. DR. HONORIO PUEYRREDON,047,15,1101,2199,361
DR HORACIO CASCO,DR. HORACIO CASCO,064,8,4501,5287,167
DR HORACIO CASCO,DR. HORACIO CASCO,064,9,4321,4494,32
DR JOAQUIN ZABALA,DR. JOAQUIN ZABALA,061,15,2515,2775,7
DR JOSE IGNACIO DE LA ROZA,DR. JOSÉ IGNACIO DE LA ROZA,064,8,5120,5992,68
DR JOSE IGNACIO DE LA ROZA,DR. JOSÉ IGNACIO DE LA ROZA,078,8,6001,7495,203
DR JOSE MARIA RAMOS MEJIA,AV. DR. JOSE MARIA RAMOS MEJIA,003,1,1302,1628,27
DR JUAN ANGEL GOLFARINI,DR. JUAN ANGEL GOLFARINI,025,13,2316,2390,12
DR JUAN FELIPE ARANGUREN,AV. DR. JUAN FELIPE ARANGUREN,077,10,3024,5075,345
DR JUAN FELIPE ARANGUREN,DR. JUAN FELIPE ARANGUREN,045,6,1,969,424
DR JUAN FELIPE ARANGUREN,DR. JUAN FELIPE ARANGUREN,057,6,488,1800,265
DR JUAN FELIPE ARANGUREN,DR. JUAN FELIPE ARANGUREN,057,7,1811,2000,96
DR JUAN FELIPE ARANGUREN,DR. JUAN FELIPE ARANGUREN,065,7,2002,3200,378
DR JUAN FELIPE ARANGUREN,DR. JUAN FELIPE ARANGUREN,077,10,3201,4197,386
DR LUIS AGOTE,DR. LUIS AGOTE,011,2,2315,2495,37
DR LUIS AGOTE,DR. LUIS AGOTE,015,2,2202,2398,20
DR LUIS BELAUSTEGUI,DR. LUIS BELAUSTEGUI,047,15,258,800,174
DR LUIS BELAUSTEGUI,DR. LUIS BELAUSTEGUI,059,11,1608,1900,93
DR LUIS BELAUSTEGUI,DR. LUIS BELAUSTEGUI,059,15,406,1021,92
DR LUIS BELAUSTEGUI,DR. LUIS BELAUSTEGUI,059,6,1090,1598,175
DR LUIS BELAUSTEGUI,DR. LUIS BELAUSTEGUI,067,11,2501,3187,252
DR LUIS BELAUSTEGUI,DR. LUIS BELAUSTEGUI,079,10,3707,7278,195
DR LUIS BELAUSTEGUI,DR. LUIS BELAUSTEGUI,079,11,3201,3919,169
DR LUIS BELAUSTEGUI,DR. LUIS BELAUSTEGUI,085,10,4301,48116,265
DR MARCELO J FITTE,DR. MARCELO J. FITTE,037,13,1755,1785,4
DR NORBERTO QUIRNO COSTA,DR. NORBERTO QUIRNO COSTA,015,2,1208,1297,33
DR OSVALDO EGUIA,DR. OSVALDO EGUIA,078,8,3250,3286,5
DR PEDRO IGNACIO RIVERA,DR. PEDRO IGNACIO RIVERA,041,12,3105,6267,226
DR PEDRO IGNACIO RIVERA,DR. PEDRO IGNACIO RIVERA,041,13,2416,3329,217
DR PEDRO IGNACIO RIVERA,DR. PEDRO IGNACIO RIVERA,053,12,3801,4999,317
DR PEDRO IGNACIO RIVERA,DR. PEDRO IGNACIO RIVERA,063,12,3702,5899,287
DR PEDRO LUIS BALINA,DR. PEDRO LUIS BALIÑA,034,4,3856,4100,56
DR RAFAEL BIELSA,DR. RAFAEL BIELSA,049,15,108,300,81
DR RICARDO LEVENE,DR. RICARDO LEVENE,011,2,902,982,13
DR RICARDO ROJAS,DR. RICARDO ROJAS,003,1,350,500,32
DR RODOLFO RIVAROLA,DR. RODOLFO RIVAROLA,005,1,111,196,30
DR ROMULO S NAON,AV. DR. ROMULO S. NAON,039,13,1811,2729,100
DR ROMULO S NAON,AV. DR. ROMULO S. NAON,051,12,1802,2500,90
DR ROMULO S NAON,DR. ROMULO S. NAON,041,12,2701,3789,141
DR ROMULO S NAON,DR. ROMULO S. NAON,043,12,3653,4289,86
DR ROMULO S NAON,DR. ROMULO S. NAON,053,12,2702,3596,122
DR ROMULO S NAON,DR. ROMULO S. NAON,055,12,3658,4298,67
DR TEODORO AUBAIN,DR. TEODORO AUBAIN,025,13,1801,1859,8
DR VICTORINO DE LA PLAZA,DR. VICTORINO DE LA PLAZA,027,13,905,1981,225
DRAGONES,DRAGONES,025,13,1804,2496,108
DRUMOND,DRUMOND,038,4,2140,2397,54
DUBLIN,DUBLIN,061,15,4201,4295,34
DUPUY,DUPUY,091,10,789,1092,107
DUPUY,DUPUY,093,10,1103,1200,65
DUPUY,DUPUY,095,10,6,158,47
ECHAURI,ECHAURI,046,4,1514,1797,38
ECHEANDIA,ECHEANDIA,050,7,2601,3731,178
ECHEANDIA,ECHEANDIA,056,9,3415,4201,136
ECHEANDIA,ECHEANDIA,064,8,4602,5594,231
ECHEANDIA,ECHEANDIA,064,9,4211,4599,86
ECHEANDIA,ECHEANDIA,078,8,5610,6895,179
ECHENAGUCIA,ECHENAGUCIA,091,10,716,5973,122
ECHENAGUCIA,ECHENAGUCIA,093,10,1106,1299,96
ECHENAGUCIA,ECHENAGUCIA,095,10,5,155,36
ECHEVERRIA,ECHEVERRIA,025,13,609,2383,374
ECHEVERRIA,ECHEVERRIA,039,13,2047,3797,433
ECHEVERRIA,ECHEVERRIA,051,12,387,5897,575
ECUADOR,ECUADOR,013,3,20,3000,403
ECUADOR,ECUADOR,015,2,1020,1699,207
EDMUNDO D AMICIS,EDMUNDO D'AMICIS,085,10,4701,4795,22
EDUARDO ACEVEDO,EDUARDO ACEVEDO,045,6,2,609,218
EDUARDO AROLAS,EDUARDO AROLAS,016,4,2101,2165,3
EDUARDO COLOMBO LEONI,EDUARDO COLOMBO LEONI,046,4,1408,1497,26
EDUARDO COSTA,EDUARDO COSTA,015,14,3001,3083,48
EDUARDO GUTIERREZ,EDUARDO GUTIERREZ,093,10,5605,5695,21
EDUARDO MADERO,AV. EDUARDO MADERO,001,1,60,698,23
EDUARDO MADERO,AV. EDUARDO MADERO,003,1,830,1250,16
EDUARDO MADERO,AV. EDUARDO MADERO,097,1,855,1255,7
EDUARDO SCHIAFFINO,EDUARDO SCHIAFFINO,011,2,2115,2197,9
EDUARDO SIVORI,EDUARDO SIVORI,015,14,2920,2945,20
EDUARDO WILDE,EDUARDO WILDE,081,10,2202,2295,38
EL ALFABETO,EL ALFABETO,047,15,1805,1896,25
EL ARAUCANO,EL ARAUCANO,079,10,1313,1389,24
EL ARTESANO,EL ARTESANO,044,7,1110,1298,57
EL CARDENAL,EL CARDENAL,072,9,6805,6995,52
EL CARPINTERO,EL CARPINTERO,072,9,6805,6995,51
EL CEIBO,EL CEIBO,044,4,2307,2397,30
EL CERRO,EL CERRO,056,9,1551,3494,24
EL CHACHO,EL CHACHO,072,9,311,681,72
EL CHASQUE,EL CHASQUE,093,10,6508,6596,24
EL CRIOLLO,EL CRIOLLO,091,10,1307,1397,32
EL DELTA,EL DELTA,067,11,3114,3191,23
EL DOMADOR,EL DOMADOR,067,11,3114,3196,24
EL FOGON,EL FOGON,073,12,4312,4499,44
EL FUERTE,EL FUERTE,077,10,4616,4690,31
EL GAUCHO,EL GAUCHO,075,12,5801,5960,26
EL HORNERO,EL HORNERO,072,9,113,681,122
EL LITORAL,EL LITORAL,067,11,3114,3187,22
EL MAESTRO,EL MAESTRO,040,6,5,187,94
EL METODO,EL METODO,067,11,1812,1997,58
EL MIRASOL,EL MIRASOL,072,9,108,677,140
EL MISIONERO,EL MISIONERO,069,11,2301,2394,17
EL NANDU,EL ÑANDU,067,11,3114,3187,22
EL NENE,EL NENE,093,10,1805,2095,84
EL PAMPERO,EL PAMPERO,069,11,2608,2695,29
EL PEREGRINO,EL PEREGRINO,067,11,3112,3188,23
EL PROFETA DE LA PAMPA,EL PROFETA DE LA PAMPA,054,9,2052,4682,55
EL QUIJOTE,EL QUIJOTE,069,11,2505,2691,86
EL RANCHO,EL RANCHO,093,10,5911,5995,18
EL RASTREADOR,EL RASTREADOR,072,9,311,690,68
EL RECADO,EL RECADO,093,10,5909,5994,23
EL REFRAN,EL REFRAN,032,4,3209,3293,19
EL SALVADOR,EL SALVADOR,019,14,3811,5300,444
EL SALVADOR,EL SALVADOR,035,14,4942,6100,246
EL SAUCE,EL SAUCE,079,10,1312,1386,23
EL SERENO,EL SERENO,054,10,303,398,41
EL TALA,EL TALA,056,9,1416,1592,55
EL TREBOL,EL TREBOL,072,9,187,6997,47
EL TROVADOR,EL TROVADOR,067,11,3006,3200,73
EL ZONDA,EL ZONDA,044,7,1605,1695,22
EL ZORZAL,EL ZORZAL,072,9,6805,6995,51
ELCANO,AV. ELCANO,037,13,2036,3599,285
ELCANO,AV. ELCANO,049,15,3604,4215,233
ELCANO,ELCANO,037,13,2703,2859,26
ELCANO,ELCANO,049,15,2001,5091,114
ELENA LARROQUE DE ROFFO,ELENA LARROQUE DE ROFFO,085,10,4719,4799,15
ELIA,ELIA,032,4,411,790,78
ELIAS BEDOYA,ELIAS BEDOYA,095,9,10,181,45
ELPIDIO GONZALEZ,ELPIDIO GONZALEZ,067,11,2702,3187,136
ELPIDIO GONZALEZ,ELPIDIO GONZALEZ,079,10,3902,4483,127
ELPIDIO GONZALEZ,ELPIDIO GONZALEZ,079,11,3201,3894,256
ELPIDIO GONZALEZ,ELPIDIO GONZALEZ,085,10,1913,5196,304
ELPIDIO GONZALEZ,ELPIDIO GONZALEZ,091,10,5206,6085,244
ELVIRA RASON DE DELLEPIANE,AV. ELVIRA RASON DE DELLEPIANE,096,4,1031,1091,2
ELVIRA RAWSON DE DELLEPIANE,AV. ELVIRA RAWSON DE DELLEPIANE,098,1,150,590,6
EMERIC E VIDAL,EMERIC E. VIDAL,093,10,1512,1599,30
EMILIO BECHER,EMILIO BECHER,062,9,2306,2396,30
EMILIO CASTELAR,EMILIO CASTELAR,085,10,711,895,57
EMILIO CASTRO,AV. EMILIO CASTRO,060,10,5101,5511,71
EMILIO CASTRO,AV. EMILIO CASTRO,060,9,5104,58736,193
EMILIO CASTRO,AV. EMILIO CASTRO,072,9,7603,7661,11
EMILIO CASTRO,AV. EMILIO CASTRO,074,9,3651,7698,422
EMILIO CASTRO,EMILIO CASTRO,054,10,1705,4799,40
EMILIO CASTRO,EMILIO CASTRO,060,10,4499,5968,114
EMILIO CIVIT,EMILIO CIVIT,063,12,2465,5885,45
EMILIO DE ALVEAR,EMILIO DE ALVEAR,085,10,4802,4895,25
EMILIO LAMARCA,EMILIO LAMARCA,077,10,16,799,274
EMILIO LAMARCA,EMILIO LAMARCA,079,11,156,3600,511
EMILIO LAMARCA,EMILIO LAMARCA,081,11,2101,3386,454
EMILIO LAMARCA,EMILIO LAMARCA,083,11,3238,5395,354
EMILIO LAMARCA ESTE,EMILIO LAMARCA ESTE,079,11,2020,2066,4
EMILIO LAMARCA OESTE,EMILIO LAMARCA OESTE,079,11,2015,2073,5
EMILIO MITRE,EMILIO MITRE,040,6,20,582,128
EMILIO MITRE,EMILIO MITRE,040,7,602,1296,141
EMILIO MITRE,EMILIO MITRE,042,6,27,1150,133
EMILIO MITRE,EMILIO MITRE,042,7,631,793,34
EMILIO MITRE,EMILIO MITRE,044,7,1305,1996,195
EMILIO ZOLA,EMILIO ZOLA,019,14,5101,5195,32
EMIR MERCADER,EMIR MERCADER,053,12,4201,4597,69
EMPEDRADO,EMPEDRADO,069,11,264,3242,156
ENCARNACION EZCURRA,ENCARNACION EZCURRA,098,1,320,490,14
ENRIQUE B MORENO,ENRIQUE B. MORENO,072,9,410,490,20
ENRIQUE BANCHS,ENRIQUE BANCHS,055,12,3606,3795,132
ENRIQUE DE VEDIA,ENRIQUE DE VEDIA,079,11,188,18876,103
ENRIQUE DE VEDIA,ENRIQUE DE VEDIA,081,11,2111,2295,74
ENRIQUE GUSTAVINO,ENRIQUE GUSTAVINO,006,4,450,591,12
ENRIQUE OCHOA,ENRIQUE OCHOA,032,4,5,97,49
ENRIQUE OCHOA,ENRIQUE OCHOA,034,4,105,1112,180
ENRIQUE PRINS,ENRIQUE PRINS,027,13,1406,1500,37
ENRIQUE SANTOS DISCEPOLO,ENRIQUE SANTOS DISCEPOLO,009,3,1809,1880,60
ENSENADA,ENSENADA,054,10,6,498,169
ENTRE RIOS,AV. ENTRE RIOS,012,1,110,796,153
ENTRE RIOS,AV. ENTRE RIOS,014,1,802,1590,187
ENTRE RIOS,AV. ENTRE RIOS,016,1,1606,2186,145
ENTRE RIOS,AV. ENTRE RIOS,020,3,105,799,163
ENTRE RIOS,AV. ENTRE RIOS,022,3,809,1599,139
ENTRE RIOS,AV. ENTRE RIOS,024,4,1601,2197,127
EPECUEN,EPECUEN,083,11,4700,5200,132
EPUYEN,EPUYEN,045,6,509,594,30
ERASMO,ERASMO,076,9,7302,7496,49
ERCILLA,ERCILLA,060,10,5102,5600,128
ERCILLA,ERCILLA,060,9,5603,5999,93
ERCILLA,ERCILLA,074,9,6002,7691,335
EREZCANO,AV. EREZCANO,046,4,3602,3999,48
EREZCANO,EREZCANO,044,7,2851,2851,1
EREZCANO,EREZCANO,046,4,1992,3516,214
ERNESTO A BAVIO,ERNESTO A. BAVIO,027,13,2501,3191,67
ERNESTO TORNQUIST,AV. ERNESTO TORNQUIST,023,14,6385,6397,2
ESCALADA,AV. ESCALADA,062,9,195,2197,267
ESCALADA,AV. ESCALADA,064,8,2203,2858,97
ESCALADA,AV. ESCALADA,064,9,2202,2548,94
ESCALADA,AV. ESCALADA,066,8,2901,4001,38
ESCALADA,AV. ESCALADA,068,8,4102,4902,42
ESCALADA,ESCALADA,060,10,12,3939,253
ESCALADA,ESCALADA,060,9,601,789,28
ESCALADA,ESCALADA,062,9,802,1599,301
ESCOBAR,ESCOBAR,075,12,2302,5702,345
ESCOBAR,ESCOBAR,083,12,3207,3267,8
ESCRIBANO,ESCRIBANO,045,6,11,195,73
ESMERALDA,ESMERALDA,001,1,1,787,282
ESMERALDA,ESMERALDA,003,1,809,1396,193
ESNAOLA,ESNAOLA,045,6,606,694,31
ESPANA,AV. ESPAÑA,096,4,1831,3301,12
ESPANA,AV. ESPAÑA,098,1,1712,1764,2
ESPARTACO,ESPARTACO,048,7,522,997,107
ESPARZA,ESPARZA,028,3,6,98,56
ESPERANZA,ESPERANZA,056,8,3704,3794,17
ESPINILLO,ESPINILLO,054,9,1408,1495,29
ESPINOSA,ESPINOSA,057,6,6,1097,280
ESPINOSA,ESPINOSA,059,15,1681,2768,407
ESPINOSA,ESPINOSA,059,6,1105,1640,196
ESPINOSA,ESPINOSA,061,15,2805,3199,79
ESPRONCEDA,ESPRONCEDA,093,10,2506,2791,104
ESQ BARTOLOME MITRE,ESQ. BARTOLOME MITRE,001,1,802,802,1
ESQ INCLAN,ESQ. INCLAN,038,5,4400,4400,1
ESQUEL,ESQUEL,024,4,1906,1993,35
ESQUINA,ESQUINA,093,10,2414,2693,75
ESQUIU,ESQUIU,038,4,901,1399,142
ESTADO DE ISRAEL,AV. ESTADO DE ISRAEL,017,5,1520,4794,125
ESTADO DE ISRAEL,AV. ESTADO DE ISRAEL,031,15,1,4841,199
ESTADO DE PALESTINA,ESTADO DE PALESTINA,017,5,510,1094,231
ESTADO DE PALESTINA,ESTADO DE PALESTINA,031,14,1142,1199,32
ESTADO DE PALESTINA,ESTADO DE PALESTINA,031,15,1104,1136,15
ESTADO PLURINACIONAL DE BOLIVIA,ESTADO PLURINACIONAL DE BOLIVIA,065,7,14,8964,312
ESTADO PLURINACIONAL DE BOLIVIA,ESTADO PLURINACIONAL DE BOLIVIA,067,11,1106,17347,377
ESTADO PLURINACIONAL DE BOLIVIA,ESTADO PLURINACIONAL DE BOLIVIA,069,11,2209,2995,279
ESTADO PLURINACIONAL DE BOLIVIA,ESTADO PLURINACIONAL DE BOLIVIA,071,11,3018,3178,51
ESTADO PLURINACIONAL DE BOLIVIA,ESTADO PLURINACIONAL DE BOLIVIA,071,15,2694,4099,190
ESTADO PLURINACIONAL DE BOLIVIA,ESTADO PLURINACIONAL DE BOLIVIA,073,12,4109,4898,208
ESTADO PLURINACIONAL DE BOLIVIA,ESTADO PLURINACIONAL DE BOLIVIA,075,12,4901,6074,370
ESTADOS UNIDOS,ESTADOS UNIDOS,004,1,2,3436,278
ESTADOS UNIDOS,ESTADOS UNIDOS,014,1,901,12223,344
ESTADOS UNIDOS,ESTADOS UNIDOS,022,3,1176,5600,347
ESTADOS UNIDOS,ESTADOS UNIDOS,030,3,2702,3300,193
ESTADOS UNIDOS,ESTADOS UNIDOS,030,5,3301,3580,88
ESTADOS UNIDOS,ESTADOS UNIDOS,036,5,362,4399,356
ESTANISLAO S ZEBALLOS,ESTANISLAO S. ZEBALLOS,083,12,3242,5680,160
ESTEBAN DE LUCA,ESTEBAN DE LUCA,024,4,1611,2285,182
ESTEBAN DE LUCA,ESTEBAN DE LUCA,030,3,1311,1595,81
ESTERO BELLACO,ESTERO BELLACO,072,9,6904,7545,127
ESTEVES SAGUI,ESTEVES SAGUI,095,9,3,156,41
ESTIVAO,ESTIVAO,045,6,15,190,49
ESTOCOLMO,ESTOCOLMO,061,15,3215,3386,37
ESTOMBA,ESTOMBA,049,15,205,1791,466
ESTOMBA,ESTOMBA,051,12,1801,3822,191
ESTOMBA,ESTOMBA,053,12,2505,3592,249
ESTOMBA,ESTOMBA,055,12,3561,4446,163
ESTOMBA,ESTOMBA,061,15,34,195,17
ESTONIA,ESTONIA,076,9,2107,2195,52
ESTRADA,ESTRADA,040,7,1,1197,389
ESTRELLA FEDERAL,ESTRELLA FEDERAL,075,12,2609,2720,66
EUCLIDES,EUCLIDES,060,10,4805,4994,51
EUGENIO RAMIREZ,EUGENIO RAMIREZ,071,15,3209,3299,23
EUSTAQUIO CAMBIESES,EUSTAQUIO CAMBIESES,050,7,1714,1980,20
EVA PERON,AV. EVA PERON,040,7,1001,1197,114
EVA PERON,AV. EVA PERON,042,7,1201,2099,142
EVA PERON,AV. EVA PERON,044,7,1704,2600,139
EVA PERON,AV. EVA PERON,048,7,993,3499,275
EVA PERON,AV. EVA PERON,050,7,2602,3500,128
EVA PERON,AV. EVA PERON,050,9,3502,3700,74
EVA PERON,AV. EVA PERON,054,9,3501,4685,287
EVA PERON,AV. EVA PERON,056,9,3446,4496,179
EVA PERON,AV. EVA PERON,062,9,599,5895,321
EVA PERON,AV. EVA PERON,064,8,4902,5900,179
EVA PERON,AV. EVA PERON,064,9,4624,4900,67
EVA PERON,AV. EVA PERON,076,9,5901,7499,141
EVA PERON,AV. EVA PERON,078,8,5902,7490,114
EVARISTO CARRIEGO,EVARISTO CARRIEGO,044,7,1004,1196,66
EVARISTO CARRIEGO,EVARISTO CARRIEGO,048,7,914,9285,28
EZEIZA,EZEIZA,075,12,2310,3058,116
EZEQUIEL SORIA,EZEQUIEL SORIA,064,8,2812,2892,20
F C M,F.C.M.,023,14,2755,27898,9
F C M,F.C.M.,029,13,4719,4797,8
F C S,F.C.S.,065,7,2217,2291,16
F N G B M,F.N.G.B.M.,027,13,2588,2588,1
FABRE,FABRE,044,7,1004,1299,89
FACUNDO,FACUNDO,072,9,311,685,67
FALUCHO,FALUCHO,034,4,102,3007,65
FAMAILLA,FAMAILLA,073,12,2709,2893,52
FAMATINA,FAMATINA,024,4,2915,2933,6
FAMATINA,FAMATINA,032,4,3001,3800,403
FAMATINA,FAMATINA,038,4,3902,4099,59
FARADAY,FARADAY,044,7,509,1593,85
FECUNDIDAD,FECUNDIDAD,056,9,3610,3691,24
FEDERICO GARCIA LORCA,FEDERICO GARCIA LORCA,045,6,4,492,153
FEDERICO LACROZE,AV. FEDERICO LACROZE,023,14,1906,2776,232
FEDERICO LACROZE,AV. FEDERICO LACROZE,033,13,3204,3496,74
FEDERICO LACROZE,AV. FEDERICO LACROZE,033,15,3502,4000,123
FEDERICO LACROZE,AV. FEDERICO LACROZE,035,13,2404,3194,195
FEDERICO LACROZE,AV. FEDERICO LACROZE,037,13,2401,3499,236
FEDERICO LACROZE,AV. FEDERICO LACROZE,037,15,3513,3999,120
FEDERICO LACROZE,AV. FEDERICO LACROZE,049,15,4001,4200,31
FEDERICO LACROZE,FEDERICO LACROZE,023,14,1618,1898,117
FELIPE VALLESE,FELIPE VALLESE,045,6,308,898,197
FELIPE VALLESE,FELIPE VALLESE,057,6,901,1700,264
FELIPE VALLESE,FELIPE VALLESE,057,7,1701,1986,121
FELIPE VALLESE,FELIPE VALLESE,065,7,2002,29445,373
FELIPE VALLESE,FELIPE VALLESE,077,10,3207,33335,299
FELIX LORA,FELIX LORA,045,6,11,92,30
FELIX LYNCH ARRIBALZAGA,FELIX LYNCH ARRIBALZAGA,081,10,4410,4495,43
FELIX O FOUILLER,FELIX O. FOUILLER,051,12,5806,5895,53
FERNANDEZ,FERNANDEZ,054,10,109,396,81
FERNANDEZ,FERNANDEZ,054,9,420,1599,154
FERNANDEZ,FERNANDEZ,056,9,1603,2085,101
FERNANDEZ BLANCO,FERNANDEZ BLANCO,051,12,2007,2383,67
FERNANDEZ DE ENCISO,FERNANDEZ DE ENCISO,083,11,3575,4700,295
FERNANDEZ DE ENCISO,FERNANDEZ DE ENCISO,089,11,3502,3568,16
FERNANDO DE MONTALVO,FERNANDO DE MONTALVO,049,15,107,197,43
FERNANDO FADER,FERNANDO FADER,093,10,6010,6280,77
FERRARI,FERRARI,047,15,201,499,95
FERRE,FERRE,046,4,1401,2094,131
FERRE,FERRE,046,8,2102,2594,113
FERRE,FERRE,052,8,2610,3300,65
FERRE,FERRE,084,8,6105,6955,158
FERROCARRIL,FERROCARRIL,093,10,6304,6391,24
FILIBERTO,FILIBERTO,014,1,1701,1800,27
FINLANDIA,FINLANDIA,074,9,1301,1396,53
FITZ ROY,FITZ ROY,033,14,1309,1500,72
FITZ ROY,FITZ ROY,033,15,716,1292,120
FITZ ROY,FITZ ROY,035,14,1510,22777,349
FITZ ROY,FITZ ROY,047,15,10,369,106
FLOR DEL AIRE,FLOR DEL AIRE,055,12,4906,4996,10
FLORENCIO BALCARCE,FLORENCIO BALCARCE,045,6,7,94,36
FLORESTA,FLORESTA,060,10,405,497,36
FLORIDA,FLORIDA,001,1,1,799,306
FLORIDA,FLORIDA,003,1,801,1095,88
FONROUGE,FONROUGE,060,9,4,5902,420
FONROUGE,FONROUGE,062,9,1307,2673,435
FONROUGE,FONROUGE,064,8,2705,3496,335
FONROUGE,FONROUGE,066,8,3551,4453,166
FOREST,AV. FOREST,033,15,301,593,86
FOREST,AV. FOREST,037,13,1207,1795,112
FOREST,AV. FOREST,037,15,601,1195,146
FOREST,AV. FOREST,049,15,320,1750,340
FORMOSA,FORMOSA,040,6,1,793,340
FORTUNATO DEVOTO,FORTUNATO DEVOTO,036,5,409,4159,70
FOURNIER,FOURNIER,038,4,1602,9697,342
FRAGA,FRAGA,033,15,6,689,213
FRAGA,FRAGA,037,15,701,798,37
FRAGA,FRAGA,049,15,827,3076,324
FRAGATA ARGENTINA,FRAGATA ARGENTINA,074,9,1401,1499,22
FRAGATA CEFIRO,FRAGATA CEFIRO,074,9,1701,1996,105
FRAGATA HALCON,FRAGATA HALCON,074,9,1801,1899,21
FRAGATA HERCULES,FRAGATA HERCULES,074,9,1507,1660,60
FRAGATA LA ARGENTINA,FRAGATA LA ARGENTINA,074,9,1406,1924,155
FRAGATA PRESIDENTE SARMIENTO,FRAGATA PRESIDENTE SARMIENTO,057,6,7,1095,249
FRAGATA PRESIDENTE SARMIENTO,FRAGATA PRESIDENTE SARMIENTO,059,11,1804,1896,37
FRAGATA PRESIDENTE SARMIENTO,FRAGATA PRESIDENTE SARMIENTO,059,15,1906,2499,248
FRAGATA PRESIDENTE SARMIENTO,FRAGATA PRESIDENTE SARMIENTO,059,6,1104,1695,232
FRAGATA TRINIDAD,FRAGATA TRINIDAD,074,9,1502,2091,143
FRAGUEIRO,FRAGUEIRO,093,10,412,896,157
FRAGUEIRO,FRAGUEIRO,093,9,305,397,43
FRANCISCO ACUNA DE FIGUEROA,FRANCISCO ACUÑA DE FIGUEROA,017,5,101,1191,361
FRANCISCO ACUNA DE FIGUEROA,FRANCISCO ACUÑA DE FIGUEROA,019,14,1204,4102,204
FRANCISCO ANTONIO MACIEL,FRANCISCO ANTONIO MACIEL,045,6,828,993,41
FRANCISCO BAUZA,FRANCISCO BAUZA,093,10,2218,2900,190
FRANCISCO BEIRO,AV. FRANCISCO BEIRO,061,15,2113,2395,74
FRANCISCO BEIRO,AV. FRANCISCO BEIRO,071,11,3120,3200,41
FRANCISCO BEIRO,AV. FRANCISCO BEIRO,071,15,2411,3099,137
FRANCISCO BEIRO,AV. FRANCISCO BEIRO,081,11,3202,4400,220
FRANCISCO BEIRO,AV. FRANCISCO BEIRO,083,11,3201,4399,239
FRANCISCO BEIRO,AV. FRANCISCO BEIRO,087,11,4402,5300,151
FRANCISCO BEIRO,AV. FRANCISCO BEIRO,089,11,3140,5299,232
FRANCISCO BEIRO,AV. FRANCISCO BEIRO,093,10,5302,5890,296
FRANCISCO BILBAO,AV. FRANCISCO BILBAO,048,7,2180,3400,304
FRANCISCO BILBAO,AV. FRANCISCO BILBAO,054,9,3401,3899,222
FRANCISCO BILBAO,FRANCISCO BILBAO,042,7,1302,1896,166
FRANCISCO BILBAO,FRANCISCO BILBAO,048,7,1902,2600,233
FRANCISCO BILBAO,FRANCISCO BILBAO,054,9,4310,9496,99
FRANCISCO BILBAO,FRANCISCO BILBAO,062,9,4480,5897,347
FRANCISCO BILBAO,FRANCISCO BILBAO,076,9,5901,6095,29
FRANCISCO CAMET,FRANCISCO CAMET,068,8,4421,4595,8
FRANCISCO CUNEO,FRANCISCO CUNEO,093,10,2414,2796,100
FRANCISCO DE UZAL,FRANCISCO DE UZAL,071,15,2506,3235,14
FRANCISCO DE VIEDMA,FRANCISCO DE VIEDMA,095,9,6511,7000,61
FRANCISCO DE VITTORIA,FRANCISCO DE VITTORIA,015,2,2306,2385,21
FRANCISCO J ORTIZ,FRANCISCO J. ORTIZ,072,9,6916,6996,20
FRANCISCO LOPEZ MERINO,FRANCISCO LOPEZ MERINO,071,15,3809,4100,72
FRANCISCO LOPEZ MERINO,FRANCISCO LOPEZ MERINO,073,12,4102,4197,23
FRANCISCO MADERNA,FRANCISCO MADERNA,038,4,2901,2998,25
FRANCISCO PIZARRO,FRANCISCO PIZARRO,052,8,2626,2948,33
FRANCISCO RABANAL,AV. FRANCISCO RABANAL,046,4,1615,1799,14
FRANCO,FRANCO,075,12,2212,3199,320
FRANCO,FRANCO,083,11,3303,3860,175
FRANCO,FRANCO,083,12,3202,3300,51
FRANK BROWN,FRANK BROWN,050,7,1710,1790,25
FRANKLIN,FRANKLIN,045,6,6,896,246
FRANKLIN,FRANKLIN,057,6,902,1451,225
FRANKLIN,FRANKLIN,057,7,1701,2100,123
FRANKLIN,FRANKLIN,065,7,2114,2442,111
FRANKLIN D ROOSEVELT,AV. FRANKLIN D. ROOSEVELT,053,12,4308,4999,120
FRANKLIN D ROOSEVELT,AV. FRANKLIN D. ROOSEVELT,063,12,5001,5899,248
FRANKLIN D ROOSEVELT,FRANKLIN D. ROOSEVELT,027,13,1519,2391,219
FRANKLIN D ROOSEVELT,FRANKLIN D. ROOSEVELT,041,12,3141,3795,173
FRANKLIN D ROOSEVELT,FRANKLIN D. ROOSEVELT,041,13,2408,3150,235
FRANKLIN D ROOSEVELT,FRANKLIN D. ROOSEVELT,053,12,3860,4891,77
FRATERNIDAD,FRATERNIDAD,040,7,1219,1290,31
FRAY CAYETANO RODRIGUEZ,FRAY CAYETANO RODRIGUEZ,065,7,15,1200,328
FRAY JUSTO SANTA MARIA DE ORO,FRAY JUSTO SANTA MARIA DE ORO,019,14,1702,4500,276
FRAY JUSTO SANTA MARIA DE ORO,FRAY JUSTO SANTA MARIA DE ORO,021,14,2509,3095,271
FRAY LUIS BELTRAN,FRAY LUIS BELTRAN,065,7,4,394,126
FRENCH,FRENCH,011,2,2120,2497,125
FRENCH,FRENCH,015,2,2525,3199,247
FRENCH,FRENCH,021,14,3510,3700,35
GABINO EZEIZA,GABINO EZEIZA,087,11,2712,2795,24
GABRIEL LAFOND,GABRIEL LAFOND,061,15,4009,4089,16
GABRIEL LAFOND,GABRIEL LAFOND,073,12,4108,4182,15
GABRIELA MISTRAL,GABRIELA MISTRAL,073,12,2102,9255,360
GABRIELA MISTRAL,GABRIELA MISTRAL,083,11,3311,4398,246
GABRIELA MISTRAL,GABRIELA MISTRAL,083,12,3203,3299,63
GABRIELA MISTRAL,GABRIELA MISTRAL,089,11,4406,4850,91
GALENO,GALENO,091,10,5304,5392,27
GALICIA,GALICIA,047,15,102,797,220
GALICIA,GALICIA,059,11,1702,2099,155
GALICIA,GALICIA,059,15,805,827,7
GALICIA,GALICIA,059,6,844,1700,267
GALICIA,GALICIA,067,11,285,2962,287
GALICIA,GALICIA,079,10,3701,3796,33
GALICIA,GALICIA,079,11,3003,3739,136
GALILEO,GALILEO,015,2,2415,2498,43
GALLARDO,GALLARDO,093,10,402,1380,402
GALLARDO,GALLARDO,093,9,301,388,26
GALLARDO,GALLARDO,095,9,107,296,50
GALLEGOS,GALLEGOS,032,5,3420,3598,61
GALLO,GALLO,013,3,107,3400,129
GALLO,GALLO,013,5,56,996,136
GALLO,GALLO,015,2,1007,1690,232
GALVAN,GALVAN,053,12,2701,3594,323
GALVAN,GALVAN,055,12,3609,4250,42
GAMARRA,GAMARRA,051,12,1810,1895,41
GAMARRA,GAMARRA,061,15,1103,1786,178
GANA,GANA,093,10,452,8330,218
GANA,GANA,093,9,405,446,14
GANA,GANA,095,9,104,390,88
GANDARA,GANDARA,061,15,2204,3907,375
GAONA,AV. GAONA,045,6,1102,1198,20
GAONA,AV. GAONA,047,15,1101,1129,13
GAONA,AV. GAONA,047,6,1207,1399,51
GAONA,AV. GAONA,057,6,1206,2068,165
GAONA,AV. GAONA,057,7,2302,2700,111
GAONA,AV. GAONA,059,11,1671,5659,114
GAONA,AV. GAONA,059,6,1401,2237,184
GAONA,AV. GAONA,065,7,2702,3800,266
GAONA,AV. GAONA,067,11,2701,3799,262
GAONA,AV. GAONA,077,10,3802,5194,314
GAONA,AV. GAONA,079,10,4005,4799,143
GAONA,AV. GAONA,079,11,3805,4199,109
GAONA,AV. GAONA,085,10,4809,4997,39
GARCIA DE COSSIO,GARCIA DE COSSIO,060,10,5516,5596,21
GARCIA DE COSSIO,GARCIA DE COSSIO,060,9,5606,5924,73
GARCIA DE COSSIO,GARCIA DE COSSIO,072,9,665,7695,480
GARCIA DEL RIO,AV. GARCIA DEL RIO,043,12,310,3197,217
GARCIA DEL RIO,GARCIA DEL RIO,043,12,3210,3896,136
GARCIA DEL RIO,GARCIA DEL RIO,055,12,3920,4836,172
GARIBALDI,GARIBALDI,006,4,1410,1492,10
GARIBALDI,GARIBALDI,010,4,1311,2195,120
GARMENDIA,AV. GARMENDIA,049,15,4707,4995,79
GARRO,GARRO,032,4,3002,3200,110
GASCON,GASCON,017,5,2,4220,498
GASCON,GASCON,019,14,632,1796,247
GASCON,GASCON,031,14,1108,1198,21
GASPAR CAMPOS,GASPAR CAMPOS,040,6,404,500,53
GASPAR MELCHOR DE JOVELLANOS,GASPAR MELCHOR DE JOVELLANOS,008,4,4,599,141
GASPAR MELCHOR DE JOVELLANOS,GASPAR MELCHOR DE JOVELLANOS,010,4,726,1755,214
GAVILAN,GAVILAN,061,15,3510,4095,166
GAVILAN,GAVILAN,065,7,12,1180,347
GAVILAN,GAVILAN,067,11,1207,22302234,374
GAVILAN,GAVILAN,069,11,2306,2708,87
GAVILAN,GAVILAN,069,15,2301,2695,71
GAVILAN,GAVILAN,073,12,2201,4898,196
GAZETA DE BUENOS AYRES,GAZETA DE BUENOS AYRES,067,11,3114,3197,23
GELLY,GELLY,021,14,3365,3693,84
GENA,GENA,032,4,511,586,17
GENERAL CESAR DIAZ,AV. GENERAL CESAR DIAZ,091,10,5613,5787,19
GENERAL CESAR DIAZ,AV. GENERAL CESAR DIAZ,095,10,5642,5756,15
GENERAL CESAR DIAZ,GENERAL CESAR DIAZ,059,11,1415,2081,159
GENERAL CESAR DIAZ,GENERAL CESAR DIAZ,067,11,1705,3195,388
GENERAL CESAR DIAZ,GENERAL CESAR DIAZ,079,10,3802,4398,178
GENERAL CESAR DIAZ,GENERAL CESAR DIAZ,079,11,3202,3785,192
GENERAL CESAR DIAZ,GENERAL CESAR DIAZ,085,10,4401,5299,346
GENERAL CESAR DIAZ,GENERAL CESAR DIAZ,091,10,5301,5557,70
GENERAL CONRADO EXCELSO VILLEGAS,GENERAL CONRADO EXCELSO VILLEGAS,082,8,5406,5554,28
GENERAL DE DIVISION JUAN JOSE VALLE,GENERAL DE DIVISION JUAN JOSE VALLE,038,4,2805,3088,61
GENERAL ENRIQUE SPIKA,GENERAL ENRIQUE SPIKA,018,4,1509,1693,58
GENERAL GERONIMO ESPEJO,GENERAL GERONIMO ESPEJO,048,7,2478,2478,3
GENERAL GREGORIO ARAOZ DE LA MADRID,GENERAL GREGORIO ARAOZ DE LA MADRID,006,4,109,790,235
GENERAL GREGORIO ARAOZ DE LA MADRID,GENERAL GREGORIO ARAOZ DE LA MADRID,010,4,801,1595,142
GENERAL GREGORIO ARAOZ DE LA MADRID,GENERAL GREGORIO ARAOZ DE LA MADRID,018,4,1299,2888,105
GENERAL GREGORIO DE LA MADRID,GENERAL GREGORIO DE LA MADRID,006,4,1390,1396,2
GENERAL HORNOS,GENERAL HORNOS,016,4,76,992,91
GENERAL HORNOS,GENERAL HORNOS,018,4,1002,1797,242
GENERAL INDALECIO CHENAUT,AV. GENERAL INDALECIO CHENAUT,023,14,185,1992,127
GENERAL JOSE GERVASIO ARTIGAS,GENERAL JOSE GERVASIO ARTIGAS,065,7,6,1098,372
GENERAL JOSE GERVASIO ARTIGAS,GENERAL JOSE GERVASIO ARTIGAS,067,11,1105,2501,426
GENERAL JOSE GERVASIO ARTIGAS,GENERAL JOSE GERVASIO ARTIGAS,069,11,2201,2994,311
GENERAL JOSE GERVASIO ARTIGAS,GENERAL JOSE GERVASIO ARTIGAS,071,11,3014,3150,35
GENERAL JOSE GERVASIO ARTIGAS,GENERAL JOSE GERVASIO ARTIGAS,071,15,3151,4096,253
GENERAL JOSE GERVASIO ARTIGAS,GENERAL JOSE GERVASIO ARTIGAS,073,12,4105,4889,271
GENERAL JOSE GERVASIO ARTIGAS,GENERAL JOSE GERVASIO ARTIGAS,075,12,4901,5800,338
GENERAL JOSE MARIA BUSTILLO,GENERAL JOSE MARIA BUSTILLO,048,7,3203,3390,88
GENERAL MANUEL PUCH,GENERAL MANUEL PUCH,085,10,4809,4894,25
GENERAL NAPOLEON URIBURU,GENERAL NAPOLEON URIBURU,082,8,5640,5850,19
GENERAL PAZ,AV. GENERAL PAZ,029,13,336,1648,63
GENERAL PAZ,AV. GENERAL PAZ,043,12,1136,1470,43
GENERAL PAZ,AV. GENERAL PAZ,055,12,3006,5351,38
GENERAL PAZ,AV. GENERAL PAZ,063,12,4910,4998,9
GENERAL PAZ,AV. GENERAL PAZ,072,9,8808,12100,271
GENERAL PAZ,AV. GENERAL PAZ,074,9,1229,12992,84
GENERAL PAZ,AV. GENERAL PAZ,075,12,5022,5604,35
GENERAL PAZ,AV. GENERAL PAZ,076,9,12740,14010,169
GENERAL PAZ,AV. GENERAL PAZ,078,8,1470,14870,29
GENERAL PAZ,AV. GENERAL PAZ,080,8,15280,15796,17
GENERAL PAZ,AV. GENERAL PAZ,082,8,15808,16498,137
GENERAL PAZ,AV. GENERAL PAZ,083,11,5378,9400,142
GENERAL PAZ,AV. GENERAL PAZ,083,12,5710,5792,11
GENERAL PAZ,AV. GENERAL PAZ,084,8,16618,16760,3
GENERAL PAZ,AV. GENERAL PAZ,089,11,7116,8290,82
GENERAL PAZ,AV. GENERAL PAZ,093,10,5795,10196,237
GENERAL PAZ,AV. GENERAL PAZ,095,9,10304,10592,17
GENERAL RIVAS,GENERAL RIVAS,069,11,2305,2800,165
GENERAL URQUIZA,GENERAL URQUIZA,028,3,10,798,249
GENERAL URQUIZA,GENERAL URQUIZA,030,3,803,1594,215
GENERAL URQUIZA,GENERAL URQUIZA,032,4,1605,2298,202
GENOVA,GENOVA,081,11,3205,3400,61
GERMAN ABDALA,GERMAN ABDALA,006,4,107,211,8
GERONIMO CORTES,GERONIMO CORTES,060,9,708,793,30
GIACOMO MATTEOTI,GIACOMO MATTEOTI,064,8,3352,3448,12
GIBRALTAR,GIBRALTAR,093,10,5307,5495,70
GIBSON,GIBSON,038,5,3902,4298,102
GINEBRA,GINEBRA,061,15,2299,4099,106
GIORDANO BRUNO,GIORDANO BRUNO,045,6,713,871,35
GIRARDOT,GIRARDOT,047,15,11,395,91
GIRARDOT,GIRARDOT,049,15,1306,1999,182
GIRIBONE,GIRIBONE,037,15,620,1199,209
GIRIBONE,GIRIBONE,049,15,1202,2397,316
GIRIBONE,GIRIBONE,061,15,3004,3400,105
GODOY CRUZ,GODOY CRUZ,019,14,1604,2696,254
GODOY CRUZ,GODOY CRUZ,021,14,2706,4602,200
GODOY CRUZ,GODOY CRUZ,031,14,1405,1595,78
GODOY CRUZ,GODOY CRUZ,031,15,1209,1390,55
GOLETA JULIET,GOLETA JULIET,082,8,5934,6064,20
GOLETA SANTA CRUZ,GOLETA SANTA CRUZ,078,8,6803,6961,13
GOMEZ DE FONSECA,GOMEZ DE FONSECA,077,10,113,855,151
GONCALVES DIAS,GONÇALVES DIAS,018,4,308,1200,231
GONZALEZ CATAN,GONZALEZ CATAN,087,11,4120,4795,100
GOROSTIAGA,GOROSTIAGA,023,14,1000,2397,315
GOROSTIAGA,GOROSTIAGA,035,13,2401,2500,30
GORRITI,GORRITI,015,14,3602,3697,59
GORRITI,GORRITI,015,2,3401,3600,83
GORRITI,GORRITI,019,14,1032,5423,535
GORRITI,GORRITI,035,14,5428,8756,252
GOYA,GOYA,077,10,14,1458,206
GOYA,GOYA,085,10,824,1090,51
GRAL BENJAMIN VICTORICA,AV. GRAL. BENJAMIN VICTORICA,061,15,232,3288,372
GRAL DANIEL CERRI,GRAL. DANIEL CERRI,010,4,627,1688,239
GRAL ENRIQUE MARTINEZ,GRAL. ENRIQUE MARTINEZ,033,13,205,599,84
GRAL ENRIQUE MARTINEZ,GRAL. ENRIQUE MARTINEZ,037,13,604,3600,345
GRAL ENRIQUE MARTINEZ,GRAL. ENRIQUE MARTINEZ,039,13,1818,2394,157
GRAL EUGENIO GARZON,AV. GRAL. EUGENIO GARZON,062,9,1951,5894,342
GRAL EUGENIO GARZON,AV. GRAL. EUGENIO GARZON,076,9,5903,6065,34
GRAL EUGENIO GARZON,GRAL. EUGENIO GARZON,048,7,3315,3400,22
GRAL EUGENIO GARZON,GRAL. EUGENIO GARZON,054,9,340,7377,313
GRAL EUGENIO GARZON,GRAL. EUGENIO GARZON,076,9,8,7494,250
GRAL FRANCISCO FERNANDEZ DE LA CRUZ,AV. GRAL. FRANCISCO FERNANDEZ DE LA CRUZ,038,4,808,1499,205
GRAL FRANCISCO FERNANDEZ DE LA CRUZ,AV. GRAL. FRANCISCO FERNANDEZ DE LA CRUZ,044,7,1701,2505,14
GRAL FRANCISCO FERNANDEZ DE LA CRUZ,AV. GRAL. FRANCISCO FERNANDEZ DE LA CRUZ,046,4,1501,2711,148
GRAL FRANCISCO FERNANDEZ DE LA CRUZ,AV. GRAL. FRANCISCO FERNANDEZ DE LA CRUZ,046,8,2228,2600,60
GRAL FRANCISCO FERNANDEZ DE LA CRUZ,AV. GRAL. FRANCISCO FERNANDEZ DE LA CRUZ,050,8,2551,2897,8
GRAL FRANCISCO FERNANDEZ DE LA CRUZ,AV. GRAL. FRANCISCO FERNANDEZ DE LA CRUZ,052,8,2610,3394,183
GRAL FRANCISCO FERNANDEZ DE LA CRUZ,AV. GRAL. FRANCISCO FERNANDEZ DE LA CRUZ,058,8,3401,3700,87
GRAL FRANCISCO FERNANDEZ DE LA CRUZ,AV. GRAL. FRANCISCO FERNANDEZ DE LA CRUZ,066,8,52,5371,81
GRAL FRANCISCO FERNANDEZ DE LA CRUZ,AV. GRAL. FRANCISCO FERNANDEZ DE LA CRUZ,068,8,4602,4902,2
GRAL FRANCISCO FERNANDEZ DE LA CRUZ,AV. GRAL. FRANCISCO FERNANDEZ DE LA CRUZ,082,8,3327,6986,288
GRAL FRUCTUOSO RIVERA,GRAL. FRUCTUOSO RIVERA,038,4,802,1095,62
GRAL FRUCTUOSO RIVERA,GRAL. FRUCTUOSO RIVERA,046,4,1501,2901,69
GRAL FRUCTUOSO RIVERA,GRAL. FRUCTUOSO RIVERA,046,8,2202,2689,107
GRAL FRUCTUOSO RIVERA,GRAL. FRUCTUOSO RIVERA,052,8,2613,3396,180
GRAL FRUCTUOSO RIVERA,GRAL. FRUCTUOSO RIVERA,082,8,5106,6993,283
GRAL GELLY Y OBES,AV. GRAL. GELLY Y OBES,015,2,2206,2398,49
GRAL JUAN GREGORIO LEMOS,GRAL. JUAN GREGORIO LEMOS,033,15,4,393,127
GRAL JULIO RUIZ MORENO,GRAL. JULIO RUIZ MORENO,078,8,3253,3285,6
GRAL LAS HERAS,AV. GRAL. LAS HERAS,011,2,1809,2299,248
GRAL LAS HERAS,AV. GRAL. LAS HERAS,015,14,2575,3181,165
GRAL LAS HERAS,AV. GRAL. LAS HERAS,015,2,2301,3094,183
GRAL LAS HERAS,AV. GRAL. LAS HERAS,021,14,3201,4300,222
GRAL LAS HERAS,GRAL. LAS HERAS,007,2,1601,1799,68
GRAL LORENZO VINTTER,GRAL. LORENZO VINTTER,057,6,804,941,79
GRAL LUCIO NORBERTO MANSILLA,GRAL. LUCIO NORBERTO MANSILLA,011,2,2401,2499,42
GRAL LUCIO NORBERTO MANSILLA,GRAL. LUCIO NORBERTO MANSILLA,015,14,3402,3599,53
GRAL LUCIO NORBERTO MANSILLA,GRAL. LUCIO NORBERTO MANSILLA,015,2,2501,3392,269
GRAL LUCIO NORBERTO MANSILLA,GRAL. LUCIO NORBERTO MANSILLA,019,14,3586,4099,131
GRAL MANUEL A RODRIGUEZ,GRAL. MANUEL A. RODRIGUEZ,047,15,1301,3499,296
GRAL MANUEL A RODRIGUEZ,GRAL. MANUEL A. RODRIGUEZ,047,6,1108,1290,53
GRAL MANUEL A RODRIGUEZ,GRAL. MANUEL A. RODRIGUEZ,059,15,2307,2900,228
GRAL MARTIN DE GAINZA,GRAL. MARTIN DE GAINZA,045,6,17,1095,179
GRAL MARTIN DE GAINZA,GRAL. MARTIN DE GAINZA,057,6,14,1050,154
GRAL MOSCONI,AV. GRAL. MOSCONI,073,12,2101,245532457,531
GRAL MOSCONI,AV. GRAL. MOSCONI,083,11,3301,4392,375
GRAL MOSCONI,AV. GRAL. MOSCONI,083,12,3201,3297,47
GRAL MOSCONI,AV. GRAL. MOSCONI,089,11,4402,4526,21
GRAL VENANCIO FLORES,GRAL. VENANCIO FLORES,045,6,5,545,51
GRAL VENANCIO FLORES,GRAL. VENANCIO FLORES,065,7,2917,3197,46
GRAL VENANCIO FLORES,GRAL. VENANCIO FLORES,077,10,3201,4599,220
GRANADEROS,GRANADEROS,065,7,5,892,269
GRECIA,GRECIA,027,13,2905,3597,103
GRECIA,GRECIA,029,13,586,4835,150
GREGORIA MATORRAS DE SAN MARTIN,GREGORIA MATORRAS DE SAN MARTIN,046,4,2147,2153,6
GREGORIA MATORRAS DE SAN MARTIN,GREGORIA MATORRAS DE SAN MARTIN,046,8,2211,2385,20
GREGORIA PEREZ,GREGORIA PEREZ,037,13,3215,3499,109
GREGORIA PEREZ,GREGORIA PEREZ,037,15,3509,3974,53
GREGORIO DE LAFERRERE,GREGORIO DE LAFERRERE,042,7,602,1994,271
GREGORIO DE LAFERRERE,GREGORIO DE LAFERRERE,048,7,2002,3494,506
GREGORIO DE LAFERRERE,GREGORIO DE LAFERRERE,054,9,3501,4967,273
GREGORIO DE LAFERRERE,GREGORIO DE LAFERRERE,062,9,481,5870,351
GREGORIO DE LAFERRERE,GREGORIO DE LAFERRERE,076,9,5908,7491,164
GRITO DE ASENCIO,GRITO DE ASENCIO,032,4,32,3895,189
GRITO DE ASENCIO,GRITO DE ASENCIO,034,4,3110,3900,155
GRIVEO,GRIVEO,073,12,2102,3194,189
GRIVEO,GRIVEO,075,12,2209,3193,172
GRIVEO,GRIVEO,083,11,3304,6484,338
GRIVEO,GRIVEO,083,12,3211,3297,41
GUAL,GUAL,038,4,228,2699,184
GUALEGUAY,GUALEGUAY,006,4,50,397,26
GUALEGUAY,GUALEGUAY,008,4,1001,1498,138
GUALEGUAYCHU,GUALEGUAYCHU,077,10,5,4102,168
GUALEGUAYCHU,GUALEGUAYCHU,079,10,805,1997,353
GUALEGUAYCHU,GUALEGUAYCHU,081,10,2005,2497,165
GUALEGUAYCHU,GUALEGUAYCHU,081,11,2501,3292,242
GUALEGUAYCHU,GUALEGUAYCHU,083,11,3312,4987,294
GUAMINI,GUAMINI,072,9,1002,1300,125
GUAMINI,GUAMINI,074,9,1302,7298,230
GUAMINI,GUAMINI,076,9,2003,3193,467
GUAMINI,GUAMINI,078,8,3206,3311,20
GUAMINI,GUAMINI,080,8,4503,4795,95
GUAMINI,GUAMINI,082,8,4802,5599,382
GUAMINI,GUAMINI,084,8,5601,5794,69
GUANAHANI,GUANAHANI,016,4,102,580,54
GUARANI,GUARANI,032,4,12,644,176
GUARDIA NACIONAL,GUARDIA NACIONAL,060,10,4,5502,230
GUARDIA NACIONAL,GUARDIA NACIONAL,060,9,721,898,45
GUARDIA NACIONAL,GUARDIA NACIONAL,062,9,900,2295,460
GUARDIA NACIONAL,GUARDIA NACIONAL,064,8,2303,2698,161
GUARDIA NACIONAL,GUARDIA NACIONAL,066,8,3108,3300,54
GUARDIA VIEJA,GUARDIA VIEJA,013,3,3302,3394,29
GUARDIA VIEJA,GUARDIA VIEJA,013,5,3401,3800,154
GUARDIA VIEJA,GUARDIA VIEJA,017,5,3801,4700,295
GUATEMALA,GUATEMALA,019,14,416,5200,332
GUATEMALA,GUATEMALA,035,14,2171,6100,282
GUAYAQUIL,GUAYAQUIL,040,6,2,900,405
GUAYMALLEN,GUAYMALLEN,034,4,912,1141,44
GUAYQUIRARO,GUAYQUIRARO,032,4,507,588,20
GUAYRA,GUAYRA,027,13,1514,2392,205
GUEMES,GÜEMES,015,14,3302,3500,50
GUEMES,GÜEMES,015,2,2902,3299,113
GUEMES,GÜEMES,019,14,402,4900,486
GUEVARA,GUEVARA,033,15,2,687,205
GUEVARA,GUEVARA,049,15,1004,1679,172
GUIDO,GUIDO,007,1,1501,1599,66
GUIDO,GUIDO,007,2,1601,1800,59
GUIDO,GUIDO,011,2,1813,2499,109
GUIDO,GUIDO,015,2,2510,2676,16
GUIDO SPANO,GUIDO SPANO,059,6,1107,1183,33
GUILLERMO ENRIQUE GRANVILLE,GUILLERMO ENRIQUE GRANVILLE,079,11,2129,2181,12
GUILLERMO HUDSON,GUILLERMO HUDSON,080,8,4105,4195,39
GUILLERMO UDAONDO,AV. GUILLERMO UDAONDO,027,13,1208,1500,49
GUIPUZCOA,GUIPUZCOA,074,9,902,993,38
GUISE,GUISE,015,14,1601,1995,114
GURRUCHAGA,GURRUCHAGA,019,14,1401,4899,346
GURRUCHAGA,GURRUCHAGA,031,14,1208,1398,77
GURRUCHAGA,GURRUCHAGA,031,15,339,1198,300
GURRUCHAGA,GURRUCHAGA,047,15,1,488,153
GUSTAVO RICCIO,GUSTAVO RICCIO,048,7,104,198,35
GUTENBERG,GUTENBERG,049,15,240,246,2
GUTENBERG,GUTENBERG,061,15,350,350,1
GUTENBERG,GUTENBERG,071,15,2615,3199,172
GUTENBERG,GUTENBERG,083,11,3310,4297,239
GUTENBERG,GUTENBERG,083,15,3214,3297,27
GUZMAN,AV. GUZMAN,049,15,2202,2298,2
GUZMAN,GUZMAN,047,15,90,336,10
HABANA,HABANA,073,12,161,3198,373
HABANA,HABANA,083,11,3,4399,331
HABANA,HABANA,083,12,3112,3290,48
HABANA,HABANA,089,11,4401,4899,155
HAITI,HAITI,079,10,3908,40070,77
HAMBURGO,HAMBURGO,061,15,2805,3400,147
HAWAI,HAWAI,087,11,3006,3089,25
HELGUERA,HELGUERA,065,7,20,885,288
HELGUERA,HELGUERA,067,11,905,5124,424
HELGUERA,HELGUERA,069,11,2150,2790,250
HELGUERA,HELGUERA,071,11,2809,3496,210
HELGUERA,HELGUERA,071,15,3502,4096,167
HELGUERA,HELGUERA,073,12,3099,4894,213
HELGUERA,HELGUERA,075,12,4907,5795,223
HEREDIA,HEREDIA,049,15,105,2636,496
HEREDIA,HEREDIA,061,15,124,160,7
HERMINIO MASANTONIO,HERMINIO MASANTONIO,024,4,2902,5957,24
HERMINIO MASANTONIO,HERMINIO MASANTONIO,032,4,3075,3091,3
HERMINIO MASANTONIO,HERMINIO MASANTONIO,034,4,3002,3094,17
HERNANDARIAS,HERNANDARIAS,008,4,107,798,154
HERNANDARIAS,HERNANDARIAS,010,4,809,2081,230
HERRERA,HERRERA,016,4,101,789,69
HERRERA,HERRERA,018,4,803,19445,359
HIDALGO,HIDALGO,045,6,17,1090,383
HIDALGO,HIDALGO,047,15,1101,1797,196
HILARIO DE ALMEIRA,HILARIO DE ALMEIRA,087,10,4752,5097,48
HINOJO,HINOJO,077,10,4701,4798,30
HIPOLITO YRIGOYEN,AV. HIPOLITO YRIGOYEN,002,1,219,500,27
HIPOLITO YRIGOYEN,AV. HIPOLITO YRIGOYEN,028,3,3202,3300,26
HIPOLITO YRIGOYEN,AV. HIPOLITO YRIGOYEN,028,5,3301,3600,95
HIPOLITO YRIGOYEN,AV. HIPOLITO YRIGOYEN,036,5,377,7290,329
HIPOLITO YRIGOYEN,HIPOLITO YRIGOYEN,002,1,502,900,153
HIPOLITO YRIGOYEN,HIPOLITO YRIGOYEN,012,1,115,1800,341
HIPOLITO YRIGOYEN,HIPOLITO YRIGOYEN,020,3,1802,2800,353
HIPOLITO YRIGOYEN,HIPOLITO YRIGOYEN,028,3,2349,3283,180
HIROSHIMA,HIROSHIMA,039,13,2399,2411,3
HOLMBERG,HOLMBERG,049,15,801,1793,265
HOLMBERG,HOLMBERG,051,12,1802,2485,191
HOLMBERG,HOLMBERG,053,12,2501,3596,305
HOLMBERG,HOLMBERG,055,12,3606,4800,296
HOMERO,HOMERO,060,10,106,4800,216
HOMERO,HOMERO,062,9,150,1998,468
HOMERO,HOMERO,064,9,2011,2360,90
HOMERO MANZI,HOMERO MANZI,038,4,2916,3070,38
HONDURAS,AV. HONDURAS,015,14,3702,3800,55
HONDURAS,AV. HONDURAS,019,14,3802,4200,173
HONDURAS,HONDURAS,019,14,4101,5445,323
HONDURAS,HONDURAS,035,14,5454,6100,234
HORACIO QUIROGA,HORACIO QUIROGA,027,13,1907,2000,37
HORTIGUERA,HORTIGUERA,042,6,4,597,195
HORTIGUERA,HORTIGUERA,042,7,605,821,63
HORTIGUERA,HORTIGUERA,044,7,1302,1999,204
HUALFIN,HUALFIN,040,6,703,1100,119
HUALFIN,HUALFIN,042,6,1115,1200,33
HUAURA,HUAURA,047,15,1301,1489,43
HUBAC,HUBAC,064,8,5001,5997,232
HUBAC,HUBAC,064,9,4602,4894,94
HUBAC,HUBAC,078,8,6002,7040,138
HUDSON,HUDSON,080,8,4120,4599,118
HUDSON,HUDSON,082,8,4605,4697,42
HUERGO,HUERGO,023,14,131,379,67
HUMAHUACA,HUMAHUACA,013,3,3301,3400,45
HUMAHUACA,HUMAHUACA,013,5,3401,3841,131
HUMAHUACA,HUMAHUACA,017,5,3815,4700,320
HUMAITA,HUMAITA,072,9,6607,7300,141
HUMBERTO 1O,HUMBERTO 1º,004,1,2,900,226
HUMBERTO 1O,HUMBERTO 1º,014,1,910,1800,362
HUMBERTO 1O,HUMBERTO 1º,022,3,1802,2692,341
HUMBERTO 1O,HUMBERTO 1º,030,3,2701,3300,256
HUMBERTO 1O,HUMBERTO 1º,030,5,3301,3599,103
HUMBERTO SELVETTI,HUMBERTO SELVETTI,068,8,4440,4561,6
HUMBOLDT,HUMBOLDT,033,14,1316,1496,52
HUMBOLDT,HUMBOLDT,033,15,618,1297,150
HUMBOLDT,HUMBOLDT,035,14,1508,23589,327
HUMBOLDT,HUMBOLDT,047,15,9,3991,220
HUNGRIA,HUNGRIA,085,10,917,1290,111
HUSARES,HUSARES,025,13,1815,2500,107
IBANEZ,IBAÑEZ,078,8,7190,7498,38
IBARROLA,IBARROLA,072,9,1906,7298,319
IBERA,IBERA,027,13,1514,2397,250
IBERA,IBERA,041,12,3101,3795,235
IBERA,IBERA,041,13,304,3100,220
IBERA,IBERA,053,12,3090,5100,329
IBERA,IBERA,063,12,1550,6193,361
ICALMA,ICALMA,018,4,2001,2096,22
IGNACIO FERMIN RODRIGUEZ,IGNACIO FERMIN RODRIGUEZ,048,7,2407,2493,16
IGUALDAD,IGUALDAD,040,7,1108,1299,46
IGUAZU,IGUAZU,026,4,1524,1796,31
IGUAZU,IGUAZU,032,4,216,828,126
IGUAZU,IGUAZU,034,4,801,1853,72
INCA,INCA,017,5,3801,3896,31
INCLAN,INCLAN,024,4,2301,2989,235
INCLAN,INCLAN,032,4,3001,3299,154
INCLAN,INCLAN,032,5,3301,3596,154
INCLAN,INCLAN,038,5,1604,4399,239
INDALECIO GOMEZ,INDALECIO GOMEZ,046,4,2405,2596,65
INDEPENDENCIA,AV. INDEPENDENCIA,002,1,117,897,135
INDEPENDENCIA,AV. INDEPENDENCIA,004,1,20,888,132
INDEPENDENCIA,AV. INDEPENDENCIA,012,1,901,1799,246
INDEPENDENCIA,AV. INDEPENDENCIA,014,1,902,1800,174
INDEPENDENCIA,AV. INDEPENDENCIA,020,3,1801,2625,201
INDEPENDENCIA,AV. INDEPENDENCIA,022,3,1802,2700,226
INDEPENDENCIA,AV. INDEPENDENCIA,028,3,2701,3297,147
INDEPENDENCIA,AV. INDEPENDENCIA,028,5,3301,3599,56
INDEPENDENCIA,AV. INDEPENDENCIA,030,3,809,6168,147
INDEPENDENCIA,AV. INDEPENDENCIA,030,5,3302,3600,70
INDEPENDENCIA,AV. INDEPENDENCIA,036,5,3601,4400,451
INDIO,INDIO,087,11,2501,2590,12
INGENIERO AGUSTIN GONZALEZ,INGENIERO AGUSTIN GONZALEZ,069,11,2216,2260,4
INGENIERO CARLOS ECHAGUE,INGENIERO CARLOS ECHAGÜE,038,4,1211,1392,48
INGENIERO ENRIQUE BUTTY,INGENIERO ENRIQUE BUTTY,003,1,220,275,5
INGENIERO ENRIQUE M HERMITTE,INGENIERO ENRIQUE M. HERMITTE,064,8,5427,5483,7
INGENIERO HUERGO,AV. INGENIERO HUERGO,002,1,351,781,9
INGENIERO HUERGO,AV. INGENIERO HUERGO,004,1,831,1375,64
INGENIERO HUERGO,AV. INGENIERO HUERGO,006,1,1433,1579,20
INGENIERO HUERGO,AV. INGENIERO HUERGO,098,1,1316,1316,1
INGENIERO JOSE ESTEVEZ,INGENIERO JOSE ESTEVEZ,046,8,2156,2382,22
INGENIERO JULIO KRAUSE,INGENIERO JULIO KRAUSE,064,8,5410,5492,10
INT CARLOS NOEL,INT. CARLOS NOEL,072,9,420,695,55
INTENDENTE BULLRICH,AV. INTENDENTE BULLRICH,023,14,55,517,24
INTENDENTE FRANCISCO RABANAL,AV. INTENDENTE FRANCISCO RABANAL,038,4,1301,1345,14
INTENDENTE FRANCISCO RABANAL,AV. INTENDENTE FRANCISCO RABANAL,046,4,1308,2100,160
INTENDENTE FRANCISCO RABANAL,AV. INTENDENTE FRANCISCO RABANAL,046,8,2101,2596,143
INTENDENTE FRANCISCO RABANAL,AV. INTENDENTE FRANCISCO RABANAL,052,8,2601,3393,220
IRALA,IRALA,006,4,8,590,35
IRALA,IRALA,008,4,15,797,95
IRALA,IRALA,010,4,194,2095,221
IRIARTE,AV. IRIARTE,018,4,1831,2899,301
IRIARTE,AV. IRIARTE,026,4,3010,3395,132
IRIARTE,AV. IRIARTE,034,4,3707,4097,8
IRIARTE,IRIARTE,010,4,1301,1692,105
IRIARTE,IRIARTE,018,4,1701,2199,78
IRIGOYEN,IRIGOYEN,091,10,417,1293,236
IRIGOYEN,IRIGOYEN,093,10,1260,5790,382
IRIGOYEN,IRIGOYEN,095,10,17,192,31
IRLANDA,IRLANDA,029,13,1711,1795,16
ISABEL LA CATOLICA,ISABEL LA CATOLICA,008,4,2,493,121
ISABEL LA CATOLICA,ISABEL LA CATOLICA,010,4,520,2329,237
ISIDORO DEMARIA,ISIDORO DEMARIA,045,6,803,990,56
ISIDRO LOREA,ISIDRO LOREA,034,4,3201,3299,19
ISLANDIA,ISLANDIA,063,12,5404,5597,56
ITALIA,ITALIA,048,7,407,481,17
ITAQUI,ITAQUI,046,4,1751,2871,62
ITAQUI,ITAQUI,046,8,2212,2599,94
ITAQUI,ITAQUI,052,8,2612,3397,198
ITAQUI,ITAQUI,082,8,6102,9399,235
ITURRI,ITURRI,047,15,18,400,81
ITURRI,ITURRI,049,15,1301,1591,84
ITUZAINGO,ITUZAINGO,008,4,502,2851,147
ITUZAINGO,ITUZAINGO,016,4,902,1200,46
J F BATEMAN,J. F. BATEMAN,081,11,2909,3098,40
JACARANDA,JACARANDA,079,10,1312,1593,76
JACHAL,JACHAL,081,11,3517,3547,7
JACINTO VERDAGUER,JACINTO VERDAGUER,034,4,3512,3591,32
JACOBO ADRIAN VARELA,JACOBO ADRIAN VARELA,052,8,3235,3297,14
JARAMILLO,JARAMILLO,029,13,1595,2364,172
JARAMILLO,JARAMILLO,043,12,2564,3898,387
JARAMILLO,JARAMILLO,055,12,3968,7157,203
JEAN JAURES,JEAN JAURES,013,3,5,997,387
JEAN JAURES,JEAN JAURES,015,2,1015,1198,42
JEANETTE CAMPBELL,JEANETTE CAMPBELL,068,8,4411,4592,21
JERONIMO SALGUERO,AV. JERONIMO SALGUERO,015,2,3405,3545,3
JERONIMO SALGUERO,JERONIMO SALGUERO,015,2,3361,3361,1
JERONIMO SALGUERO,JERONIMO SALGUERO,017,5,5,1095,411
JERONIMO SALGUERO,JERONIMO SALGUERO,019,14,1105,4001,357
JERONIMO SALGUERO,JERONIMO SALGUERO,021,14,2007,3360,283
JOAQUIN CASTELLANOS,JOAQUIN CASTELLANOS,073,12,2951,4895,48
JOAQUIN CASTELLANOS,JOAQUIN CASTELLANOS,075,12,4912,5091,55
JOAQUIN GOMEZ SOMAVILLA,JOAQUIN GOMEZ SOMAVILLA,038,7,2018,2089,20
JOAQUIN V GONZALEZ,JOAQUIN V. GONZALEZ,077,10,8,3726,241
JOAQUIN V GONZALEZ,JOAQUIN V. GONZALEZ,079,10,202,2096,240
JOAQUIN V GONZALEZ,JOAQUIN V. GONZALEZ,079,11,803,2091,237
JOAQUIN V GONZALEZ,JOAQUIN V. GONZALEZ,081,10,2116,2596,109
JOAQUIN V GONZALEZ,JOAQUIN V. GONZALEZ,081,11,2105,27421,365
JOAQUIN V GONZALEZ,JOAQUIN V. GONZALEZ,083,11,3380,5098,357
JOHN FITZGERALD KENNEDY,JOHN FITZGERALD KENNEDY,021,14,2830,3086,32
JOHN WILLIAM COOKE,JOHN WILLIAM COOKE,052,8,3155,3285,5
JORGE,JORGE,018,4,2101,2400,54
JORGE BERMUDEZ,JORGE BERMUDEZ,062,9,1611,1684,13
JORGE CHAVEZ,JORGE CHAVEZ,072,9,7004,7296,106
JORGE LUIS BORGES,JORGE LUIS BORGES,019,14,1610,2498,355
JORGE NEWBERY,AV. JORGE NEWBERY,033,15,3403,4092,267
JORGE NEWBERY,AV. JORGE NEWBERY,047,15,4306,4880,121
JORGE NEWBERY,AV. JORGE NEWBERY,049,15,4733,4733,1
JORGE NEWBERY,JORGE NEWBERY,023,14,1511,4700,184
JORGE NEWBERY,JORGE NEWBERY,033,13,3202,3397,85
JORGE NEWBERY,JORGE NEWBERY,035,13,2407,3196,161
JORGE NEWBERY,JORGE NEWBERY,035,14,2406,2722,38
JOSE A CORTEJARENA,JOSE A. CORTEJARENA,018,4,1801,1982,44
JOSE A CORTEJARENA,JOSE A. CORTEJARENA,024,4,2902,2999,47
JOSE A CORTEJARENA,JOSE A. CORTEJARENA,032,4,3001,3600,133
JOSE A TERRY,JOSE A. TERRY,042,6,206,396,70
JOSE AARON SALMUN FEIJOO,JOSE AARON SALMUN FEIJOO,016,4,325,489,17
JOSE AARON SALMUN FEIJOO,JOSE AARON SALMUN FEIJOO,018,4,505,1297,161
JOSE ANDRES PACHECO DE MELO,JOSE ANDRES PACHECO DE MELO,011,2,1818,2300,160
JOSE ANDRES PACHECO DE MELO,JOSE ANDRES PACHECO DE MELO,015,2,2401,3100,209
JOSE ANTONIO CABRERA,JOSE ANTONIO CABRERA,015,14,3501,3600,46
JOSE ANTONIO CABRERA,JOSE ANTONIO CABRERA,015,2,2904,3500,207
JOSE ANTONIO CABRERA,JOSE ANTONIO CABRERA,019,14,1311,5409,366
JOSE ANTONIO CABRERA,JOSE ANTONIO CABRERA,031,14,4002,5396,239
JOSE ANTONIO CABRERA,JOSE ANTONIO CABRERA,033,14,5446,6094,111
JOSE ANTONIO CABRERA,JOSE ANTONIO CABRERA,035,14,5425,6099,131
JOSE BARROS PAZOS,JOSE BARROS PAZOS,038,4,1606,1694,22
JOSE BARROS PAZOS,JOSE BARROS PAZOS,044,4,1707,1899,37
JOSE BARROS PAZOS,JOSE BARROS PAZOS,044,7,1915,2095,26
JOSE BARROS PAZOS,JOSE BARROS PAZOS,046,4,1706,1888,35
JOSE BARROS PAZOS,JOSE BARROS PAZOS,050,8,2806,3399,107
JOSE BARROS PAZOS,JOSE BARROS PAZOS,052,8,2916,3294,51
JOSE BARROS PAZOS,JOSE BARROS PAZOS,056,8,3407,3985,42
JOSE BARROS PAZOS,JOSE BARROS PAZOS,058,8,3402,3610,19
JOSE BARROS PAZOS,JOSE BARROS PAZOS,066,8,5304,5495,38
JOSE BARROS PAZOS,JOSE BARROS PAZOS,080,8,5509,6977,205
JOSE BARROS PAZOS,JOSE BARROS PAZOS,082,8,4801,9100,194
JOSE BONIFACIO,JOSE BONIFACIO,040,6,17,1100,442
JOSE BONIFACIO,JOSE BONIFACIO,042,6,490,1699,223
JOSE BONIFACIO,JOSE BONIFACIO,042,7,1705,1882,60
JOSE BONIFACIO,JOSE BONIFACIO,048,7,299,3296,473
JOSE BONIFACIO,JOSE BONIFACIO,054,10,3202,3797,153
JOSE BONIFACIO,JOSE BONIFACIO,054,9,2030,7163,252
JOSE BORCHES,JOSE BORCHES,025,13,1001,1870,16
JOSE C PAZ,JOSE C. PAZ,024,4,2901,3000,53
JOSE C PAZ,JOSE C. PAZ,032,4,3100,3698,213
JOSE CELEDONIO BALBIN,JOSE CELEDONIO BALBIN,096,4,1838,1838,2
JOSE CUBAS,JOSE CUBAS,073,12,2106,3194,384
JOSE CUBAS,JOSE CUBAS,083,11,3302,4395,240
JOSE CUBAS,JOSE CUBAS,083,12,3210,3300,42
JOSE CUBAS,JOSE CUBAS,089,11,4406,4899,128
JOSE DE LA QUINTANA,JOSE DE LA QUINTANA,083,12,4413,4498,25
JOSE DE MATURANA,JOSE DE MATURANA,087,10,4743,5094,84
JOSE DE PAULA Y RODRIGUEZ ALVES,JOSE DE PAULA Y RODRIGUEZ ALVES,072,9,601,1098,139
JOSE E CARBALLIDO,JOSE E. CARBALLIDO,060,9,6304,6399,44
JOSE ENRIQUE RODO,JOSE ENRIQUE RODO,054,9,430,4599,272
JOSE ENRIQUE RODO,JOSE ENRIQUE RODO,062,9,4608,5800,357
JOSE ENRIQUE RODO,JOSE ENRIQUE RODO,076,9,3904,7497,502
JOSE FAGNANO,AV. JOSE FAGNANO,083,11,3507,3699,73
JOSE HERNANDEZ,JOSE HERNANDEZ,023,13,1350,2395,251
JOSE HERNANDEZ,JOSE HERNANDEZ,037,13,2405,2826,118
JOSE IGNACIO RUCCI,JOSE IGNACIO RUCCI,078,8,3109,3797,235
JOSE IGNACIO RUCCI,JOSE IGNACIO RUCCI,080,8,3806,4600,200
JOSE IGNACIO RUCCI,JOSE IGNACIO RUCCI,082,8,4602,4698,40
JOSE INGENIEROS,JOSE INGENIEROS,067,11,2610,2990,140
JOSE J PODESTA,JOSE J. PODESTA,093,10,2901,2992,36
JOSE JUAN BIEDMA,JOSE JUAN BIEDMA,057,6,15,1530,246
JOSE JULIAN PEREZ,JOSE JULIAN PEREZ,036,5,511,981,57
JOSE LEON CABEZON,JOSE LEON CABEZON,075,12,2209,3197,329
JOSE LEON CABEZON,JOSE LEON CABEZON,083,11,914,3990,267
JOSE LEON CABEZON,JOSE LEON CABEZON,083,12,3204,3299,57
JOSE LEON PAGANO,JOSE LEON PAGANO,015,14,2712,2768,7
JOSE LEON PAGANO,JOSE LEON PAGANO,015,2,2602,2700,31
JOSE LEON SUAREZ,JOSE LEON SUAREZ,072,9,4,7502,555
JOSE LEON SUAREZ,JOSE LEON SUAREZ,074,9,1494,18961,152
JOSE LEON SUAREZ,JOSE LEON SUAREZ,076,9,2102,3292,484
JOSE LEON SUAREZ,JOSE LEON SUAREZ,078,8,3319,3901,67
JOSE LEON SUAREZ,JOSE LEON SUAREZ,080,8,4732,4996,94
JOSE LEON SUAREZ,JOSE LEON SUAREZ,082,8,5004,5797,289
JOSE LEON SUAREZ,JOSE LEON SUAREZ,084,8,5801,5993,50
JOSE LUIS CANTILO,JOSE LUIS CANTILO,083,11,4112,7301,76
JOSE LUIS CANTILO,JOSE LUIS CANTILO,089,11,4402,5296,361
JOSE LUIS CANTILO,JOSE LUIS CANTILO,093,10,5301,5684,152
JOSE MARIA CALAZA,JOSE MARIA CALAZA,056,9,1402,1598,49
JOSE MARIA MORENO,AV. JOSE MARIA MORENO,038,7,901,2361,289
JOSE MARIA MORENO,AV. JOSE MARIA MORENO,040,6,8,797,311
JOSE MARIA MORENO,AV. JOSE MARIA MORENO,040,7,807,1295,183
JOSE MARIA SAGASTA ISLA,JOSE MARIA SAGASTA ISLA,025,13,2054,2096,30
JOSE MARMOL,JOSE MARMOL,036,5,5,1492,585
JOSE MARMOL,JOSE MARMOL,038,5,1504,2197,228
JOSE MARTI,JOSE MARTI,048,7,15,3065,429
JOSE MARTI,JOSE MARTI,050,7,1211,1896,174
JOSE MARTI,JOSE MARTI,052,8,2802,3494,202
JOSE ORTEGA Y GASSET,JOSE ORTEGA Y GASSET,023,14,501,1996,183
JOSE P TAMBORINI,JOSE P. TAMBORINI,041,12,3101,3800,210
JOSE P TAMBORINI,JOSE P. TAMBORINI,041,13,2535,25647,127
JOSE P TAMBORINI,JOSE P. TAMBORINI,053,12,785,5094,312
JOSE P TAMBORINI,JOSE P. TAMBORINI,063,12,587,6197,368
JOSE PABLO TORCUATO BATLLE Y ORDONEZ,AV. JOSE PABLO TORCUATO BATLLE Y ORDOÑEZ,080,8,6101,6896,250
JOSE PABLO TORCUATO BATLLE Y ORDONEZ,JOSE PABLO TORCUATO BATLLE Y ORDOÑEZ,056,8,3651,3651,1
JOSE PABLO TORCUATO BATLLE Y ORDONEZ,JOSE PABLO TORCUATO BATLLE Y ORDOÑEZ,066,8,4720,5496,72
JOSE PABLO TORCUATO BATLLE Y ORDONEZ,JOSE PABLO TORCUATO BATLLE Y ORDOÑEZ,080,8,4401,6100,226
JOSE PAZOS,JOSE PAZOS,038,4,2225,2596,21
JOSE PEDRO VARELA,JOSE PEDRO VARELA,071,11,3008,3197,74
JOSE PEDRO VARELA,JOSE PEDRO VARELA,081,11,3195,4398,378
JOSE PEDRO VARELA,JOSE PEDRO VARELA,087,11,50,5296,352
JOSE PEDRO VARELA,JOSE PEDRO VARELA,093,10,5301,6100,266
JOSE PIO MUJICA,JOSE PIO MUJICA,038,4,2308,2835,43
JOSE R BALTORE,JOSE R. BALTORE,072,9,6915,6996,18
JOSE VARAS,JOSE VARAS,043,12,3215,3296,18
JOSE VERDI,JOSE VERDI,087,10,1707,1895,67
JUAN A BOERI,JUAN A. BOERI,085,10,1106,1193,31
JUAN A BUSCHIAZZO,JUAN A. BUSCHIAZZO,021,14,327,3095,31
JUAN AGUSTIN GARCIA,JUAN AGUSTIN GARCIA,059,11,1612,2100,213
JUAN AGUSTIN GARCIA,JUAN AGUSTIN GARCIA,059,15,1034,13661,158
JUAN AGUSTIN GARCIA,JUAN AGUSTIN GARCIA,067,11,2018,3196,390
JUAN AGUSTIN GARCIA,JUAN AGUSTIN GARCIA,079,10,3902,4492,213
JUAN AGUSTIN GARCIA,JUAN AGUSTIN GARCIA,079,11,3202,9608,214
JUAN AGUSTIN GARCIA,JUAN AGUSTIN GARCIA,085,10,4502,5299,306
JUAN AGUSTIN GARCIA,JUAN AGUSTIN GARCIA,091,10,708,5998,229
JUAN B AMBROSETTI,JUAN B. AMBROSETTI,045,6,21,1000,332
JUAN B JUSTO,AV. JUAN B JUSTO,019,14,1340,1340,2
JUAN B JUSTO,AV. JUAN B. JUSTO,019,14,703,1480,41
JUAN B JUSTO,AV. JUAN B. JUSTO,031,15,1907,2585,247
JUAN B JUSTO,AV. JUAN B. JUSTO,033,14,1711,1810,24
JUAN B JUSTO,AV. JUAN B. JUSTO,035,14,607,1693,149
JUAN B JUSTO,AV. JUAN B. JUSTO,047,15,1905,3773,353
JUAN B JUSTO,AV. JUAN B. JUSTO,059,11,38,4892,205
JUAN B JUSTO,AV. JUAN B. JUSTO,059,15,3020,3999,140
JUAN B JUSTO,AV. JUAN B. JUSTO,059,6,4004,4400,73
JUAN B JUSTO,AV. JUAN B. JUSTO,067,11,510,5999,435
JUAN B JUSTO,AV. JUAN B. JUSTO,077,10,7516,7994,85
JUAN B JUSTO,AV. JUAN B. JUSTO,079,10,733,7100,267
JUAN B JUSTO,AV. JUAN B. JUSTO,079,11,3030,9394,184
JUAN B JUSTO,AV. JUAN B. JUSTO,085,10,761,7961,205
JUAN B JUSTO,AV. JUAN B. JUSTO,091,10,5102,9197,224
JUAN B JUSTO,AV. JUAN B. JUSTO,093,10,9269,9831,74
JUAN B JUSTO,AV. JUAN B. JUSTO,093,9,9202,9796,95
JUAN B JUSTO,AV. JUAN B. JUSTO,095,10,8002,8316,63
JUAN B JUSTO,AV. JUAN B. JUSTO,095,9,8900,8900,1
JUAN BAUTISTA ALBERDI,AV. JUAN BAUTISTA ALBERDI,040,6,2,3400,527
JUAN BAUTISTA ALBERDI,AV. JUAN BAUTISTA ALBERDI,042,6,115,1699,321
JUAN BAUTISTA ALBERDI,AV. JUAN BAUTISTA ALBERDI,042,7,1701,1900,84
JUAN BAUTISTA ALBERDI,AV. JUAN BAUTISTA ALBERDI,048,7,1901,6624,593
JUAN BAUTISTA ALBERDI,AV. JUAN BAUTISTA ALBERDI,054,10,3201,4699,568
JUAN BAUTISTA ALBERDI,AV. JUAN BAUTISTA ALBERDI,054,9,3802,4700,298
JUAN BAUTISTA ALBERDI,AV. JUAN BAUTISTA ALBERDI,060,10,4555,4899,61
JUAN BAUTISTA ALBERDI,AV. JUAN BAUTISTA ALBERDI,060,9,793,5799,164
JUAN BAUTISTA ALBERDI,AV. JUAN BAUTISTA ALBERDI,062,9,4702,5800,296
JUAN BAUTISTA ALBERDI,AV. JUAN BAUTISTA ALBERDI,074,9,3829,7489,364
JUAN BAUTISTA ALBERDI,AV. JUAN BAUTISTA ALBERDI,076,9,5802,7450,361
JUAN BAUTISTA JANTIN,JUAN BAUTISTA JANTIN,038,5,1984,2193,63
JUAN BAUTISTA PRIMOLI,JUAN BAUTISTA PRIMOLI,076,9,7428,7489,12
JUAN CARLOS GOMEZ,JUAN CARLOS GOMEZ,024,4,5,294,82
JUAN CHASSAING,JUAN CHASSAING,049,15,27,72,15
JUAN DARQUIER,JUAN DARQUIER,018,4,922,984,5
JUAN DE CASTRO,JUAN DE CASTRO,044,7,1408,1595,60
JUAN DE DIOS FILIBERTO,JUAN DE DIOS FILIBERTO,006,4,914,1086,38
JUAN DE GARAY,AV. JUAN DE GARAY,004,1,1,899,133
JUAN DE GARAY,AV. JUAN DE GARAY,006,1,34,182,13
JUAN DE GARAY,AV. JUAN DE GARAY,008,1,250,978,121
JUAN DE GARAY,AV. JUAN DE GARAY,014,1,901,1799,104
JUAN DE GARAY,AV. JUAN DE GARAY,016,1,1182,16446,104
JUAN DE GARAY,AV. JUAN DE GARAY,022,3,1801,19019,178
JUAN DE GARAY,AV. JUAN DE GARAY,024,4,1808,3000,174
JUAN DE GARAY,AV. JUAN DE GARAY,030,3,2601,3299,161
JUAN DE GARAY,AV. JUAN DE GARAY,030,5,3305,3599,72
JUAN DE GARAY,AV. JUAN DE GARAY,032,4,3002,3294,91
JUAN DE GARAY,AV. JUAN DE GARAY,032,5,3302,3600,95
JUAN DE GARAY,AV. JUAN DE GARAY,036,5,3601,4353,165
JUAN DE GARAY,AV. JUAN DE GARAY,038,5,3602,4398,144
JUAN DE SOLORZANO PEREIRA,JUAN DE SOLORZANO PEREIRA,087,11,2715,2794,15
JUAN DEL CASTILLO,JUAN DEL CASTILLO,044,7,1308,1390,8
JUAN ESTEBAN MARTINEZ,JUAN ESTEBAN MARTINEZ,093,10,253,2395,70
JUAN FRANCISCO DE LA ROBLA,JUAN FRANCISCO DE LA ROBLA,065,7,914,990,23
JUAN FRANCISCO OLMOS,JUAN FRANCISCO OLMOS,077,10,10,248,37
JUAN FRANCISCO SEGUI,JUAN FRANCISCO SEGUI,021,14,3507,39141,214
JUAN JOSE NAON,JUAN JOSE NAON,048,7,611,995,93
JUAN LEON PALLIERE,JUAN LEON PALLIERE,062,9,1308,1494,56
JUAN M COGHLAN,JUAN M. COGHLAN,087,11,4509,4858,100
JUAN M THOME,JUAN M. THOME,046,4,3515,35484,19
JUAN MANUEL BLANES,JUAN MANUEL BLANES,006,4,27,498,129
JUAN MARIA GUTIERREZ,JUAN MARIA GUTIERREZ,015,2,2503,2799,100
JUAN MARIA GUTIERREZ,JUAN MARIA GUTIERREZ,021,14,3759,3998,54
JUAN MORA FERNANDEZ,JUAN MORA FERNANDEZ,015,14,2905,2996,30
JUAN P CALOU,JUAN P. CALOU,066,8,5205,5493,70
JUAN PABLO DUARTE,JUAN PABLO DUARTE,073,12,3151,4899,51
JUAN PABLO DUARTE,JUAN PABLO DUARTE,075,12,4904,5193,74
JUAN PABLO II,JUAN PABLO II,056,8,3009,3038,11
JUAN PABLO LOPEZ,JUAN PABLO LOPEZ,089,11,3310,3690,70
JUAN RAMIREZ DE VELASCO,JUAN RAMIREZ DE VELASCO,031,15,101,1200,437
JUAN RAMIREZ DE VELASCO,JUAN RAMIREZ DE VELASCO,033,15,1201,14121,115
JUAN RAMIREZ DE VELASCO,JUAN RAMIREZ DE VELASCO,047,15,2,100,16
JUAN RAMIREZ DE VELAZCO,JUAN RAMIREZ DE VELAZCO,031,15,885,899,3
JUAN SEBASTIAN BACH,JUAN SEBASTIAN BACH,055,12,4313,4496,38
JUAN VUCETICH,JUAN VUCETICH,054,9,428,598,128
JUAN XXIII,JUAN XXIII,044,7,1752,1798,11
JUANA AZURDUY,JUANA AZURDUY,027,13,1506,2393,170
JUANA AZURDUY,JUANA AZURDUY,041,12,3101,3699,155
JUANA AZURDUY,JUANA AZURDUY,041,13,2406,3098,195
JUANA DE ARCO,JUANA DE ARCO,046,4,2506,2596,32
JUANA DE IBARBOUROU,JUANA DE IBARBOUROU,045,6,1037,1083,6
JUANA MANSO,JUANA MANSO,097,1,51,690,43
JUANA MANSO,JUANA MANSO,098,1,701,1696,93
JUANA MANUELA GORRITI,JUANA MANUELA GORRITI,098,1,1109,2202,46
JUEZ ESTRADA,JUEZ ESTRADA,015,14,2703,2891,135
JUEZ MAGNAUD,JUEZ MAGNAUD,034,4,1118,1495,76
JUEZ TEDIN,JUEZ TEDIN,015,14,2404,3097,145
JUEZ TEDIN,JUEZ TEDIN,021,14,3184,3198,4
JUFRE,JUFRE,031,15,2,1200,357
JUJUY,AV. JUJUY,020,3,8,780,114
JUJUY,AV. JUJUY,022,3,824,1586,180
JUJUY,AV. JUJUY,024,4,1606,16810,222
JUJUY,AV. JUJUY,028,3,19,797,146
JUJUY,AV. JUJUY,030,3,809,1595,170
JULIAN AGUIRRE,JULIAN AGUIRRE,074,9,145,1497,36
JULIAN ALVAREZ,JULIAN ALVAREZ,019,14,1302,2498,328
JULIAN ALVAREZ,JULIAN ALVAREZ,021,14,2507,2890,113
JULIAN ALVAREZ,JULIAN ALVAREZ,031,14,155,4401,85
JULIAN ALVAREZ,JULIAN ALVAREZ,031,15,191,1097,294
JULIAN ALVAREZ,JULIAN ALVAREZ,047,15,16,395,112
JULIETA LANTERI,JULIETA LANTERI,098,1,1241,1875,16
JULIO ARGENTINO NOBLE,JULIO ARGENTINO NOBLE,023,14,4045,4045,1
JULIO CORTAZAR,JULIO CORTAZAR,071,15,3191,3697,97
JULIO S DANTAS,JULIO S. DANTAS,079,11,3221,3395,50
JULIO TROXLER,JULIO TROXLER,052,8,3120,3299,21
JUNCAL,JUNCAL,003,1,615,1199,186
JUNCAL,JUNCAL,007,1,1201,1399,101
JUNCAL,JUNCAL,007,2,1401,1792,115
JUNCAL,JUNCAL,011,2,1293,2395,273
JUNCAL,JUNCAL,015,14,3102,3186,21
JUNCAL,JUNCAL,015,2,2401,3100,218
JUNCAL,JUNCAL,021,14,3131,4735,192
JUNIN,JUNIN,009,3,9,785,368
JUNIN,JUNIN,011,2,815,2097,638
JURAMENTO,AV. JURAMENTO,025,13,1702,2391,168
JURAMENTO,JURAMENTO,025,13,608,1700,256
JURAMENTO,JURAMENTO,039,13,2405,3795,416
JURAMENTO,JURAMENTO,051,12,25,7989,577
JUSTO ANTONIO SUAREZ,JUSTO ANTONIO SUAREZ,076,9,6501,7497,183
KING,KING,017,5,306,393,28
LA BLANQUEADA,LA BLANQUEADA,083,11,5105,5373,55
LA CALANDRIA,LA CALANDRIA,067,11,2105,2292,39
LA CAPITAL,LA CAPITAL,038,7,1110,1188,17
LA CAUTIVA,LA CAUTIVA,072,9,311,685,67
LA COMUNA,LA COMUNA,067,11,3114,3193,25
LA CONQUISTA,LA CONQUISTA,093,10,1011,1091,41
LA CONSTANCIA,LA CONSTANCIA,046,4,2505,2695,63
LA CORDILLERA,LA CORDILLERA,062,9,121,1300,53
LA DILIGENCIA,LA DILIGENCIA,093,10,6225,6296,19
LA ESPIGA,LA ESPIGA,069,11,2708,2792,30
LA FACULTAD,LA FACULTAD,054,9,1404,1796,130
LA FACULTAD,LA FACULTAD,056,9,1802,1899,54
LA FONTAINE,LA FONTAINE,062,9,5112,5191,17
LA FRONDA,LA FRONDA,067,11,1506,1692,47
LA GALERA,LA GALERA,044,7,1716,1800,27
LA GLORIA,LA GLORIA,051,12,1910,1998,35
LA HAYA,LA HAYA,061,15,3706,4098,109
LA HUELLA,LA HUELLA,093,10,6210,6298,23
LA HUERTA,LA HUERTA,072,9,6808,6994,33
LA KANTUTA,LA KANTUTA,080,8,4204,4244,6
LA MADRESELVA,LA MADRESELVA,072,9,6804,6997,46
LA MAR,LA MAR,040,6,101,196,41
LA MAREA,LA MAREA,067,11,1607,1691,29
LA MESOPOTAMIA,LA MESOPOTAMIA,080,8,4111,4195,36
LA NAVE,LA NAVE,040,6,188,1095,47
LA NINA,LA NIÑA,085,10,1609,1695,26
LA PAMPA,LA PAMPA,023,13,1150,2384,166
LA PAMPA,LA PAMPA,023,14,452,550,2
LA PAMPA,LA PAMPA,025,13,649,6406,197
LA PAMPA,LA PAMPA,037,13,1795,3692,219
LA PAMPA,LA PAMPA,039,13,368,3799,196
LA PAMPA,LA PAMPA,049,15,3764,4994,186
LA PAMPA,LA PAMPA,051,12,3821,7975,354
LA PAMPA,LA PAMPA,061,15,512,5996,181
LA PINTA,LA PINTA,085,10,1605,1698,27
LA PLATA,AV. LA PLATA,036,5,4,1490,297
LA PLATA,AV. LA PLATA,038,4,1747,4378,392
LA PLATA,AV. LA PLATA,038,5,1522,2198,120
LA PLATA,AV. LA PLATA,038,7,1501,2193,161
LA PLATA,AV. LA PLATA,040,6,7,955,232
LA PLATA,AV. LA PLATA,040,7,117,1499,131
LA PORTENA,LA PORTEÑA,065,7,12,91,34
LA QUENA,LA QUENA,062,9,1920,1995,21
LA RIOJA,LA RIOJA,024,4,1610,2192,160
LA RIOJA,LA RIOJA,028,3,7,796,311
LA RIOJA,LA RIOJA,030,3,803,1595,294
LA RIOJA,LA RIOJA,032,4,1605,3002,164
LA SANTA MARIA,LA SANTA MARIA,085,10,1609,1694,28
LA SELVA,LA SELVA,054,10,4008,4100,43
LA TRILLA,LA TRILLA,038,4,2109,2393,90
LACARRA,AV. LACARRA,054,9,720,1592,249
LACARRA,AV. LACARRA,056,8,2820,3082,32
LACARRA,AV. LACARRA,056,9,1615,2037,36
LACARRA,AV. LACARRA,058,8,3308,3980,16
LACARRA,LACARRA,054,10,4,395,177
LACARRA,LACARRA,054,9,406,935,48
LACARRA,LACARRA,058,8,3443,3443,1
LADINES,LADINES,075,12,2205,3200,324
LADINES,LADINES,083,11,3307,4150,300
LADINES,LADINES,083,12,3202,5002,38
LAFAYETTE,LAFAYETTE,026,4,505,1995,59
LAFINUR,LAFINUR,021,14,2908,3396,177
LAFUENTE,AV. LAFUENTE,048,7,707,1000,95
LAFUENTE,AV. LAFUENTE,050,7,1175,1691,153
LAFUENTE,AV. LAFUENTE,050,8,1919,2594,18
LAFUENTE,LAFUENTE,048,7,2,695,247
LAFUENTE,LAFUENTE,052,8,2603,3288,263
LAGOS,LAGOS,024,4,2901,2989,50
LAGRANGE,LAGRANGE,091,10,1204,1295,42
LAGUNA,LAGUNA,054,9,91,1499,491
LAGUNA,LAGUNA,056,8,2156,2997,62
LAGUNA,LAGUNA,056,9,1504,1593,32
LAGUNA,LAGUNA,058,8,3218,3251,11
LAMBARE,LAMBARE,017,5,804,1281,202
LANCHEROS DEL PLATA,LANCHEROS DEL PLATA,034,4,4455,4499,10
LANIN,LANIN,018,4,2,200,47
LANUS,LANUS,048,7,3014,3194,68
LANZA,LANZA,038,4,2108,2608,147
LAPACHO,LAPACHO,067,11,2219,2298,19
LAPLACE,LAPLACE,081,11,3204,3398,59
LAPRIDA,LAPRIDA,015,2,908,2195,480
LARRAYA,LARRAYA,062,9,1505,2596,282
LARRAYA,LARRAYA,064,8,2644,3492,316
LARRAYA,LARRAYA,066,8,16,4460,196
LARRAZABAL,AV. LARRAZABAL,060,9,114,856858,192
LARRAZABAL,AV. LARRAZABAL,068,8,4530,5130,15
LARRAZABAL,AV. LARRAZABAL,072,9,405,493,27
LARRAZABAL,AV. LARRAZABAL,074,9,503,1291,161
LARRAZABAL,AV. LARRAZABAL,082,8,5001,5001,1
LARRAZABAL,LARRAZABAL,060,9,110,276,42
LARRAZABAL,LARRAZABAL,062,9,1306,5799,248
LARRAZABAL,LARRAZABAL,064,8,2606,3490,186
LARRAZABAL,LARRAZABAL,066,8,3492,4390,145
LARRAZABAL,LARRAZABAL,072,9,101,395,64
LARRAZABAL,LARRAZABAL,076,9,1307,2585,169
LARRAZABAL,LARRAZABAL,078,8,2605,3489,231
LARRAZABAL,LARRAZABAL,080,8,3505,4297,138
LARRAZABAL,LARRAZABAL,082,8,4303,4499,39
LARREA,LARREA,009,3,12,790,411
LARREA,LARREA,011,2,805,2408,316
LARSEN,LARSEN,075,12,2202,3153,286
LARSEN,LARSEN,083,11,3302,3395,28
LARSEN,LARSEN,083,12,3204,3296,36
LAS ACACIAS,LAS ACACIAS,079,10,1186,1589,71
LAS BASES,LAS BASES,072,9,107,682,135
LAS CASAS,LAS CASAS,032,5,3405,3596,94
LAS CASAS,LAS CASAS,038,5,3602,4199,263
LAS COLONIAS,LAS COLONIAS,087,10,2103,2290,48
LAS FLORES,LAS FLORES,049,15,26,194,16
LAS INDIAS,LAS INDIAS,061,15,1014,1097,28
LAS PALMAS,LAS PALMAS,038,4,1057,3043,134
LAS PROVINCIAS,LAS PROVINCIAS,067,11,3007,30232,54
LAS TUNAS,LAS TUNAS,072,9,11111,11198,23
LASCANO,LASCANO,069,11,2201,26565,433
LASCANO,LASCANO,069,15,2004,2199,48
LASCANO,LASCANO,081,10,2200,5564,223
LASCANO,LASCANO,081,11,3202,3884,212
LASCANO,LASCANO,087,10,4161,5295,307
LASCANO,LASCANO,093,10,1397,6999,424
LASTRA,AV. LASTRA,089,11,3505,4395,169
LAURELES ARGENTINOS,LAURELES ARGENTINOS,087,11,5015,5098,46
LAUSANA,LAUSANA,079,11,3305,3493,51
LAUTARO,LAUTARO,044,7,1009,1725,248
LAUTARO,LAUTARO,048,7,6,991,323
LAVADERO,LAVADERO,018,4,2101,2179,10
LAVALLE,LAVALLE,001,1,10,900,286
LAVALLE,LAVALLE,005,1,901,1800,350
LAVALLE,LAVALLE,009,3,258,2700,452
LAVALLE,LAVALLE,013,3,2701,3299,267
LAVALLE,LAVALLE,013,5,3302,3699,170
LAVALLE,LAVALLE,017,5,3702,4100,116
LAVALLEJA,LAVALLEJA,019,14,1310,1593,78
LAVALLEJA,LAVALLEJA,031,14,1207,1334,58
LAVALLEJA,LAVALLEJA,031,15,99,1195,266
LAVALLEJA,LAVALLEJA,047,15,3,391,136
LAVARDEN,LAVARDEN,024,4,11,750,108
LAVARDEN,LAVARDEN,026,4,837,873,6
LAVOISIER,LAVOISIER,063,12,3010,33503354,242
LEANDRO N ALEM,AV. LEANDRO N. ALEM,001,1,10,798,208
LEANDRO N ALEM,AV. LEANDRO N. ALEM,003,1,804,1190,90
LEIPZIG,LEIPZIG,087,10,4904,4992,28
LEIVA,LEIVA,033,15,3905,4090,55
LEIVA,LEIVA,047,15,1607,4900,177
LEON PINELO,LEON PINELO,062,9,4701,4900,77
LEONARDO DA VINCI,LEONARDO DA VINCI,093,10,2009,2390,80
LEONES,LEONES,093,10,1401,1499,34
LEOPARDI,LEOPARDI,060,10,7,526,170
LEOPOLDO BASAVILBASO,LEOPOLDO BASAVILBASO,027,13,905,990,20
LEOPOLDO MARECHAL,AV. LEOPOLDO MARECHAL,045,6,814,1092,53
LEOPOLDO MARECHAL,LEOPOLDO MARECHAL,047,15,1107,1394,108
LERMA,LERMA,031,15,9,700,220
LETONIA,LETONIA,003,1,89,89,1
LEZICA,LEZICA,017,5,3902,4500,235
LIBERTAD,LIBERTAD,003,1,807,1699,160
LIBERTAD,LIBERTAD,005,1,8,791,304
LIBERTAD,LIBERTAD,007,1,810,1698,183
LIBRES,LIBRES,017,5,109,190,25
LIDORO J QUINTEROS,AV. LIDORO J. QUINTEROS,027,13,905,1494,162
LIMA,LIMA,012,1,3,799,174
LIMA,LIMA,014,1,835,1599,202
LIMA,LIMA,016,1,1615,18001,70
LINCOLN,AV. LINCOLN,083,11,3505,4645,195
LINCOLN,AV. LINCOLN,089,11,4634,4694,22
LINNEO,LINNEO,061,15,1801,1899,30
LINNEO,LINNEO,069,15,1901,2195,131
LISANDRO DE LA TORRE,AV. LISANDRO DE LA TORRE,076,9,1804,235532359,425
LISANDRO DE LA TORRE,LISANDRO DE LA TORRE,072,9,12,999,447
LISANDRO DE LA TORRE,LISANDRO DE LA TORRE,074,9,1001,16668,351
LISANDRO DE LA TORRE,LISANDRO DE LA TORRE,078,8,3386,5995,85
LISANDRO DE LA TORRE,LISANDRO DE LA TORRE,080,8,3911,4599,231
LISANDRO DE LA TORRE,LISANDRO DE LA TORRE,082,8,4346,5394,192
LISANDRO DE LA TORRE,LISANDRO DE LA TORRE,084,8,5465,5485,7
LISBOA,LISBOA,091,10,406,497,30
LISBOA,LISBOA,093,10,510,897,126
LITUANIA,LITUANIA,051,12,5407,5482,28
LIVERPOOL,LIVERPOOL,061,15,2801,22964,65
LLAVALLOL,LLAVALLOL,079,11,1502,2094,221
LLAVALLOL,LLAVALLOL,081,11,2117,3494,407
LLAVALLOL,LLAVALLOL,083,11,3395,35093,589
LLERENA,LLERENA,061,15,2407,3197,315
LLORENTE,LLORENTE,032,4,613,691,19
LOBERIA,LOBERIA,054,10,8,190,60
LOBOS,LOBOS,079,10,4310,7380,36
LOGRONO,LOGROÑO,078,8,5502,5691,62
LOMAS DE ZAMORA,LOMAS DE ZAMORA,087,11,2410,2498,24
LONDRES,LONDRES,061,15,246,4396,118
LOPE DE VEGA,AV. LOPE DE VEGA,085,10,601,5300,184
LOPE DE VEGA,AV. LOPE DE VEGA,087,10,1703,2199,121
LOPE DE VEGA,AV. LOPE DE VEGA,087,11,2207,3081,203
LOPE DE VEGA,AV. LOPE DE VEGA,089,11,2417,8300,80
LOPE DE VEGA,AV. LOPE DE VEGA,091,10,606,1700,231
LOPE DE VEGA,AV. LOPE DE VEGA,093,10,1702,5330,398
LOPE DE VEGA,LOPE DE VEGA,077,10,3,587,89
LOPE DE VEGA,LOPE DE VEGA,095,10,12,580,89
LOS ALAMOS,LOS ALAMOS,080,8,42,4389,39
LOS ANDES,LOS ANDES,067,11,3114,3195,26
LOS CEDROS,LOS CEDROS,080,8,6728,6966,29
LOS EUCALIPTOS,LOS EUCALIPTOS,080,8,6716,6799,30
LOS OLMOS,LOS OLMOS,080,8,4212,4399,30
LOS PATOS,LOS PATOS,016,4,1718,1993,56
LOS PATOS,LOS PATOS,024,4,2001,3000,214
LOS PATOS,LOS PATOS,032,4,201,3299,89
LOS PIRINEOS,LOS PIRINEOS,067,11,1309,1394,25
LOS RECUERDOS,LOS RECUERDOS,072,9,311,695,76
LOS ROBLES,LOS ROBLES,080,8,3824,6988,66
LOS TELARES,LOS TELARES,032,4,505,598,17
LOS TERRITORIOS,LOS TERRITORIOS,069,11,2724,2800,21
LOS TILOS,LOS TILOS,080,8,4305,4347,14
LOYOLA,LOYOLA,031,15,1,1200,388
LOYOLA,LOYOLA,033,15,1201,1700,95
LUCERO,LUCERO,028,5,220,293,14
LUCHTER SUR,LÜCHTER (SUR),072,9,7405,7498,43
LUCIO CORREA MORALES,LUCIO CORREA MORALES,052,8,2617,3065,68
LUGO,LUGO,038,4,1116,1200,24
LUGONES,LUGONES,049,15,1404,1799,152
LUGONES,LUGONES,051,12,212,4500,202
LUGONES,LUGONES,053,12,2505,4505,314
LUGONES,LUGONES,055,12,3601,4996,365
LUIS ALBERTO DE HERRERA,LUIS ALBERTO DE HERRERA,078,8,3206,3480,24
LUIS BRAILLE,LUIS BRAILLE,093,10,5304,5798,149
LUIS DELLEPIANE,LUIS DELLEPIANE,005,1,602,690,29
LUIS GAITAN,LUIS GAITAN,054,9,1408,1497,21
LUIS LAGOS GARCIA,LUIS LAGOS GARCIA,072,9,905,997,38
LUIS MARIA CAMPOS,AV. LUIS MARIA CAMPOS,023,13,1402,1700,83
LUIS MARIA CAMPOS,AV. LUIS MARIA CAMPOS,023,14,2,1399,371
LUIS MARIA DRAGO,LUIS MARIA DRAGO,047,15,10,500,169
LUIS VIALE,LUIS VIALE,047,15,8,799,245
LUIS VIALE,LUIS VIALE,059,11,1706,4720,145
LUIS VIALE,LUIS VIALE,059,6,808,1679,238
LUIS VIALE,LUIS VIALE,067,11,1300,3197,359
LUIS VIALE,LUIS VIALE,079,11,3201,3400,52
LUJAN,LUJAN,018,4,1151,2995,172
LUJAN,LUJAN,026,4,3011,3795,46
LUNA,LUNA,024,4,4,572,170
LUNA,LUNA,026,4,608,15878,51
LUXEMBURGO,LUXEMBURGO,074,9,1545,6998,25
LUZURIAGA,LUZURIAGA,016,4,20,679,132
LUZURIAGA,LUZURIAGA,018,4,536,2900,290
LYNCH,LYNCH,034,4,3405,4000,173
MACEDONIO FERNANDEZ,MACEDONIO FERNANDEZ,055,12,5604,6095,230
MACHAIN,MACHAIN,053,12,3002,3591,153
MACHAIN,MACHAIN,055,12,3349,4998,346
MADARIAGA,MADARIAGA,082,8,6115,6981,208
MADERO,MADERO,093,10,409,1237,281
MADERO,MADERO,093,9,343,398,20
MADERO,MADERO,095,9,106,337,64
MADRID,MADRID,093,10,6620,6994,103
MAGALLANES,MAGALLANES,006,4,801,899,17
MAGALLANES,MAGALLANES,010,4,808,1700,242
MAGDALENA,MAGDALENA,087,11,2406,2495,25
MAHATMA GANDHI,MAHATMA GANDHI,047,15,208,798,183
MAIPU,AV. MAIPU,003,1,1210,1550,16
MAIPU,MAIPU,001,1,8,786,321
MAIPU,MAIPU,003,1,805,1030,116
MAITEN,MAITEN,040,6,602,657,23
MALABIA,MALABIA,019,14,1410,4700,336
MALABIA,MALABIA,031,14,1210,1395,73
MALABIA,MALABIA,031,15,406,1190,327
MALABIA,MALABIA,047,15,11,5300,155
MALAGA,MALAGA,078,8,586,5691,55
MALASIA,MALASIA,023,14,805,899,35
MALDONADO,MALDONADO,066,8,5406,5493,38
MALVINAS ARGENTINAS,MALVINAS ARGENTINAS,042,6,8,493,149
MALVINAS ARGENTINAS,MALVINAS ARGENTINAS,042,7,519,1581,130
MANAGUA,MANAGUA,064,8,5417,5492,13
MANCO CAPAC,MANCO CAPAC,050,7,1194,1699,136
MANDISOBI,MANDISOBI,018,4,1969,2999,23
MANUEL A MONTES DE OCA,AV. MANUEL A. MONTES DE OCA,008,4,6,796,138
MANUEL A MONTES DE OCA,AV. MANUEL A. MONTES DE OCA,010,4,850,2278,277
MANUEL A MONTES DE OCA,AV. MANUEL A. MONTES DE OCA,016,4,9,849,170
MANUEL A MONTES DE OCA,AV. MANUEL A. MONTES DE OCA,018,4,851,2275,273
MANUEL ALVAREZ PRADO,MANUEL ALVAREZ PRADO,075,12,2431,2596,17
MANUEL ARCE,MANUEL ARCE,072,9,1005,1194,40
MANUEL ARTIGAS,MANUEL ARTIGAS,060,9,5105,5993,195
MANUEL ARTIGAS,MANUEL ARTIGAS,074,9,4,7199,302
MANUEL DE SAN GINES,MANUEL DE SAN GINES,079,11,1914,1995,28
MANUEL EGUIA,MANUEL EGUIA,044,7,1004,1197,70
MANUEL EGUIA,MANUEL EGUIA,048,7,912,995,26
MANUEL GALVEZ,MANUEL GALVEZ,006,4,159,220,4
MANUEL GARCIA,MANUEL GARCIA,024,4,12,490,162
MANUEL J SAMPERIO,MANUEL J. SAMPERIO,016,4,902,1094,61
MANUEL NICOLAS SAVIO,MANUEL NICOLAS SAVIO,023,14,201,590,27
MANUEL OBARRIO,MANUEL OBARRIO,015,14,2910,2999,58
MANUEL PADILLA,MANUEL PADILLA,051,12,4009,4097,26
MANUEL PORCEL DE PERALTA,MANUEL PORCEL DE PERALTA,091,10,313,365,17
MANUEL PORCEL DE PERALTA,MANUEL PORCEL DE PERALTA,093,10,501,6001,319
MANUEL RICARDO TRELLES,AV. MANUEL RICARDO TRELLES,059,15,2304,2791,175
MANUEL RICARDO TRELLES,MANUEL RICARDO TRELLES,057,7,606,1093,125
MANUEL RICARDO TRELLES,MANUEL RICARDO TRELLES,059,11,1112,2290,433
MANUEL SOLA,MANUEL SOLA,081,11,4407,4496,42
MANUEL SOLA,MANUEL SOLA,087,11,33,4799,112
MANUEL UGARTE,MANUEL UGARTE,027,13,1501,2395,227
MANUEL UGARTE,MANUEL UGARTE,041,12,3101,3800,240
MANUEL UGARTE,MANUEL UGARTE,041,13,2414,3097,232
MANUEL UGARTE,MANUEL UGARTE,053,12,3801,3916,23
MANUELA PEDRAZA,MANUELA PEDRAZA,027,13,1520,2391,204
MANUELA PEDRAZA,MANUELA PEDRAZA,041,12,3108,3896,204
MANUELA PEDRAZA,MANUELA PEDRAZA,041,13,2406,3094,167
MANUELA PEDRAZA,MANUELA PEDRAZA,053,12,3911,51070,314
MANUELA PEDRAZA,MANUELA PEDRAZA,063,12,3393,6392,368
MANUELA SAENZ,MANUELA SAENZ,098,1,310,494,14
MANZANARES,MANZANARES,029,13,1601,2399,183
MANZANARES,MANZANARES,043,12,2910,3895,255
MANZANARES,MANZANARES,055,12,3,4996,225
MANZONI,MANZONI,060,10,5,388,174
MAR DEL PLATA,MAR DEL PLATA,079,10,908,1093,54
MAR DULCE,MAR DULCE,034,4,305,497,30
MARACAIBO,MARACAIBO,058,8,3264,3348,16
MARCELO GAMBOA,MARCELO GAMBOA,093,10,6086,6994,197
MARCELO T DE ALVEAR,MARCELO T. DE ALVEAR,003,1,338,1199,242
MARCELO T DE ALVEAR,MARCELO T. DE ALVEAR,007,1,1201,1400,107
MARCELO T DE ALVEAR,MARCELO T. DE ALVEAR,007,2,1401,1789,187
MARCELO T DE ALVEAR,MARCELO T. DE ALVEAR,011,2,1801,19083,256
MARCOS PAZ,MARCOS PAZ,085,10,941,2192,240
MARCOS PAZ,MARCOS PAZ,087,10,2201,2896,211
MARCOS PAZ,MARCOS PAZ,087,11,2705,3496,225
MARCOS PAZ,MARCOS PAZ,089,11,1526,5120,244
MARCOS SASTRE,MARCOS SASTRE,069,11,2610,3844,240
MARCOS SASTRE,MARCOS SASTRE,081,10,493,4500,254
MARCOS SASTRE,MARCOS SASTRE,081,11,3202,3923,250
MARCOS SASTRE,MARCOS SASTRE,087,10,4508,5293,355
MARCOS SASTRE,MARCOS SASTRE,093,10,5301,6388,267
MARIA ANTONIA DE LA PAZ Y FIGUEROA,MARIA ANTONIA DE LA PAZ Y FIGUEROA,085,10,4508,4593,24
MARIA CATALINA MARCHI,MARIA CATALINA MARCHI,023,14,205,300,22
MARIA LUISA BEMBERG,MARIA LUISA BEMBERG,098,1,215,275,7
MARIA REMEDIOS DEL VALLE,MARIA REMEDIOS DEL VALLE,054,9,3515,3731,34
MARIANO ACHA,MARIANO ACHA,049,15,909,1798,281
MARIANO ACHA,MARIANO ACHA,051,12,1801,2498,207
MARIANO ACHA,MARIANO ACHA,053,12,2504,3590,350
MARIANO ACHA,MARIANO ACHA,055,12,3601,47782,463
MARIANO ACOSTA,AV. MARIANO ACOSTA,056,7,1969,1969,1
MARIANO ACOSTA,AV. MARIANO ACOSTA,056,8,2251,2425,4
MARIANO ACOSTA,MARIANO ACOSTA,050,7,1682,2088,62
MARIANO ACOSTA,MARIANO ACOSTA,050,8,2320,2978,12
MARIANO ACOSTA,MARIANO ACOSTA,050,9,1404,1600,53
MARIANO ACOSTA,MARIANO ACOSTA,052,8,3016,3696,88
MARIANO ACOSTA,MARIANO ACOSTA,054,10,11,596,141
MARIANO ACOSTA,MARIANO ACOSTA,054,9,309,12422,395
MARIANO ACOSTA,MARIANO ACOSTA,056,7,1675,1797,19
MARIANO ACOSTA,MARIANO ACOSTA,056,8,2517,2999,62
MARIANO ACOSTA,MARIANO ACOSTA,056,9,1401,1591,52
MARIANO ACOSTA,MARIANO ACOSTA,058,8,3011,3765,61
MARIANO DEMARIA,MARIANO DEMARIA,049,15,408,498,24
MARIO BERNASCONI,MARIO BERNASCONI,047,15,2201,2300,31
MARIO BRAVO,MARIO BRAVO,013,5,3,998,418
MARIO BRAVO,MARIO BRAVO,015,14,1028,1348,61
MARIO BRAVO,MARIO BRAVO,015,2,1007,1389,64
MARIQUITA SANCHEZ DE THOMPSON,MARIQUITA SANCHEZ DE THOMPSON,097,1,31,397,14
MARISCAL ANTONIO JOSE DE SUCRE,MARISCAL ANTONIO JOSE DE SUCRE,025,13,136,2397,354
MARISCAL ANTONIO JOSE DE SUCRE,MARISCAL ANTONIO JOSE DE SUCRE,039,13,339,30112,318
MARISCAL ANTONIO JOSE DE SUCRE,MARISCAL ANTONIO JOSE DE SUCRE,051,12,3809,4798,217
MARISCAL FRANCISCO SOLANO LOPEZ,MARISCAL FRANCISCO SOLANO LOPEZ,061,15,1225,2397,126
MARISCAL FRANCISCO SOLANO LOPEZ,MARISCAL FRANCISCO SOLANO LOPEZ,071,15,2405,3194,305
MARISCAL FRANCISCO SOLANO LOPEZ,MARISCAL FRANCISCO SOLANO LOPEZ,083,11,3204,3995,260
MARISCAL RAMON CASTILLA,MARISCAL RAMON CASTILLA,015,14,2720,3085,113
MARSELLA,MARSELLA,061,15,2411,2596,47
MARTA LYNCH,MARTA LYNCH,098,1,340,551,13
MARTHA SALOTTI,MARTHA SALOTTI,098,1,340,586,18
MARTIN A MALHARRO,MARTIN A. MALHARRO,043,12,2521,2696,39
MARTIN CORONADO,MARTIN CORONADO,015,14,3104,3185,36
MARTIN CORONADO,MARTIN CORONADO,021,14,3311,3495,5
MARTIN DE MOUSSY,MARTIN DE MOUSSY,006,4,459,459,1
MARTIN FIERRO,MARTIN FIERRO,093,10,5301,5800,153
MARTIN GARCIA,AV. MARTIN GARCIA,006,4,214,300,18
MARTIN GARCIA,AV. MARTIN GARCIA,008,4,302,900,184
MARTIN GRANDOLI,MARTIN GRANDOLI,078,8,5710,5992,64
MARTIN PESCADOR,MARTIN PESCADOR,081,11,2106,2394,111
MARTIN RODRIGUEZ,MARTIN RODRIGUEZ,006,4,251,1198,162
MARTINEZ CASTRO,MARTINEZ CASTRO,054,10,186,293,43
MARTINEZ CASTRO,MARTINEZ CASTRO,054,9,309,3801,442
MARTINEZ CASTRO,MARTINEZ CASTRO,056,8,2650,3000,58
MARTINEZ CASTRO,MARTINEZ CASTRO,056,9,1407,1600,55
MARTINEZ CASTRO,MARTINEZ CASTRO,058,8,3006,3198,23
MARTINEZ DE HOZ,MARTINEZ DE HOZ,072,9,7102,7290,49
MARTINEZ ROSAS,MARTINEZ ROSAS,047,15,901,1494,150
MARTINIANO BONORINO,MARTINIANO BONORINO,063,12,3006,3199,60
MARTINIANO LEGUIZAMON,MARTINIANO LEGUIZAMON,072,9,7,890,307
MARTINIANO LEGUIZAMON,MARTINIANO LEGUIZAMON,074,9,105,6811,243
MARTINIANO LEGUIZAMON,MARTINIANO LEGUIZAMON,076,9,1711,2000,105
MARTINIANO LEGUIZAMON,MARTINIANO LEGUIZAMON,078,8,2925,5495,360
MARTINIANO LEGUIZAMON,MARTINIANO LEGUIZAMON,080,8,3801,4595,217
MARTINIANO LEGUIZAMON,MARTINIANO LEGUIZAMON,082,8,4606,4699,46
MARTIRES PALOTINOS,MARTIRES PALOTINOS,051,12,3920,4147,36
MASON,MASON,031,14,4409,4494,19
MATACO,MATACO,079,10,1312,4156,70
MATANZA,MATANZA,046,4,2016,3814,217
MATEO J MARTINEZ,MATEO J. MARTINEZ,087,11,5210,5299,34
MATHEU,MATHEU,020,3,10,796,200
MATHEU,MATHEU,022,3,804,1597,313
MATHEU,MATHEU,024,4,1606,2190,211
MATORRAS,MATORRAS,040,6,204,399,62
MATURIN,MATURIN,059,15,2099,2899,282
MAURE,MAURE,023,14,898,2390,263
MAURE,MAURE,033,13,3202,3502,88
MAURE,MAURE,033,15,3509,5597,195
MAURE,MAURE,035,13,2406,3196,206
MAURE,MAURE,049,15,4108,4179,25
MAYOR ARTURO PEDRO LUISONI,MAYOR ARTURO PEDRO LUISONI,003,1,359,2575,5
MAZA,MAZA,028,5,5,795,306
MAZA,MAZA,030,5,805,1923,266
MAZA,MAZA,032,5,1710,2698,188
MBURUCUYA,MBURUCUYA,072,9,6814,6996,45
MEDANOS,MEDANOS,059,11,1506,1595,31
MEDEYROS,MEDEYROS,063,12,3406,6298,106
MEDINA,MEDINA,054,10,14,432,167
MEDINA,MEDINA,054,9,503,1798,191
MEDINA,MEDINA,056,9,1805,2028,79
MEDRANO,AV. MEDRANO,017,5,6,1000,513
MEDRANO,MEDRANO,019,14,1015,3902,256
MELGAR,MELGAR,018,4,9,141,30
MELIAN,AV. MELIAN,039,13,1801,2487,198
MELIAN,MELIAN,041,12,2522,3795,264
MELIAN,MELIAN,043,12,3605,4890,245
MELINCUE,MELINCUE,071,11,2462,3200,227
MELINCUE,MELINCUE,071,15,2405,2454,26
MELINCUE,MELINCUE,081,11,2422,4498,444
MELINCUE,MELINCUE,087,11,4506,5296,258
MELINCUE,MELINCUE,093,10,5305,5600,80
MEMBRILLAR,MEMBRILLAR,048,7,12,2350,293
MENDEZ,MENDEZ,046,8,2411,2590,26
MENDEZ DE ANDES,MENDEZ DE ANDES,045,6,401,849,175
MENDEZ DE ANDES,MENDEZ DE ANDES,057,6,605,1699,258
MENDEZ DE ANDES,MENDEZ DE ANDES,057,7,1701,2000,100
MENDEZ DE ANDES,MENDEZ DE ANDES,065,7,2006,2400,113
MENDOZA,AV. MENDOZA,051,12,5010,5505,144
MENDOZA,MENDOZA,025,13,758,17601,337
MENDOZA,MENDOZA,039,13,1612,3791,380
MENDOZA,MENDOZA,051,12,3820,5900,486
MENENDEZ Y PELAYO,MENENDEZ Y PELAYO,077,10,309,394,26
MERCEDES,MERCEDES,077,10,8,721,203
MERCEDES,MERCEDES,079,10,127,4191,314
MERCEDES,MERCEDES,081,10,2106,2599,199
MERCEDES,MERCEDES,081,11,2605,3397,261
MERCEDES,MERCEDES,083,11,3081,5053,337
METAN,METAN,032,5,3601,3700,45
METAN,METAN,038,5,2402,4300,212
MEXICO,MEXICO,002,1,12,897,279
MEXICO,MEXICO,012,1,902,1799,357
MEXICO,MEXICO,020,3,1321,2693,370
MEXICO,MEXICO,028,3,2701,3299,225
MEXICO,MEXICO,028,5,3301,3599,99
MEXICO,MEXICO,036,5,599,4400,357
MIGUEL A CAMINO,MIGUEL A. CAMINO,055,12,3605,3793,133
MIGUEL ANGEL,MIGUEL ANGEL,059,15,1806,1999,82
MIGUEL B SANCHEZ,MIGUEL B. SANCHEZ,027,13,1250,1380,5
MIGUEL B SANCHEZ,MIGUEL B. SANCHEZ,029,13,801,999,3
MIGUEL CANE,MIGUEL CANE,015,14,3024,3055,34
MIGUEL CARLOS VICTORICA,MIGUEL CARLOS VICTORICA,006,4,140,250,4
MIGUEL COUTO,MIGUEL COUTO,087,10,2601,2696,30
MIGUEL COUTO,MIGUEL COUTO,087,11,2703,2795,23
MIGUEL DE UNAMUNO,MIGUEL DE UNAMUNO,026,4,1612,1695,30
MIGUEL NAVARRO VIOLA,MIGUEL NAVARRO VIOLA,044,7,2406,2500,18
MIGUEL SKENNON,MIGUEL SKENNON,072,9,507,582,13
MIGUELETES,MIGUELETES,023,13,1605,1778,51
MIGUELETES,MIGUELETES,023,14,491,1340,257
MIGUELETES,MIGUELETES,025,13,1806,2496,211
MILAN,MILAN,059,11,1710,1796,23
MILLER,MILLER,051,12,1803,4602,217
MILLER,MILLER,053,12,2505,5158,346
MILLER,MILLER,055,12,3569,4999,332
MILTON,MILTON,077,10,18,500,125
MINISTRO BRIN,MINISTRO BRIN,006,4,203,1490,189
MINONES,MIÑONES,025,13,1809,2485,216
MIRAFLORES,MIRAFLORES,044,7,2003,2295,98
MIRALLA,MIRALLA,060,9,9,5695,400
MIRALLA,MIRALLA,062,9,1106,2955,496
MIRALLA,MIRALLA,064,8,2506,3200,314
MIRALLA,MIRALLA,066,8,3318,4368,157
MIRALLA A CEDER,MIRALLA A CEDER,066,8,4371,4392,6
MIRAMAR,MIRAMAR,079,10,4001,7265,129
MIRANDA,MIRANDA,079,10,3902,4491,143
MIRANDA,MIRANDA,079,11,3601,3899,74
MIRANDA,MIRANDA,081,11,3601,3695,16
MIRANDA,MIRANDA,085,10,4455,5297,302
MIRANDA,MIRANDA,091,10,5304,6195,217
MIRAVE,MIRAVE,018,4,2702,2896,73
MIRAVE,MIRAVE,026,4,3020,3669,52
MIRINAY,MIRIÑAY,032,4,87,3589,18
MIRO,MIRO,042,6,10,587,155
MIRO,MIRO,042,7,701,894,57
MIRO,MIRO,044,7,1304,1898,157
MISIONES,MISIONES,020,3,6,396,139
MOCORETA,MOCORETA,032,4,504,590,21
MOCTEZUMA,MOCTEZUMA,085,10,118,1499,169
MOISES LEBENSOHN,MOISES LEBENSOHN,038,4,901,1096,74
MOLDES,MOLDES,037,13,631,1785,216
MOLDES,MOLDES,039,13,1800,2499,222
MOLDES,MOLDES,041,13,2502,3638,283
MOLDES,MOLDES,043,12,2695,4698,192
MOLIERE,MOLIERE,091,10,602,1499,308
MOLIERE,MOLIERE,093,10,1511,3075,405
MOLIERE,MOLIERE,095,10,20,491,87
MOLINA,MOLINA,072,9,131,1391,112
MOLINA,MOLINA,074,9,199,1996,225
MOM,MOM,044,4,2303,2391,38
MOM,MOM,044,7,2006,2297,83
MOM,MOM,046,4,2402,3894,293
MOMPOX,MOMPOX,016,1,1613,1798,42
MONACO,MONACO,081,11,4403,4499,45
MONACO,MONACO,087,11,4509,4595,30
MONASTERIO,MONASTERIO,024,4,5,497,71
MONASTERIO,MONASTERIO,026,4,511,580,6
MONROE,AV. MONROE,039,13,3106,3800,130
MONROE,AV. MONROE,041,12,3101,3705,132
MONROE,AV. MONROE,051,12,2018,7880,240
MONROE,AV. MONROE,053,12,2506,4999,235
MONROE,AV. MONROE,063,12,2047,5299,62
MONROE,MONROE,025,13,804,2390,237
MONROE,MONROE,027,13,839,2395,201
MONROE,MONROE,039,13,2402,3506,134
MONROE,MONROE,041,13,2413,3099,155
MONROE,MONROE,051,12,5106,5898,173
MONROE,MONROE,063,12,5301,5897,104
MONSENOR VICENTE FAUSTINO ZAZPE,MONSEÑOR VICENTE FAUSTINO ZAZPE,021,14,3112,3160,14
MONTANESES,MONTAÑESES,025,13,1601,2500,259
MONTANESES,MONTAÑESES,027,13,2503,3175,183
MONTE,MONTE,054,9,3908,4698,230
MONTE,MONTE,062,9,565,5900,265
MONTE,MONTE,076,9,2930,7492,190
MONTE DINERO,MONTE DINERO,044,7,1511,1592,21
MONTEAGUDO,MONTEAGUDO,024,4,46,830,122
MONTEAGUDO,MONTEAGUDO,026,4,1301,1591,47
MONTEAGUDO,MONTEAGUDO,032,4,209,795,70
MONTEAGUDO,MONTEAGUDO,034,4,807,915,30
MONTENEGRO,MONTENEGRO,047,15,10,380,57
MONTENEGRO,MONTENEGRO,049,15,1320,1689,73
MONTESQUIEU,MONTESQUIEU,024,4,364,595,28
MONTEVIDEO,MONTEVIDEO,005,1,9,793,403
MONTEVIDEO,MONTEVIDEO,007,1,1511,1997,78
MONTEVIDEO,MONTEVIDEO,007,2,805,1994,309
MONTIEL,MONTIEL,072,9,6,1399,603
MONTIEL,MONTIEL,074,9,53,4850,315
MONTIEL,MONTIEL,076,9,2103,3299,511
MONTIEL,MONTIEL,078,8,3462,4088,84
MONTIEL,MONTIEL,080,8,4703,4995,115
MONTIEL,MONTIEL,082,8,5002,6699,325
MONTIEL,MONTIEL,084,8,5801,5959,41
MONTREAL,MONTREAL,064,8,4902,5396,105
MORAN,MORAN,089,11,4900,4900,1
MORELOS,MORELOS,057,6,6,1589,258
MORENO,MORENO,002,1,50,900,213
MORENO,MORENO,012,1,901,1800,399
MORENO,MORENO,020,3,292,2799,436
MORENO,MORENO,028,3,2727,3300,138
MORENO,MORENO,028,5,3301,3600,115
MORENO,MORENO,036,5,3602,3697,37
MORETO,MORETO,054,10,6,495,152
MORETO,MORETO,054,9,507,4565,427
MORLOTE,MORLOTE,061,15,769,1099,98
MORON,MORON,065,7,2310,3200,304
MORON,MORON,077,10,599,5100,649
MORON,MORON,095,10,5101,5190,33
MORSE,MORSE,036,5,4301,4373,20
MOSCU,MOSCU,061,15,5101,5495,87
MOZART,MOZART,054,10,9,497,138
MOZART,MOZART,054,9,507,1597,374
MOZART,MOZART,064,9,1805,5056,88
MUJERES LUCHADORAS,MUJERES LUCHADORAS,056,8,2862,3041,23
MUNECAS,MUÑECAS,047,15,701,11101,254
MUNICH,MUNICH,025,13,1707,1793,15
MUNIZ,MUÑIZ,036,5,12,8087,489
MUNIZ,MUÑIZ,038,5,1617,2187,139
MURATURE,MURATURE,085,10,4501,5098,241
MURATURE,MURATURE,091,10,702,5397,107
MURCIA,MURCIA,047,15,1501,1592,22
MURGUIONDO,MURGUIONDO,072,9,3,800,293
MURGUIONDO,MURGUIONDO,074,9,116,1598,277
MURGUIONDO,MURGUIONDO,076,9,1611,2874,253
MURGUIONDO,MURGUIONDO,078,8,2906,5700,466
MURGUIONDO,MURGUIONDO,080,8,3801,4599,277
MURGUIONDO,MURGUIONDO,082,8,4602,4794,54
MURILLO,MURILLO,047,15,501,1297,219
MUTUALISMO,MUTUALISMO,024,4,2508,2599,31
N NOMBRE OFICIAL 001,N NOMBRE OFICIAL 001,003,1,1928,1950,3
NACIONES UNIDAS,NACIONES UNIDAS,087,11,2716,2992,75
NAHUEL HUAPI,NAHUEL HUAPI,053,12,3930,5000,316
NAHUEL HUAPI,NAHUEL HUAPI,063,12,561,5898,303
NAMUNCURA,NAMUNCURA,087,10,2210,2397,58
NANDUTI,ÑANDUTI,079,10,1305,1589,68
NAPOLES,NAPOLES,061,15,3104,3293,49
NATAL,NATAL,038,4,2305,2593,95
NAVARRO,NAVARRO,061,15,2105,21812183,126
NAVARRO,NAVARRO,071,11,3173,3200,9
NAVARRO,NAVARRO,071,15,2409,3151,234
NAVARRO,NAVARRO,083,11,522,4391,364
NAVARRO,NAVARRO,089,11,4401,5299,345
NAZARRE,NAZARRE,071,11,2504,3192,197
NAZARRE,NAZARRE,081,11,3202,4500,477
NAZARRE,NAZARRE,087,11,2998,5299,312
NAZARRE,NAZARRE,093,10,1102,6292,291
NAZCA,AV. NAZCA,065,7,5,1094,390
NAZCA,AV. NAZCA,067,11,919,2294,581
NAZCA,AV. NAZCA,069,11,2301,3000,444
NAZCA,AV. NAZCA,071,11,2895,6163,178
NAZCA,AV. NAZCA,071,15,3449,3477,2
NAZCA,NAZCA,071,15,2900,7074,185
NAZCA,NAZCA,073,12,4101,4900,248
NAZCA,NAZCA,075,12,4901,5979,382
NECOCHEA,NECOCHEA,006,4,145,1492,399
NEMESIO TREJO,NEMESIO TREJO,085,10,5008,5299,120
NEPPER,NEPPER,044,7,1004,1297,119
NEUQUEN,NEUQUEN,045,6,273,999,274
NEUQUEN,NEUQUEN,057,6,585,1890,281
NEUQUEN,NEUQUEN,057,7,1801,2149,127
NEUQUEN,NEUQUEN,065,7,2151,2999,322
NEVADA,NEVADA,081,11,2505,2594,23
NICANOR MENDEZ,NICANOR MENDEZ,027,13,2503,2593,30
NICARAGUA,NICARAGUA,019,14,4302,5199,224
NICARAGUA,NICARAGUA,035,14,5468,6100,197
NICASIO ORONO,NICASIO OROÑO,057,6,10,1040,251
NICASIO ORONO,NICASIO OROÑO,059,11,1802,1991,78
NICASIO ORONO,NICASIO OROÑO,059,15,2001,2597,243
NICASIO ORONO,NICASIO OROÑO,059,6,1105,16474,243
NICOLAS DESCALZI,NICOLAS DESCALZI,082,8,5404,5594,13
NICOLAS E VIDELA,NICOLAS E. VIDELA,040,6,416,595,53
NICOLAS GRANADA,NICOLAS GRANADA,059,15,1615,1688,39
NICOLAS VILA,NICOLAS VILA,045,6,402,470,19
NIZA,NIZA,059,11,1711,1795,34
NOGOYA,NOGOYA,069,11,2402,3200,185
NOGOYA,NOGOYA,071,11,2405,3195,156
NOGOYA,NOGOYA,081,11,3201,4499,629
NOGOYA,NOGOYA,087,11,2800,5299,404
NOGOYA,NOGOYA,093,10,5301,6399,395
NORUEGA,NORUEGA,081,11,3706,3792,36
NUESTRA SENORA DE CAACUPE,NUESTRA SEÑORA DE CAACUPE,056,8,3804,3849,31
NUEVA YORK,NUEVA YORK,061,15,2107,2399,130
NUEVA YORK,NUEVA YORK,071,15,2408,4009,279
NUEVA YORK,NUEVA YORK,083,11,374,4349,300
NUEVA YORK,NUEVA YORK,083,15,3201,3294,15
NUEVA YORK,NUEVA YORK,089,11,4401,5299,319
NUEVA ZELANDIA,NUEVA ZELANDIA,047,15,4815,4898,22
NUMANCIA,NUMANCIA,045,6,411,492,21
NUNEZ,NUÑEZ,027,13,1519,2396,180
NUNEZ,NUÑEZ,041,12,3101,3900,263
NUNEZ,NUÑEZ,041,13,2407,3100,180
NUNEZ,NUÑEZ,053,12,3902,43559,303
NUNEZ,NUÑEZ,063,12,3493,6399,417
O BRIEN,O' BRIEN,016,1,1129,1299,82
O GORMAN,O' GORMAN,046,8,2458,3636,144
O HIGGINS,O' HIGGINS,023,13,1401,1799,97
O HIGGINS,O' HIGGINS,023,14,1301,1400,27
O HIGGINS,O' HIGGINS,025,13,1804,2500,241
O HIGGINS,O' HIGGINS,027,13,2502,3599,189
O HIGGINS,O' HIGGINS,029,13,3715,4799,171
OBISPO SAN ALBERTO,OBISPO SAN ALBERTO,075,12,2206,3195,288
OBISPO SAN ALBERTO,OBISPO SAN ALBERTO,083,11,3191,3800,186
OBISPO SAN ALBERTO,OBISPO SAN ALBERTO,083,12,3208,3294,35
OBRERO ROBERTO NUNEZ,OBRERO ROBERTO NUÑEZ,017,5,4302,4399,34
OCEANIA,OCEANIA,044,7,1902,1991,18
OHM,OHM,049,15,2204,2285,37
OLAVARRIA,OLAVARRIA,006,4,12,795,412
OLAVARRIA,OLAVARRIA,010,4,802,1700,242
OLAVARRIA,OLAVARRIA,018,4,1703,2875,155
OLAVARRIA,OLAVARRIA,026,4,3106,3250,3
OLAYA,OLAYA,045,6,1005,1099,42
OLAYA,OLAYA,047,15,1106,1900,226
OLAZABAL,AV. OLAZABAL,039,13,3406,5605,77
OLAZABAL,AV. OLAZABAL,051,12,2930,5700,737
OLAZABAL,OLAZABAL,025,13,920,2392,363
OLAZABAL,OLAZABAL,039,13,2408,3399,297
OLEGARIO V ANDRADE,OLEGARIO V. ANDRADE,057,6,280,690,13
OLGA COSSETTINI,OLGA COSSETTINI,097,1,102,390,16
OLGA COSSETTINI,OLGA COSSETTINI,098,1,703,1695,95
OLIDEN,OLIDEN,060,9,14,94,9
OLIDEN,OLIDEN,072,9,5,771,181
OLIDEN,OLIDEN,074,9,702,6200,321
OLIDEN,OLIDEN,076,9,1511,5574,354
OLIDEN,OLIDEN,078,8,2804,3696,322
OLIDEN,OLIDEN,080,8,3708,4593,200
OLIDEN,OLIDEN,082,8,4604,4797,72
OLIVERA,AV. OLIVERA,054,10,5,397,177
OLIVERA,AV. OLIVERA,054,9,405,1136,213
OLIVERA,AV. OLIVERA,062,9,1036,1593,224
OLIVIERI,OLIVIERI,077,10,5,4620,93
OLIVOS,OLIVOS,062,9,5617,5694,18
OLLEROS,AV. OLLEROS,023,14,1510,1899,124
OLLEROS,OLLEROS,023,14,1901,2395,170
OLLEROS,OLLEROS,033,13,3207,3497,81
OLLEROS,OLLEROS,033,15,3509,3996,160
OLLEROS,OLLEROS,035,13,2407,3200,238
OLLEROS,OLLEROS,049,15,4109,4190,47
OLOF PALME,OLOF PALME,055,12,4016,4788,111
OMBU,OMBU,015,14,2901,29401,78
ONCATIVO,ONCATIVO,016,4,1904,1999,31
ONESIMO LEGUIZAMON,ONESIMO LEGUIZAMON,072,9,7121,7491,100
OPORTO,OPORTO,091,10,6113,6292,49
ORMA,ORMA,026,4,3295,3381,5
ORTEGA,ORTEGA,045,6,859,1100,71
ORTIZ DE OCAMPO,AV. ORTIZ DE OCAMPO,015,14,2829,3297,66
ORTIZ DE OCAMPO,AV. ORTIZ DE OCAMPO,015,2,3220,3250,2
ORTIZ DE OCAMPO,AV. ORTIZ DE OCAMPO,021,14,2802,3178,54
ORTIZ DE OCAMPO,ORTIZ DE OCAMPO,015,14,2506,3195,62
ORTIZ DE OCAMPO,ORTIZ DE OCAMPO,021,14,2750,2750,1
ORURO,ORURO,030,3,1015,3109,165
OSAKA,OSAKA,057,6,1208,1296,33
OSCAR NATALIO BONAVENA,OSCAR NATALIO BONAVENA,034,4,1015,1497,129
OSLO,OSLO,061,15,1203,1389,51
OSORIO,OSORIO,049,15,4895,5099,67
OSTENDE,OSTENDE,093,10,2413,2594,56
OSVALDO CRUZ,AV. OSVALDO CRUZ,010,4,1707,1793,11
OSVALDO CRUZ,AV. OSVALDO CRUZ,018,4,1815,2037,42
OSVALDO CRUZ,OSVALDO CRUZ,018,4,2010,3000,213
OSVALDO CRUZ,OSVALDO CRUZ,026,4,3015,3791,67
OSVALDO CRUZ,OSVALDO CRUZ,034,4,3836,4004,23
OTAMENDI,OTAMENDI,045,6,14,691,242
OTERO,OTERO,047,15,5,504,101
OTTAWA,OTTAWA,093,10,2902,3000,42
OWEN,OWEN,018,4,2906,2951,17
PABLO CURATELLA MANES,PABLO CURATELLA MANES,059,11,1918,1988,8
PABLO PODESTA,PABLO PODESTA,085,10,4406,4492,26
PACHECO,PACHECO,051,12,1803,2399,241
PACHECO,PACHECO,053,12,2412,5027,394
PADILLA,PADILLA,047,15,205,1296,279
PADRE CANAVERY,PADRE CANAVERY,029,13,7557,7597,5
PADRE ENRIQUE CONTARDI,PADRE ENRIQUE CONTARDI,034,4,3512,3564,9
PADRE FAHY,PADRE FAHY,087,11,2703,5275,55
PADRE FEDERICO GROTE,PADRE FEDERICO GROTE,010,4,660,800,35
PADRE JUAN BAUTISTA NEUMANN,PADRE JUAN BAUTISTA NEUMANN,027,13,1401,1492,27
PADRE LORENZO BARTOLOME MASSA,PADRE LORENZO BARTOLOME MASSA,040,7,1106,1290,46
PADRE MONTES CARBALLO,PADRE MONTES CARBALLO,054,9,1502,1747,57
PADRE MONTES CARBALLO,PADRE MONTES CARBALLO,062,9,1509,1595,28
PAEZ,PAEZ,057,7,1705,2049,114
PAEZ,PAEZ,065,7,2054,3200,371
PAEZ,PAEZ,077,10,3201,3400,62
PALMAR,PALMAR,072,9,6402,7292,198
PALOS,PALOS,006,4,62,879,176
PALPA,PALPA,023,14,2304,2397,36
PALPA,PALPA,037,13,2407,29696,318
PALPA,PALPA,037,15,3504,3870,107
PALPA,PALPA,049,15,3843,3895,17
PANAMA,PANAMA,017,5,906,998,59
PANTALEON RIVAROLA,PANTALEON RIVAROLA,071,15,2404,2468,12
PARACAS,PARACAS,016,1,50,50,1
PARACAS,PARACAS,016,4,27,1321,69
PARAGUAY,PARAGUAY,003,1,339,1200,308
PARAGUAY,PARAGUAY,007,1,1204,1399,96
PARAGUAY,PARAGUAY,007,2,1402,1800,126
PARAGUAY,PARAGUAY,011,2,891,2500,217
PARAGUAY,PARAGUAY,015,14,3401,3699,69
PARAGUAY,PARAGUAY,015,2,2502,3400,270
PARAGUAY,PARAGUAY,019,14,3602,4908,421
PARAGUAY,PARAGUAY,035,14,5002,5700,252
PARANA,PARANA,005,1,3,1499,376
PARANA,PARANA,007,2,815,1395,221
PAREJA,PAREJA,073,12,2111,5962,370
PAREJA,PAREJA,083,11,3302,4393,253
PAREJA,PAREJA,083,12,3205,3300,40
PAREJA,PAREJA,089,11,4352,4897,162
PARERA,PARERA,007,1,2,191,80
PARIS,PARIS,093,10,480,6874,27
PARKER,PARKER,010,4,25,87,14
PAROISSIEN,PAROISSIEN,029,13,1613,2391,209
PAROISSIEN,PAROISSIEN,043,12,2406,3895,256
PAROISSIEN,PAROISSIEN,055,12,3915,4891,177
PARQUE ROBERTO GOYENECHE,AVENIDA PARQUE ROBERTO GOYENECHE,053,12,2419,32814,92
PARQUE ROBERTO GOYENECHE,AVENIDA PARQUE ROBERTO GOYENECHE,055,12,3915,3993,8
PARQUE ROBERTO GOYENECHE,PARQUE ROBERTO GOYENECHE,055,12,3605,4793,107
PARRAL,PARRAL,045,6,11,277,93
PASAJE 2 DE ABRIL,PASAJE 2 DE ABRIL,071,15,3105,6170,19
PASAJE PARTICULAR,PASAJE PARTICULAR,017,5,132,154,6
PASCO,PASCO,020,3,6,796,243
PASCO,PASCO,022,3,815,1597,280
PASCUAL PEREZ,PASCUAL PEREZ,068,8,4410,4410,1
PASEO COLON,AV. PASEO COLON,002,1,17,800,136
PASEO COLON,AV. PASEO COLON,004,1,801,1397,153
PASEO COLON,AV. PASEO COLON,006,1,1408,1480,15
PASEO COLON,AV. PASEO COLON,006,4,1534,1632,25
PASEO COLON,AV. PASEO COLON,008,1,1407,1457,8
PASO,PASO,009,3,5,797,451
PASO DE LOS LIBRES,PASO DE LOS LIBRES,087,11,2410,2595,40
PASTEUR,PASTEUR,009,3,6,798,471
PATAGONES,PATAGONES,024,4,2410,2990,265
PATRICIAS ARGENTINAS,AV. PATRICIAS ARGENTINAS,045,6,111,490,101
PATRON,PATRON,060,10,5302,5600,63
PATRON,PATRON,060,9,299,6000,92
PATRON,PATRON,072,9,6011,7599,245
PATRON,PATRON,074,9,6014,77176,153
PAUL GROUSSAC,PAUL GROUSSAC,093,10,5310,5797,117
PAULA ALBARRACIN DE SARMIENTO,PAULA ALBARRACIN DE SARMIENTO,079,11,3312,3500,52
PAUNERO,PAUNERO,021,14,2710,2898,86
PAVON,AV. PAVON,036,5,1035,4399,367
PAVON,PAVON,014,1,1101,1788,260
PAVON,PAVON,022,3,1802,2594,303
PAVON,PAVON,030,3,2601,3299,306
PAVON,PAVON,030,5,3301,3600,123
PAYSANDU,PAYSANDU,047,15,2211,2395,39
PAYSANDU,PAYSANDU,057,6,12,1096,232
PAYSANDU,PAYSANDU,059,15,1801,21112,206
PAYSANDU,PAYSANDU,059,6,138,1994,281
PAZ SOLDAN,PAZ SOLDAN,049,15,2035,8186,196
PEDERNERA,PEDERNERA,044,7,1104,1799,206
PEDERNERA,PEDERNERA,046,8,2701,3799,251
PEDERNERA,PEDERNERA,048,7,11,1091,417
PEDRO AGOTE,PEDRO AGOTE,027,13,1302,1921,66
PEDRO BIDEGAIN,PEDRO BIDEGAIN,036,5,4060,4398,70
PEDRO CALDERON DE LA BARCA,PEDRO CALDERON DE LA BARCA,077,10,10,696,130
PEDRO CALDERON DE LA BARCA,PEDRO CALDERON DE LA BARCA,085,10,701,14195,339
PEDRO CALDERON DE LA BARCA,PEDRO CALDERON DE LA BARCA,087,10,1804,2294,195
PEDRO CALDERON DE LA BARCA,PEDRO CALDERON DE LA BARCA,087,11,2312,3166,256
PEDRO CALDERON DE LA BARCA,PEDRO CALDERON DE LA BARCA,089,11,3208,5258,115
PEDRO DE JEREZ,PEDRO DE JEREZ,049,15,407,486,21
PEDRO DE VALDIVIA,PEDRO DE VALDIVIA,087,11,2510,2693,37
PEDRO ECHAGUE,PEDRO ECHAGÜE,016,1,1104,1796,226
PEDRO ECHAGUE,PEDRO ECHAGÜE,024,4,1810,4865,13
PEDRO F ZALDIVAR,PEDRO F. ZALDIVAR,071,15,2518,3220,10
PEDRO GOYENA,AV. PEDRO GOYENA,040,6,1,1100,524
PEDRO GOYENA,AV. PEDRO GOYENA,042,6,1101,1700,342
PEDRO GOYENA,AV. PEDRO GOYENA,042,7,1702,1800,48
PEDRO LOZANO,PEDRO LOZANO,071,11,2650,3181,186
PEDRO LOZANO,PEDRO LOZANO,081,11,3235,4500,404
PEDRO LOZANO,PEDRO LOZANO,087,11,4501,5568,315
PEDRO LOZANO,PEDRO LOZANO,093,10,5308,6031,220
PEDRO MORAN,PEDRO MORAN,061,15,2101,22080,114
PEDRO MORAN,PEDRO MORAN,071,15,2408,3196,269
PEDRO MORAN,PEDRO MORAN,083,11,3202,4399,304
PEDRO MORAN,PEDRO MORAN,083,15,3205,3227,9
PEDRO MORAN,PEDRO MORAN,089,11,1637,8591,344
PEDRO MORAN,PEDRO MORAN,093,10,5302,5550,88
PEDRO N ARATA,PEDRO N. ARATA,026,4,1502,1600,60
PEDRO VELARDE,PEDRO VELARDE,034,4,3204,3295,30
PEDRO ZONZA BRIANO,PEDRO ZONZA BRIANO,006,4,120,172,3
PEHUAJO,PEHUAJO,079,10,901,993,48
PEIPING,PEIPING,087,10,5108,5190,41
PENA,PEÑA,011,2,2001,2500,149
PENA,PEÑA,015,2,2198,3196,225
PEPIRI,PEPIRI,032,4,135,791,129
PEPIRI,PEPIRI,034,4,804,3402,220
PERDRIEL,PERDRIEL,016,4,9,495,77
PERDRIEL,PERDRIEL,018,4,503,1899,260
PEREYRA,PEREYRA,036,5,1216,1590,25
PEREYRA,PEREYRA,038,5,1606,1792,68
PEREYRA LUCENA,PEREYRA LUCENA,015,14,2515,2674,34
PERGAMINO,PERGAMINO,050,7,1556,1991,126
PERGAMINO,PERGAMINO,050,8,2882,2890,2
PERGAMINO,PERGAMINO,050,9,1307,1477,78
PERGAMINO,PERGAMINO,052,8,2906,3870,224
PERGAMINO,PERGAMINO,054,10,5,399,125
PERGAMINO,PERGAMINO,054,9,181,4061,326
PERGAMINO,PERGAMINO,058,8,3695,3795,2
PERIBEBUY,PERIBEBUY,072,9,709,7295,165
PERITO MORENO,AV. PERITO MORENO,034,4,54,600,31
PERITO MORENO,AV. PERITO MORENO,038,4,902,2922,10
PERITO MORENO,AV. PERITO MORENO,044,7,1821,1821,1
PERITO MORENO,AV. PERITO MORENO,050,7,3778,3778,1
PERITO MORENO,AV. PERITO MORENO,054,10,4654,5699,4
PERITO MORENO,AV. PERITO MORENO,054,9,5405,5599,19
PERITO MORENO,AV. PERITO MORENO,056,7,3950,4060,2
PERITO MORENO,AV. PERITO MORENO,060,10,5901,5901,1
PERNAMBUCO,PERNAMBUCO,067,11,2101,2194,17
PERNAMBUCO,PERNAMBUCO,069,11,2206,2693,87
PERRAULT,PERRAULT,044,7,1102,1299,76
PERU,PERU,002,1,7,796,264
PERU,PERU,004,1,806,1400,252
PERU,PERU,008,1,1401,1583,65
PERU,PERU,008,4,1621,1795,78
PESCADORES,PESCADORES,048,7,16,78,11
PESTALOZZI,PESTALOZZI,063,12,3401,3596,82
PETRONA EYLE,PETRONA EYLE,098,1,311,480,6
PI Y MARGALL,PI Y MARGALL,006,4,671,791,40
PI Y MARGALL,PI Y MARGALL,008,4,1002,1300,55
PICHEUTA,PICHEUTA,044,7,1306,2098,255
PICHINCHA,AV. PICHINCHA,024,4,1605,1999,73
PICHINCHA,PICHINCHA,020,3,1,786,302
PICHINCHA,PICHINCHA,022,3,813,1595,302
PICHINCHA,PICHINCHA,024,4,2013,2191,31
PICO,PICO,029,13,1605,4438,202
PICO,PICO,043,12,2402,4099,296
PICO,PICO,055,12,475,4997,199
PIEDRA BUENA,AV. PIEDRA BUENA,078,8,305,3941,60
PIEDRA BUENA,AV. PIEDRA BUENA,080,8,4002,4384,43
PIEDRA BUENA,PIEDRA BUENA,080,8,4430,4700,121
PIEDRA BUENA,PIEDRA BUENA,082,8,4342,5498,307
PIEDRA BUENA,PIEDRA BUENA,084,8,5502,5697,54
PIEDRAS,PIEDRAS,002,1,12,800,253
PIEDRAS,PIEDRAS,004,1,808,8583,249
PIEDRAS,PIEDRAS,008,1,1409,1600,57
PIEDRAS,PIEDRAS,008,4,1611,1998,123
PIERES,PIERES,072,9,102,496,180
PIERES,PIERES,074,9,503,1294,314
PIERES,PIERES,076,9,1304,1995,182
PIERINA DEALESSI,PIERINA DEALESSI,097,1,140,598,18
PIERINA DEALESSI,PIERINA DEALESSI,098,1,716,2020,54
PILA,PILA,076,9,7311,7499,39
PILAR,PILAR,072,9,601,897,122
PILAR,PILAR,074,9,1002,1690,261
PILAR,PILAR,076,9,1705,1996,67
PILCOMAYO,PILCOMAYO,006,4,742,794,12
PILCOMAYO,PILCOMAYO,008,4,1006,1199,31
PILLADO,PILLADO,048,7,711,1198,148
PINTO,PINTO,041,12,3207,35886,128
PINTO,PINTO,043,12,3200,4894,345
PINZON,PINZON,006,4,5,1011,245
PINZON,PINZON,008,4,925,1699,108
PINZON,PINZON,010,4,916,1480,76
PIO COLLIVADINO,PIO COLLIVADINO,054,9,421,736,14
PIO RODRIGUEZ,PIO RODRIGUEZ,093,10,5310,5389,28
PIRAN,PIRAN,063,12,3456,6393,287
PIROVANO,PIROVANO,038,4,10,596,167
PITAGORAS,PITAGORAS,054,9,485,893,64
PIZARRO,PIZARRO,060,10,610,5648,115
PIZARRO,PIZARRO,060,9,5654,5973,90
PIZARRO,PIZARRO,074,9,2469,7692,408
PIZZURNO,PIZZURNO,007,2,935,953,2
PLACIDO MARTINEZ,PLACIDO MARTINEZ,044,7,2003,2099,36
PLANES,PLANES,045,6,601,948,159
PLANES,PLANES,057,6,963,1552,216
PLAZA,PLAZA,049,15,706,1791,381
PLAZA,PLAZA,051,12,1812,2492,189
PLAZA,PLAZA,053,12,286,3583,252
PLAZA,PLAZA,055,12,3602,4891,234
PLUMERILLO,PLUMERILLO,056,8,3401,3996,148
PLUS ULTRA,PLUS ULTRA,043,12,2702,2792,18
PLUTARCO,PLUTARCO,053,12,3008,3100,21
POLA,POLA,060,9,6,5799,446
POLA,POLA,062,9,137,2590,464
POLA,POLA,064,8,2608,3384,315
POLA,POLA,066,8,3437,4323,182
POLICARPO MOM,POLICARPO MOM,025,13,2006,2042,9
POLONIA,POLONIA,074,9,7119,7193,17
PORTELA,PORTELA,048,7,10,1190,238
PORTELA,PORTELA,050,7,1210,1899,190
PORTELA,PORTELA,050,8,2230,2825,16
PORTELA,PORTELA,050,9,1207,1353,30
PORTELA,PORTELA,052,8,2354,3493,226
PORTELA,PORTELA,054,10,5,395,77
PORTELA,PORTELA,054,9,407,1193,165
PORTILLO,PORTILLO,091,10,1212,1298,31
PORTUGAL,PORTUGAL,045,6,507,596,36
POSADAS,POSADAS,003,1,1011,1199,35
POSADAS,POSADAS,007,1,1203,1296,37
POSADAS,POSADAS,007,2,1301,1500,62
POSADAS,POSADAS,011,2,1507,1725,67
POSTA,POSTA,043,12,4005,4799,3
POSTA,POSTA,055,12,4426,4784,40
POSTA DE HORNILLOS,POSTA DE HORNILLOS,064,8,5004,58084,33
POTOSI,POTOSI,017,5,3702,4497,276
PRACTICO POLIZA,PRACTICO POLIZA,010,4,911,1092,24
PRAGA,PRAGA,061,15,1309,1394,16
PRELADO D BUENAVENTURA RISSO PATRON,PRELADO D. BUENAVENTURA RISSO PATRON,095,9,5,150,38
PRESIDENTE FIGUEROA ALCORTA,AV. PRESIDENTE FIGUEROA ALCORTA,015,14,3004,3300,205
PRESIDENTE FIGUEROA ALCORTA,AV. PRESIDENTE FIGUEROA ALCORTA,015,2,0,2270,6
PRESIDENTE FIGUEROA ALCORTA,AV. PRESIDENTE FIGUEROA ALCORTA,021,14,3301,5225,85
PRESIDENTE FIGUEROA ALCORTA,AV. PRESIDENTE FIGUEROA ALCORTA,023,14,5851,6385,5
PRESIDENTE FIGUEROA ALCORTA,AV. PRESIDENTE FIGUEROA ALCORTA,025,13,602,6894,28
PRESIDENTE FIGUEROA ALCORTA,AV. PRESIDENTE FIGUEROA ALCORTA,027,13,7174,7786,34
PRESIDENTE JOSE EVARISTO URIBURU,PRESIDENTE JOSE EVARISTO URIBURU,009,3,3,2202,340
PRESIDENTE JOSE EVARISTO URIBURU,PRESIDENTE JOSE EVARISTO URIBURU,011,2,901,1799,308
PRESIDENTE LUIS SAENZ PENA,PRESIDENTE LUIS SAENZ PEÑA,012,1,6,800,295
PRESIDENTE LUIS SAENZ PENA,PRESIDENTE LUIS SAENZ PEÑA,014,1,807,1586,241
PRESIDENTE LUIS SAENZ PENA,PRESIDENTE LUIS SAENZ PEÑA,016,1,1603,2100,195
PRESIDENTE QUINTANA,AV. PRESIDENTE QUINTANA,011,2,401,600,94
PRESIDENTE QUINTANA,PRESIDENTE QUINTANA,007,1,2,200,85
PRESIDENTE QUINTANA,PRESIDENTE QUINTANA,007,2,202,400,80
PRESIDENTE RAMON S CASTILLO,AV. PRESIDENTE RAMON S. CASTILLO,003,1,226,1180,4
PRESIDENTE RAMON S CASTILLO,AV. PRESIDENTE RAMON S. CASTILLO,015,1,1720,1726,4
PRESIDENTE ROBERTO M ORTIZ,PRESIDENTE ROBERTO M. ORTIZ,011,2,1805,1925,22
PRESIDENTE ROQUE SAENZ PENA,AV. PRESIDENTE ROQUE SAENZ PEÑA,001,1,511,899,110
PRESIDENTE ROQUE SAENZ PENA,AV. PRESIDENTE ROQUE SAENZ PEÑA,005,1,901,1219,88
PRESIDENTE TORRES Y TENORIO,PRESIDENTE TORRES Y TENORIO,044,7,1870,2596,112
PRILIDIANO PUEYRREDON,PRILIDIANO PUEYRREDON,054,9,4106,4196,49
PRIMERA JUNTA,PRIMERA JUNTA,042,7,1375,2000,156
PRIMERA JUNTA,PRIMERA JUNTA,048,7,902,24143,431
PRIMERA JUNTA,PRIMERA JUNTA,054,9,354,4696,449
PRIMERA JUNTA,PRIMERA JUNTA,062,9,4702,5799,263
PRINGLES,PRINGLES,017,5,4,1200,416
PRINGLES,PRINGLES,019,14,1405,4202,32
PRINGLES,PRINGLES,031,14,1312,4199,41
PRINGLES,PRINGLES,031,15,1209,1874,35
PROFESOR DOCTOR PEDRO CHUTRO,PROFESOR DOCTOR PEDRO CHUTRO,024,4,2404,2997,161
PROFESOR DOCTOR PEDRO CHUTRO,PROFESOR DOCTOR PEDRO CHUTRO,032,4,3002,3441,112
PROMETEO,PROMETEO,041,12,3003,3194,72
PROVINCIAS UNIDAS,PROVINCIAS UNIDAS,038,7,301,1495,35
PTE JULIO A ROCA,AV. PTE. JULIO A. ROCA,002,1,502,781,79
PUAN,PUAN,042,6,7,595,174
PUAN,PUAN,042,7,625,889,74
PUAN,PUAN,044,7,1304,2097,242
PUENTE DEL INCA,PUENTE DEL INCA,051,12,4005,4088,21
PUERTO PRINCIPE,PUERTO PRINCIPE,027,13,2521,2599,27
PUEYRREDON,AV. PUEYRREDON,009,3,3,2600,233
PUEYRREDON,AV. PUEYRREDON,011,2,1005,2498,352
PUEYRREDON,AV. PUEYRREDON,013,3,202,996,196
PUEYRREDON,AV. PUEYRREDON,015,2,1010,21110,235
PUJOL,PUJOL,057,6,505,1095,198
PUJOL,PUJOL,059,6,1106,1780,174
PUMACAHUA,PUMACAHUA,042,7,11,1901,305
PUMACAHUA,PUMACAHUA,044,7,1003,1693,182
PUNA,PUNA,032,4,3504,3656,45
PUNTA ARENAS,AV. PUNTA ARENAS,049,15,1220,1596,50
PUNTA ARENAS,AV. PUNTA ARENAS,061,15,1120,1181,7
PUNTA ARENAS,PUNTA ARENAS,059,15,1610,2094,67
PUNTA ARENAS,PUNTA ARENAS,061,15,1611,1799,25
PUNTA ARENAS,PUNTA ARENAS,069,15,1815,2099,60
QUEBRACHO,QUEBRACHO,055,12,4803,4894,16
QUERANDIES,QUERANDIES,017,5,295,4499,111
QUEROL,QUEROL,038,7,902,986,21
QUESADA,QUESADA,027,13,157,2400,261
QUESADA,QUESADA,041,12,3087,3791,226
QUESADA,QUESADA,041,13,2405,3100,236
QUESADA,QUESADA,053,12,3811,414135,310
QUESADA,QUESADA,063,12,5110,56814,319
QUEVEDO,QUEVEDO,087,11,3214,3482,58
QUEVEDO,QUEVEDO,089,11,3507,4090,151
QUILMES,QUILMES,038,4,14,784,230
QUINTANA,QUINTANA,043,12,4401,4896,116
QUINTINO BOCAYUVA,QUINTINO BOCAYUVA,036,5,12,1597,516
QUINTINO BOCAYUVA,QUINTINO BOCAYUVA,038,5,1604,1791,88
QUIRNO,QUIRNO,048,7,5,1083,432
QUIROS,QUIROS,061,15,2602,3086,136
QUITO,QUITO,036,5,3601,40890,351
RAFAEL HERNANDEZ,RAFAEL HERNANDEZ,027,13,72,3093,130
RAFAELA,RAFAELA,054,10,3509,63976,418
RAFAELA,RAFAELA,060,10,4711,8581,206
RAMALLO,RAMALLO,029,13,1620,2399,189
RAMALLO,RAMALLO,043,12,2410,3699,342
RAMALLO,RAMALLO,055,12,1330,4993,205
RAMON J CARCANO,RAMON J. CARCANO,023,14,4045,4045,1
RAMON Y CAJAL,RAMON Y CAJAL,044,7,1202,1296,39
RAMOS MEJIA,RAMOS MEJIA,045,6,602,1096,128
RAMSAY,RAMSAY,025,13,1810,2498,69
RAMSAY,RAMSAY,027,13,2546,2596,5
RANQUELES,RANQUELES,085,10,1807,1890,26
RASTREADOR FOURNIER,RASTREADOR FOURNIER,055,12,5606,5697,74
RAUCH,RAUCH,017,5,3904,3999,33
RAUL SCALABRINI ORTIZ,AV. RAUL SCALABRINI ORTIZ,019,14,216,2498,463
RAUL SCALABRINI ORTIZ,AV. RAUL SCALABRINI ORTIZ,031,14,1106,1297,102
RAUL SCALABRINI ORTIZ,AV. RAUL SCALABRINI ORTIZ,031,15,306,1095,463
RAUL SCALABRINI ORTIZ,AV. RAUL SCALABRINI ORTIZ,047,15,2,295,181
RAUL SCALABRINI ORTIZ,RAUL SCALABRINI ORTIZ,021,14,2520,30925,312
RAULET,RAULET,038,4,11,285,89
RAULIES,RAULIES,061,15,1906,2099,74
RAWSON,RAWSON,017,5,4,394,167
RECONQUISTA,RECONQUISTA,001,1,2,790,241
RECONQUISTA,RECONQUISTA,003,1,805,1198,137
RECUERDOS DE PROVINCIA,RECUERDOS DE PROVINCIA,054,9,4506,4625,34
REGIMIENTO DE PATRICIOS,AV. REGIMIENTO DE PATRICIOS,008,4,1,6015,294
REGIMIENTO DE PATRICIOS,AV. REGIMIENTO DE PATRICIOS,010,4,701,1998,425
REGINA PACINI DE ALVEAR,REGINA PACINI DE ALVEAR,097,1,41,400,8
REMEDIOS,AV. REMEDIOS,062,9,5001,5791,185
REMEDIOS,AV. REMEDIOS,076,9,5828,6090,48
REMEDIOS,REMEDIOS,048,7,2646,3195,209
REMEDIOS,REMEDIOS,054,9,3201,6849,350
REMEDIOS,REMEDIOS,062,9,1724,4993,106
REMEDIOS DE ESCALADA DE SAN MARTIN,REMEDIOS DE ESCALADA DE SAN MARTIN,047,15,303,800,157
REMEDIOS DE ESCALADA DE SAN MARTIN,REMEDIOS DE ESCALADA DE SAN MARTIN,059,11,2051,2051,1
REMEDIOS DE ESCALADA DE SAN MARTIN,REMEDIOS DE ESCALADA DE SAN MARTIN,059,15,805,1100,88
REMEDIOS DE ESCALADA DE SAN MARTIN,REMEDIOS DE ESCALADA DE SAN MARTIN,067,11,2120,3200,373
REMEDIOS DE ESCALADA DE SAN MARTIN,REMEDIOS DE ESCALADA DE SAN MARTIN,079,10,1085,4283,201
REMEDIOS DE ESCALADA DE SAN MARTIN,REMEDIOS DE ESCALADA DE SAN MARTIN,079,11,3202,3700,184
REMEDIOS DE ESCALADA DE SAN MARTIN,REMEDIOS DE ESCALADA DE SAN MARTIN,085,10,4302,5098,333
RENACIMIENTO,RENACIMIENTO,018,4,2704,2795,48
RENAN,RENAN,044,7,1104,1296,77
RENQUE CURA,RENQUE CURA,085,10,1605,1891,90
REPUBLICA,REPUBLICA,040,7,511,595,20
REPUBLICA ARABE SIRIA,REPUBLICA ARABE-SIRIA,021,14,2513,3400,230
REPUBLICA BOLIVARIANA DE VENEZUELA,REPUBLICA BOLIVARIANA DE VENEZUELA,002,1,97,900,281
REPUBLICA BOLIVARIANA DE VENEZUELA,REPUBLICA BOLIVARIANA DE VENEZUELA,012,1,494,1800,401
REPUBLICA BOLIVARIANA DE VENEZUELA,REPUBLICA BOLIVARIANA DE VENEZUELA,020,3,460,2680,383
REPUBLICA BOLIVARIANA DE VENEZUELA,REPUBLICA BOLIVARIANA DE VENEZUELA,028,3,2701,3539,192
REPUBLICA BOLIVARIANA DE VENEZUELA,REPUBLICA BOLIVARIANA DE VENEZUELA,028,5,3301,3596,119
REPUBLICA BOLIVARIANA DE VENEZUELA,REPUBLICA BOLIVARIANA DE VENEZUELA,036,5,3601,4500,365
REPUBLICA DE ESLOVENIA,REPUBLICA DE ESLOVENIA,023,14,1715,1985,81
REPUBLICA DE INDONESIA,REPUBLICA DE INDONESIA,040,6,6,99,55
REPUBLICA DE LA INDIA,REPUBLICA DE LA INDIA,021,14,2729,3189,108
REPUBLICA DOMINICANA,REPUBLICA DOMINICANA,015,14,3302,3400,44
REPUBLICA DOMINICANA,REPUBLICA DOMINICANA,019,14,3402,3586,16
RESERVISTAS ARGENTINOS,AV. RESERVISTAS ARGENTINOS,093,9,309,665,54
RESERVISTAS ARGENTINOS,AV. RESERVISTAS ARGENTINOS,095,9,121,730,85
RESERVISTAS ARGENTINOS,RESERVISTAS ARGENTINOS,095,9,50,232,22
RESURRECCION,RESURRECCION,081,11,3122,3185,19
RICARDO GUIRALDES,RICARDO GÜIRALDES,064,8,3005,3199,71
RICARDO GUTIERREZ,RICARDO GUTIERREZ,069,11,2314,2822,127
RICARDO GUTIERREZ,RICARDO GUTIERREZ,071,11,2787,3193,71
RICARDO GUTIERREZ,RICARDO GUTIERREZ,081,11,3202,3784,126
RICARDO GUTIERREZ,RICARDO GUTIERREZ,083,11,3195,4397,91
RICARDO GUTIERREZ,RICARDO GUTIERREZ,089,11,4410,4884,98
RICARDO MONNER SANS,RICARDO MONNER SANS,081,10,4406,4499,48
RIESTRA,AV. RIESTRA,038,4,1105,1596,183
RIESTRA,AV. RIESTRA,044,4,1602,1788,30
RIESTRA,AV. RIESTRA,044,7,1603,2181,57
RIESTRA,AV. RIESTRA,050,8,2650,3297,26
RIESTRA,AV. RIESTRA,056,8,2615,3667,9
RIESTRA,AV. RIESTRA,066,8,4902,5500,113
RIESTRA,AV. RIESTRA,080,8,5502,6344,340
RIESTRA,RIESTRA,056,8,3551,3691,4
RIGLOS,RIGLOS,040,6,105,939,251
RIGLOS,RIGLOS,040,7,805,1295,166
RINCON,RINCON,020,3,1,2118,268
RINCON,RINCON,022,3,804,1597,269
RIO COLORADO,RIO COLORADO,081,10,4408,4496,58
RIO CUARTO,RIO CUARTO,010,4,1007,1700,118
RIO CUARTO,RIO CUARTO,018,4,1701,2976,294
RIO CUARTO,RIO CUARTO,026,4,3026,3399,151
RIO CUARTO,RIO CUARTO,034,4,1015,4897,218
RIO DE JANEIRO,RIO DE JANEIRO,017,5,1,487493,243
RIO DE JANEIRO,RIO DE JANEIRO,045,6,18,1092,250
RIO DE LA PLATA,RIO DE LA PLATA,096,4,3251,3251,1
RIO GRANDE,RIO GRANDE,054,10,105,191,42
RIO LIMAY,RIO LIMAY,018,4,1210,2489,207
RIO NEGRO,RIO NEGRO,080,8,6406,6496,14
RIO PIEDRAS,RIO PIEDRAS,029,13,1715,1799,20
RIO SALADO,RIO SALADO,089,11,3309,3600,55
RIOBAMBA,RIOBAMBA,009,3,6,797,237
RIOBAMBA,RIOBAMBA,011,2,811,1276,164
RIVADAVIA,AV. RIVADAVIA,001,1,317,449,10
RIVADAVIA,AV. RIVADAVIA,005,1,1501,1799,72
RIVADAVIA,AV. RIVADAVIA,009,3,10,2949,281
RIVADAVIA,AV. RIVADAVIA,013,3,317,3399,102
RIVADAVIA,AV. RIVADAVIA,013,5,3401,3695,80
RIVADAVIA,AV. RIVADAVIA,017,5,3701,4597,220
RIVADAVIA,AV. RIVADAVIA,020,3,1902,2800,239
RIVADAVIA,AV. RIVADAVIA,028,3,303,3400,145
RIVADAVIA,AV. RIVADAVIA,028,5,3402,3838,68
RIVADAVIA,AV. RIVADAVIA,036,5,1310,4484,193
RIVADAVIA,AV. RIVADAVIA,040,6,1608,5670,234
RIVADAVIA,AV. RIVADAVIA,042,6,5640,6200,143
RIVADAVIA,AV. RIVADAVIA,042,7,6202,6398,55
RIVADAVIA,AV. RIVADAVIA,045,6,4601,5647,284
RIVADAVIA,AV. RIVADAVIA,048,7,6402,7700,339
RIVADAVIA,AV. RIVADAVIA,054,10,7702,88523,472
RIVADAVIA,AV. RIVADAVIA,057,6,5651,6199,162
RIVADAVIA,AV. RIVADAVIA,057,7,6201,6399,58
RIVADAVIA,AV. RIVADAVIA,060,10,9202,10300,267
RIVADAVIA,AV. RIVADAVIA,060,9,1430,105558,129
RIVADAVIA,AV. RIVADAVIA,065,7,6401,7699,286
RIVADAVIA,AV. RIVADAVIA,072,9,10084,11696,209
RIVADAVIA,AV. RIVADAVIA,077,10,3301,9599,645
RIVADAVIA,AV. RIVADAVIA,095,10,9601,10399,205
RIVADAVIA,AV. RIVADAVIA,095,9,1075,11097,202
RIVADAVIA,RIVADAVIA,001,1,501,899,58
RIVADAVIA,RIVADAVIA,002,1,3,900,83
RIVADAVIA,RIVADAVIA,005,1,1,1499,131
RIVADAVIA,RIVADAVIA,012,1,5,1472,134
RIVERA INDARTE,RIVERA INDARTE,044,7,1002,1681,158
RIVERA INDARTE,RIVERA INDARTE,046,8,2706,3780,237
RIVERA INDARTE,RIVERA INDARTE,048,7,4,2405,361
ROBERTO CUNNINGHAME GRAHAM,ROBERTO CUNNINGHAME GRAHAM,062,9,1109,1188,29
ROBERTO J PAYRO,ROBERTO J. PAYRO,062,9,1906,1996,43
ROBERTSON,ROBERTSON,044,7,1004,1295,81
ROBERTSON,ROBERTSON,048,7,506,997,125
ROCAMORA,ROCAMORA,017,5,4002,4599,191
ROCHA,ROCHA,010,4,801,1698,251
ROCHA,ROCHA,018,4,1706,1800,44
ROCHDALE,ROCHDALE,018,4,1109,1196,41
RODNEY,RODNEY,047,15,8,400,64
RODOLFO SCAPINO,RODOLFO SCAPINO,078,8,6851,6851,1
RODRIGO DE CEPEDA Y AHUMADA,RODRIGO DE CEPEDA Y AHUMADA,071,15,2415,2485,13
RODRIGO DE IBARROLA,RODRIGO DE IBARROLA,089,11,474,3486,62
RODRIGO DE TRIANA,RODRIGO DE TRIANA,052,8,3106,3294,34
RODRIGO ORTIZ DE ZARATE,RODRIGO ORTIZ DE ZARATE,043,12,3412,3492,22
RODRIGUEZ PENA,RODRIGUEZ PEÑA,005,1,10,797,349
RODRIGUEZ PENA,RODRIGUEZ PEÑA,007,2,811,2098,460
ROGELIO YRURTIA,ROGELIO YRURTIA,055,12,5606,6096,290
ROJAS,ROJAS,045,6,4,1100,481
ROJAS,ROJAS,047,15,1205,2300,264
ROMA,ROMA,093,10,545,1096,189
ROMERO,ROMERO,034,4,135,3907,160
RONDEAU,RONDEAU,016,1,1502,1797,82
RONDEAU,RONDEAU,024,4,1802,2995,284
RONDEAU,RONDEAU,032,4,3002,3298,143
RONDEAU,RONDEAU,032,5,3301,3596,121
RONDEAU,RONDEAU,038,5,2921,4295,225
ROQUE GONZALEZ,ROQUE GONZALEZ,044,7,1302,2370,16
ROQUE PEREZ,ROQUE PEREZ,041,12,2515,3593,284
ROQUE PEREZ,ROQUE PEREZ,043,12,3605,4890,264
ROSALIA DE CASTRO,ROSALIA DE CASTRO,077,10,4602,4784,69
ROSARIO,ROSARIO,040,6,1,900,360
ROSARIO DE LA FRONTERA,ROSARIO DE LA FRONTERA,083,11,4905,4998,27
ROSETI,ROSETI,033,15,2,680,196
ROSETI,ROSETI,037,15,704,999,91
ROSETI,ROSETI,049,15,1002,3902,392
ROUSSEAU,ROUSSEAU,069,15,2008,2099,30
RUBENS,RUBENS,085,10,4545,4900,50
RUFINO,RUFINO,063,12,3006,31400,53
RUFINO DE ELIZALDE,RUFINO DE ELIZALDE,015,14,2819,2850,10
RUFINO JOSE CUERVO,RUFINO JOSE CUERVO,081,11,2602,2695,25
RUIZ DE LOS LLANOS,RUIZ DE LOS LLANOS,091,10,310,1094,201
RUIZ DE LOS LLANOS,RUIZ DE LOS LLANOS,093,10,1107,1596,214
RUIZ DE LOS LLANOS,RUIZ DE LOS LLANOS,095,10,15,152,33
RUIZ HUIDOBRO,AV. RUIZ HUIDOBRO,043,12,3704,3800,23
RUIZ HUIDOBRO,AV. RUIZ HUIDOBRO,055,12,3806,4783,172
RUIZ HUIDOBRO,RUIZ HUIDOBRO,029,13,1604,2396,202
RUIZ HUIDOBRO,RUIZ HUIDOBRO,043,12,2258,3855,328
RUMANIA,RUMANIA,069,11,2705,2796,38
RUPERTO GODOY,RUPERTO GODOY,065,7,712,786,16
RUSIA,RUSIA,069,11,2708,2785,30
RUSSEL,RUSSEL,019,14,4919,5095,35
RUY DIAZ DE GUZMAN,RUY DIAZ DE GUZMAN,008,4,10,399,114
RUY DIAZ DE GUZMAN,RUY DIAZ DE GUZMAN,010,4,611,900,64
SAAVEDRA,SAAVEDRA,020,3,4,2599,221
SAAVEDRA,SAAVEDRA,022,3,168,1297,208
SAENZ,AV. SAENZ,032,4,28,700,131
SAENZ,AV. SAENZ,034,4,710,1500,205
SAENZ,AV. SAENZ,038,4,17,1197,267
SAENZ,AV. SAENZ,046,4,1205,1495,82
SALADILLO,SALADILLO,072,9,1012,1298,112
SALADILLO,SALADILLO,074,9,1305,7539,152
SALADILLO,SALADILLO,076,9,1379,23613,384
SALADILLO,SALADILLO,078,8,3309,3774,45
SALADILLO,SALADILLO,080,8,4820,5000,64
SALADILLO,SALADILLO,082,8,5011,5788,243
SALADILLO,SALADILLO,084,8,5806,5990,22
SALALA,SALALA,048,7,59,85,5
SALAS,SALAS,040,7,49,1195,267
SALCEDO,SALCEDO,024,4,2603,3000,142
SALCEDO,SALCEDO,032,4,3001,3299,145
SALCEDO,SALCEDO,032,5,3301,3599,188
SALCEDO,SALCEDO,038,5,1695,4218,176
SALOM,SALOM,018,4,304,687,155
SALTA,SALTA,012,1,8,793,361
SALTA,SALTA,014,1,815,1588,292
SALTA,SALTA,016,1,1620,17687,139
SALTA,SALTA,016,4,2102,2296,54
SALTO,SALTO,055,12,4811,4870,12
SALVADOR MARIA DEL CARRIL,AV. SALVADOR MARIA DEL CARRIL,061,15,2106,2400,82
SALVADOR MARIA DEL CARRIL,AV. SALVADOR MARIA DEL CARRIL,071,15,2404,3198,182
SALVADOR MARIA DEL CARRIL,AV. SALVADOR MARIA DEL CARRIL,073,12,2101,3195,265
SALVADOR MARIA DEL CARRIL,AV. SALVADOR MARIA DEL CARRIL,083,11,3311,5800,267
SALVADOR MARIA DEL CARRIL,AV. SALVADOR MARIA DEL CARRIL,083,12,3201,3297,30
SALVADOR MARIA DEL CARRIL,AV. SALVADOR MARIA DEL CARRIL,083,15,3206,3298,26
SALVADOR MARIA DEL CARRIL,AV. SALVADOR MARIA DEL CARRIL,089,11,4402,5196,283
SALVIGNY,SALVIGNY,038,4,1124,1496,100
SALVIGNY,SALVIGNY,044,7,1505,2195,97
SAMUEL LAFONE QUEVEDO,SAMUEL LAFONE QUEVEDO,096,4,770,770,1
SAN ANTONIO,SAN ANTONIO,018,4,311,2194,307
SAN ANTONIO DE ARECO,SAN ANTONIO DE ARECO,026,4,1453,1486,7
SAN BENITO DE PALERMO,SAN BENITO DE PALERMO,023,14,1509,1700,76
SAN BLAS,SAN BLAS,059,11,1601,2100,204
SAN BLAS,SAN BLAS,067,11,2102,3196,435
SAN BLAS,SAN BLAS,079,10,3807,4400,218
SAN BLAS,SAN BLAS,079,11,1818,3796,239
SAN BLAS,SAN BLAS,085,10,4406,5100,338
SAN BLAS,SAN BLAS,091,10,5101,5791,202
SAN FRANCISCO,SAN FRANCISCO,026,4,1641,1693,21
SAN FRANCISCO DE ASIS,SAN FRANCISCO DE ASIS,053,12,2086,3194,16
SAN IGNACIO,SAN IGNACIO,036,5,3601,3700,50
SAN IRENEO,SAN IRENEO,040,6,101,394,66
SAN ISIDRO,AV. SAN ISIDRO,043,12,2525,4894,210
SAN JOSE,SAN JOSE,012,1,5,1401,279
SAN JOSE,SAN JOSE,014,1,806,1591,270
SAN JOSE,SAN JOSE,016,1,1605,2021,170
SAN JOSE DE CALASANZ,SAN JOSE DE CALASANZ,040,6,10,795,271
SAN JOSE DE CALASANZ,SAN JOSE DE CALASANZ,040,7,809,1193,134
SAN JUAN,AV. SAN JUAN,004,1,9,896,206
SAN JUAN,AV. SAN JUAN,014,1,902,1800,371
SAN JUAN,AV. SAN JUAN,022,3,1218,19990,489
SAN JUAN,AV. SAN JUAN,030,3,2701,3300,422
SAN JUAN,AV. SAN JUAN,030,5,1197,3600,160
SAN JUAN,AV. SAN JUAN,036,5,367,4400,470
SAN JUAN BAUTISTA DE LA SALLE,AV. SAN JUAN BAUTISTA DE LA SALLE,054,9,2058,2198,43
SAN JUAN BAUTISTA DE LA SALLE,AV. SAN JUAN BAUTISTA DE LA SALLE,056,9,2226,2430,19
SAN JUAN BAUTISTA DE LA SALLE,AV. SAN JUAN BAUTISTA DE LA SALLE,062,9,1501,2091,128
SAN JUAN BAUTISTA DE LA SALLE,AV. SAN JUAN BAUTISTA DE LA SALLE,064,9,2201,2443,43
SAN LORENZO,SAN LORENZO,002,1,205,400,49
SAN LUIS,SAN LUIS,009,3,2402,2695,79
SAN LUIS,SAN LUIS,013,3,2455,3300,232
SAN LUIS,SAN LUIS,013,5,3301,3489,66
SAN MARTIN,AV. SAN MARTIN,047,15,1203,1537,27
SAN MARTIN,AV. SAN MARTIN,047,6,1202,1490,64
SAN MARTIN,AV. SAN MARTIN,059,11,2202,3200,194
SAN MARTIN,AV. SAN MARTIN,059,15,1555,3500,432
SAN MARTIN,AV. SAN MARTIN,059,6,1502,2200,138
SAN MARTIN,AV. SAN MARTIN,061,15,3501,7399,116
SAN MARTIN,AV. SAN MARTIN,069,11,3950,4500,88
SAN MARTIN,AV. SAN MARTIN,069,15,3502,3798,78
SAN MARTIN,AV. SAN MARTIN,071,11,4516,5900,230
SAN MARTIN,AV. SAN MARTIN,071,15,4511,5919,165
SAN MARTIN,AV. SAN MARTIN,083,11,2630,697936981,459
SAN MARTIN,AV. SAN MARTIN,083,15,5959,6199,47
SAN MARTIN,SAN MARTIN,001,1,10,795,271
SAN MARTIN,SAN MARTIN,003,1,801,1275,106
SAN MARTIN,SAN MARTIN,097,1,1305,1391,4
SAN MARTIN DE TOURS,SAN MARTIN DE TOURS,021,14,2815,3197,92
SAN MATEO,SAN MATEO,019,14,3720,3793,28
SAN NICOLAS,SAN NICOLAS,077,10,15,795,227
SAN NICOLAS,SAN NICOLAS,079,11,812,15446,459
SAN NICOLAS,SAN NICOLAS,081,11,2210,22387,382
SAN NICOLAS,SAN NICOLAS,083,11,3511,5512,344
SAN PEDRITO,AV. SAN PEDRITO,048,7,5,885,379
SAN PEDRITO,SAN PEDRITO,048,7,902,1096,57
SAN PEDRITO,SAN PEDRITO,050,7,1104,1543,143
SAN PEDRITO,SAN PEDRITO,050,8,2610,2790,53
SAN PEDRITO,SAN PEDRITO,052,8,2601,3871,185
SAN PEDRO,SAN PEDRO,054,9,3523,4700,260
SAN PEDRO,SAN PEDRO,062,9,507,5881,416
SAN PEDRO,SAN PEDRO,076,9,3720,7497,283
SAN RICARDO,SAN RICARDO,018,4,2010,2487,28
SAN SEBASTIAN,SAN SEBASTIAN,045,6,410,496,35
SANABRIA,SANABRIA,077,10,615,790,29
SANABRIA,SANABRIA,079,10,335,2087,353
SANABRIA,SANABRIA,081,10,2107,2600,229
SANABRIA,SANABRIA,081,11,2601,3400,389
SANABRIA,SANABRIA,083,11,3405,4900,333
SANCHEZ,SANCHEZ,059,11,1714,2295,205
SANCHEZ DE BUSTAMANTE,SANCHEZ DE BUSTAMANTE,013,3,11,125,19
SANCHEZ DE BUSTAMANTE,SANCHEZ DE BUSTAMANTE,013,5,6,1091,338
SANCHEZ DE BUSTAMANTE,SANCHEZ DE BUSTAMANTE,015,14,2607,2686,32
SANCHEZ DE BUSTAMANTE,SANCHEZ DE BUSTAMANTE,015,2,243,2596,472
SANCHEZ DE LORIA,AV. SANCHEZ DE LORIA,032,4,2014,2384,58
SANCHEZ DE LORIA,AV. SANCHEZ DE LORIA,032,5,2021,3187,59
SANCHEZ DE LORIA,SANCHEZ DE LORIA,028,3,8,896,139
SANCHEZ DE LORIA,SANCHEZ DE LORIA,028,5,15,893,164
SANCHEZ DE LORIA,SANCHEZ DE LORIA,030,3,906,1696,126
SANCHEZ DE LORIA,SANCHEZ DE LORIA,030,5,907,1685,144
SANCHEZ DE LORIA,SANCHEZ DE LORIA,032,4,1708,1990,48
SANCHEZ DE LORIA,SANCHEZ DE LORIA,032,5,1721,1999,54
SANTA CATALINA,SANTA CATALINA,038,4,1306,1394,48
SANTA CATALINA,SANTA CATALINA,046,4,1401,2095,184
SANTA CATALINA,SANTA CATALINA,046,8,2102,2199,11
SANTA CRUZ,SANTA CRUZ,024,4,10,288,38
SANTA ELENA,SANTA ELENA,018,4,310,2699,185
SANTA FE,AV. SANTA FE,003,1,690,1200,156
SANTA FE,AV. SANTA FE,007,1,1201,1400,92
SANTA FE,AV. SANTA FE,007,2,1401,1800,214
SANTA FE,AV. SANTA FE,011,2,1090,2969,366
SANTA FE,AV. SANTA FE,015,14,3201,3300,50
SANTA FE,AV. SANTA FE,015,2,2501,3200,367
SANTA FE,AV. SANTA FE,019,14,2489,4658,384
SANTA FE,AV. SANTA FE,021,14,3301,4609,170
SANTA FE,AV. SANTA FE,023,14,4815,5395,111
SANTA FE,AV. SANTA FE,035,14,2026,5400,158
SANTA MAGDALENA,SANTA MAGDALENA,018,4,308,987,197
SANTA MARIA DEL BUEN AIRE,SANTA MARIA DEL BUEN AIRE,018,4,302,1150,246
SANTA ROSA,SANTA ROSA,019,14,4901,5189,43
SANTA TERESA,SANTA TERESA,014,1,1405,1499,29
SANTANDER,SANTANDER,038,7,302,993,235
SANTANDER,SANTANDER,044,7,1007,2596,495
SANTANDER,SANTANDER,050,7,315,3390,86
SANTANDER,SANTANDER,056,9,3717,3993,101
SANTANDER,SANTANDER,064,8,3490,5480,210
SANTANDER,SANTANDER,064,9,4011,4191,23
SANTANDER,SANTANDER,078,8,5229,6186,173
SANTIAGO COSTAMAGNA,SANTIAGO COSTAMAGNA,082,8,5713,5849,12
SANTIAGO DE CHILE,SANTIAGO DE CHILE,072,9,6401,6496,48
SANTIAGO DE COMPOSTELA,AV. SANTIAGO DE COMPOSTELA,056,9,3707,3975,17
SANTIAGO DE LAS CARRERAS,SANTIAGO DE LAS CARRERAS,054,10,4,396,185
SANTIAGO DEL ESTERO,SANTIAGO DEL ESTERO,012,1,8,794,320
SANTIAGO DEL ESTERO,SANTIAGO DEL ESTERO,014,1,808,1595,319
SANTIAGO DEL ESTERO,SANTIAGO DEL ESTERO,016,1,1602,6002,161
SANTO DOMINGO,SANTO DOMINGO,018,4,1701,2996,288
SANTO DOMINGO,SANTO DOMINGO,026,4,3007,3784,118
SANTO DOMINGO,SANTO DOMINGO,034,4,3807,4480,106
SANTO TOME,SANTO TOME,069,11,2310,3199,357
SANTO TOME,SANTO TOME,081,10,2302,4499,215
SANTO TOME,SANTO TOME,081,11,3211,3896,253
SANTO TOME,SANTO TOME,087,10,4502,5300,365
SANTO TOME,SANTO TOME,093,10,5308,9279,460
SANTOS DUMONT,SANTOS DUMONT,023,14,2305,2395,31
SANTOS DUMONT,SANTOS DUMONT,033,13,201,201,1
SANTOS DUMONT,SANTOS DUMONT,033,15,3405,4091,183
SANTOS DUMONT,SANTOS DUMONT,035,14,2408,2755,97
SANTOS DUMONT,SANTOS DUMONT,047,15,4306,4892,187
SANTOS IRIGOYEN,SANTOS IRIGOYEN,034,4,904,993,49
SANTOS VEGA,SANTOS VEGA,075,12,5801,5899,22
SARACHAGA,SARACHAGA,077,10,4045,5300,358
SARACHAGA,SARACHAGA,095,10,5302,5696,146
SARANDI,SARANDI,020,3,4,796,238
SARANDI,SARANDI,022,3,809,2007,249
SARAVIA,SARAVIA,064,9,2206,2491,105
SARAZA,SARAZA,038,7,47,1100,246
SARAZA,SARAZA,044,7,1102,2599,356
SARAZA,SARAZA,064,8,4202,5494,91
SARAZA,SARAZA,078,8,5511,6285,121
SARGENTO CABRAL,SARGENTO CABRAL,003,1,815,893,25
SARGENTO EDUARDO ROMERO,SARGENTO EDUARDO ROMERO,027,13,2506,2593,24
SARMIENTO,AV. SARMIENTO,021,14,2690,2715,11
SARMIENTO,SARMIENTO,001,1,99,895,233
SARMIENTO,SARMIENTO,005,1,304,1800,368
SARMIENTO,SARMIENTO,009,3,1802,2791,440
SARMIENTO,SARMIENTO,013,3,293,33361,250
SARMIENTO,SARMIENTO,013,5,3401,3800,154
SARMIENTO,SARMIENTO,017,5,3815,4699,382
SAYOS,SAYOS,066,8,4905,5500,117
SAYOS,SAYOS,080,8,4578,6100,170
SEGUIN MARCOS,SEGUIN MARCOS,038,4,2508,2597,38
SEGUNDO INIGO CARRERA,SEGUNDO IÑIGO CARRERA,072,9,7163,7295,32
SEGUROLA,AV. SEGUROLA,077,10,7,796,260
SEGUROLA,AV. SEGUROLA,079,10,807,1949,223
SEGUROLA,AV. SEGUROLA,081,10,2015,2499,112
SEGUROLA,AV. SEGUROLA,081,11,2501,3297,123
SEGUROLA,AV. SEGUROLA,083,11,3411,6379,137
SEGUROLA,AV. SEGUROLA,085,10,802,1998,236
SEGUROLA,AV. SEGUROLA,087,10,2008,2500,130
SEGUROLA,AV. SEGUROLA,087,11,2490,3296,129
SEGUROLA,AV. SEGUROLA,089,11,3470,4696,100
SEGUROLA,SEGUROLA,081,10,2455,2455,1
SENDERO,SENDERO,050,7,2681,2856,28
SENDERO 14 DE MAYO,SENDERO 14 DE MAYO,056,8,3003,3034,9
SENDERO 6 DE AGOSTO,SENDERO 6 DE AGOSTO,056,8,3924,3975,6
SENDERO A CEDER,SENDERO A CEDER,056,8,3004,3955,9
SENDERO A CEDER SIN NOMBRE OFICIAL,SENDERO A CEDER SIN NOMBRE OFICIAL,066,8,4262,4692,47
SENDERO DE LA FUERZA,SENDERO DE LA FUERZA,056,8,3924,3975,5
SENDERO DE LA PAZ,SENDERO DE LA PAZ,056,8,3075,3974,4
SENDERO MUJERES VICTORIOSAS,SENDERO MUJERES VICTORIOSAS,056,8,3003,3036,15
SENDERO PEATONAL SIN NOMBRE OFICIAL,SENDERO PEATONAL SIN NOMBRE OFICIAL,034,4,1838,1862,3
SENDERO SIN NOMBRE OFICIAL,SENDERO SIN NOMBRE OFICIAL,003,1,903,1198,152
SENDERO SIN NOMBRE OFICIAL,SENDERO SIN NOMBRE OFICIAL,026,4,1405,3782,170
SENDERO SIN NOMBRE OFICIAL,SENDERO SIN NOMBRE OFICIAL,034,4,1811,3823,7
SENDERO SIN NOMBRE OFICIAL,SENDERO SIN NOMBRE OFICIAL,049,15,2357,2468,4
SENDERO SIN NOMBRE OFICIAL,SENDERO SIN NOMBRE OFICIAL,064,9,4350,4356,4
SENDERO SIN NOMBRE OFICIAL,SENDERO SIN NOMBRE OFICIAL,066,8,22,5393,48
SENDERO SIN NOMBRE OFICIAL,SENDERO SIN NOMBRE OFICIAL,098,1,930,1791,14
SENDERO SIN NOMBRE OFICIAL A CEDER,SENDERO SIN NOMBRE OFICIAL A CEDER,015,1,2228,2288,7
SENDERO SIN NOMBRE OFICIAL A CEDER,SENDERO SIN NOMBRE OFICIAL A CEDER,044,7,1845,2567,55
SENDERO SIN NOMBRE OFICIAL A CEDER,SENDERO SIN NOMBRE OFICIAL A CEDER,080,8,15553,15593,3
SENDERO SIN NOMBRE OFICIAL ORD 44873 91,SENDERO SIN NOMBRE OFICIAL (ORD 44873/91),026,4,1421,3691,45
SENDERO SIN NOMBRE OFICIAL ORD 44873 91,SENDERO SIN NOMBRE OFICIAL (ORD. 44873/91),056,8,3683,3684,2
SENDERO SIN NOMBRE OFICIAL ORD 44873 91,SENDERO SIN NOMBRE OFICIAL (ORD. 44873/91),066,8,4334,5484,63
SENILLOSA,SENILLOSA,038,7,1404,2095,213
SENILLOSA,SENILLOSA,040,6,6,895,354
SENILLOSA,SENILLOSA,040,7,90,1395,148
SERRANO,SERRANO,019,14,1406,1599,71
SERRANO,SERRANO,031,14,1209,1395,63
SERRANO,SERRANO,031,15,505,1194,318
SERRANO,SERRANO,047,15,14,496,168
SERVET,SERVET,034,4,1206,1394,39
SEVERO GARCIA GRANDE DE ZEQUEIRA,SEVERO GARCIA GRANDE DE ZEQUEIRA,060,9,553,5999,161
SEVERO GARCIA GRANDE DE ZEQUEIRA,SEVERO GARCIA GRANDE DE ZEQUEIRA,074,9,1802,76921,435
SEVILLA,SEVILLA,015,14,2906,2990,70
SHAKESPEARE,SHAKESPEARE,053,12,4903,4989,19
SHANGHAI,SHANGHAI,064,9,2008,2193,42
SIERRA GRANDE,SIERRA GRANDE,081,11,2602,2686,22
SILVIO L RUGGIERI,SILVIO L. RUGGIERI,021,14,2701,3085,116
SIMBRON,SIMBRON,071,11,2902,3195,111
SIMBRON,SIMBRON,081,11,3207,4400,393
SIMBRON,SIMBRON,087,11,2846,5297,360
SIMBRON,SIMBRON,093,10,5306,6175,330
SIN NOMBRE OFICIAL,SIN  NOMBRE OFICIAL,098,1,160,160,1
SIN NOMBRE OFICIAL,SIN NOMBRE OFICIAL,003,1,2001,2001,1
SIN NOMBRE OFICIAL,SIN NOMBRE OFICIAL,006,4,186,916,52
SIN NOMBRE OFICIAL,SIN NOMBRE OFICIAL,012,1,1055,1055,1
SIN NOMBRE OFICIAL,SIN NOMBRE OFICIAL,023,14,4806,5098,6
SIN NOMBRE OFICIAL,SIN NOMBRE OFICIAL,036,5,20,70,28
SIN NOMBRE OFICIAL,SIN NOMBRE OFICIAL,038,4,1425,1425,1
SIN NOMBRE OFICIAL,SIN NOMBRE OFICIAL,043,12,3256,36283636,100
SIN NOMBRE OFICIAL,SIN NOMBRE OFICIAL,056,8,3458,3666,5
SIN NOMBRE OFICIAL,SIN NOMBRE OFICIAL,057,6,245,1571,12
SIN NOMBRE OFICIAL,SIN NOMBRE OFICIAL,064,8,2342,4689,25
SIN NOMBRE OFICIAL,SIN NOMBRE OFICIAL,068,8,4520,5125,24
SIN NOMBRE OFICIAL,SIN NOMBRE OFICIAL,078,8,6490,6650,2
SIN NOMBRE OFICIAL,SIN NOMBRE OFICIAL,096,4,1195,1552,2
SIN NOMBRE OFICIAL,SIN NOMBRE OFICIAL,098,1,854,1800,99
SINCLAIR,SINCLAIR,021,14,2905,33271,156
SOCRATES,SOCRATES,053,12,3005,3094,26
SOFIA,SOFIA,061,15,1547,1555,3
SOLDADO DE LA FRONTERA,AV. SOLDADO DE LA FRONTERA,082,8,4903,5542,235
SOLDADO DE LA INDEPENDENCIA,SOLDADO DE LA INDEPENDENCIA,023,13,1402,1500,34
SOLDADO DE LA INDEPENDENCIA,SOLDADO DE LA INDEPENDENCIA,023,14,436,1399,313
SOLER,SOLER,015,14,3602,3793,52
SOLER,SOLER,015,2,3201,3600,140
SOLER,SOLER,019,14,3801,5200,463
SOLER,SOLER,035,13,600,600,1
SOLER,SOLER,035,14,2631,6099,243
SOLIS,SOLIS,012,1,110,800,246
SOLIS,SOLIS,014,1,807,1589,252
SOLIS,SOLIS,016,1,1605,2191,199
SOMELLERA,SOMELLERA,038,4,805,1396,200
SOMELLERA,SOMELLERA,044,7,1412,1999,150
SOMELLERA,SOMELLERA,066,8,4801,5500,216
SOMELLERA,SOMELLERA,080,8,5505,6485,174
SOR JUANA INES DE LA CRUZ,SOR JUANA INES DE LA CRUZ,059,6,1305,1697,125
SORIA,SORIA,019,14,4930,5172,33
STEPHENSON,STEPHENSON,049,15,2743,2890,30
SUAREZ,AV. SUAREZ,018,4,1165,2127,181
SUAREZ,SUAREZ,006,4,1,4456,370
SUAREZ,SUAREZ,010,4,852,1699,229
SUAREZ,SUAREZ,018,4,800,2900,54
SUAREZ,SUAREZ,026,4,2945,3697,20
SUD AMERICA,SUD AMERICA,026,4,1509,1598,32
SUECIA,SUECIA,060,10,510,597,30
SUIPACHA,SUIPACHA,001,1,7,795,158
SUIPACHA,SUIPACHA,003,1,805,1492,272
SUIPACHA,SUIPACHA,005,1,10,788,173
SUIZA,SUIZA,059,11,2004,2095,30
SUMACA SANTISIMA TRINIDAD,SUMACA SANTISIMA TRINIDAD,082,8,4956,5042,14
SUNCHALES,SUNCHALES,047,15,509,799,100
SUNCHALES,SUNCHALES,059,15,801,897,29
SUPERI,SUPERI,037,13,1101,3402,223
SUPERI,SUPERI,039,13,1801,3371,195
SUPERI,SUPERI,041,12,2507,3596,350
SUPERI,SUPERI,043,12,3601,4899,278
TABARE,TABARE,038,4,802,1396,77
TABARE,TABARE,046,4,1402,2098,195
TABARE,TABARE,046,8,2101,2500,71
TABARE,TABARE,052,8,2708,3396,181
TABARE,TABARE,082,8,5290,6999,232
TACUARA,TACUARA,079,10,1312,1589,70
TACUARI,TACUARI,002,1,4,796,161
TACUARI,TACUARI,004,1,810,1494,128
TACUARI,TACUARI,008,1,1506,1693,72
TACUARI,TACUARI,008,4,1718,2094,118
TACUARI,TACUARI,012,1,3,797,157
TACUARI,TACUARI,014,1,867,1491,125
TAFI,TAFI,072,9,104,196,33
TAGLE,TAGLE,015,14,2532,2910,45
TAGLE,TAGLE,015,2,2509,2661,29
TALAVERA,TALAVERA,063,12,5812,5982,48
TALCAHUANO,TALCAHUANO,005,1,2,778,282
TALCAHUANO,TALCAHUANO,007,1,812,1301,246
TANDIL,TANDIL,048,7,2501,3200,267
TANDIL,TANDIL,054,9,1001,5799,326
TANDIL,TANDIL,062,9,512,5794,334
TANDIL,TANDIL,076,9,1399,7496,334
TAPALQUE,TAPALQUE,054,9,448,4696,167
TAPALQUE,TAPALQUE,062,9,4701,5800,350
TAPALQUE,TAPALQUE,076,9,5822,7678,459
TARIJA,TARIJA,030,5,3309,3600,91
TARIJA,TARIJA,036,5,3602,4398,259
TARTAGAL,TARTAGAL,051,12,5812,5897,32
TASSO,TASSO,061,15,2456,2783,64
TEGUCIGALPA,TEGUCIGALPA,027,13,1401,1499,23
TEJEDOR,TEJEDOR,040,7,2,1097,375
TEMPERLEY,TEMPERLEY,025,13,1105,1186,29
TENIENTE 1O ROBERTO NESTOR ESTEVEZ,TENIENTE 1º ROBERTO NESTOR ESTEVEZ,064,8,2815,2875,13
TENIENTE CORONEL CASIMIRO RECUERO,TENIENTE CORONEL CASIMIRO RECUERO,042,7,1801,1927,36
TENIENTE CORONEL CASIMIRO RECUERO,TENIENTE CORONEL CASIMIRO RECUERO,048,7,2028,2999,253
TENIENTE CORONEL CASIMIRO RECUERO,TENIENTE CORONEL CASIMIRO RECUERO,050,7,3277,3394,26
TENIENTE CORONEL CASIMIRO RECUERO,TENIENTE CORONEL CASIMIRO RECUERO,050,9,3412,3599,57
TENIENTE CORONEL CASIMIRO RECUERO,TENIENTE CORONEL CASIMIRO RECUERO,056,9,3604,3800,85
TENIENTE GENERAL DONATO ALVAREZ,AV. TENIENTE GENERAL DONATO ALVAREZ,049,15,1542,2839,127
TENIENTE GENERAL DONATO ALVAREZ,AV. TENIENTE GENERAL DONATO ALVAREZ,059,11,1010,2098,158
TENIENTE GENERAL DONATO ALVAREZ,AV. TENIENTE GENERAL DONATO ALVAREZ,059,15,2102,2389,116
TENIENTE GENERAL DONATO ALVAREZ,TENIENTE GENERAL DONATO ALVAREZ,057,6,7,893,173
TENIENTE GENERAL DONATO ALVAREZ,TENIENTE GENERAL DONATO ALVAREZ,057,7,4,1086,189
TENIENTE GENERAL DONATO ALVAREZ,TENIENTE GENERAL DONATO ALVAREZ,059,11,1104,1800,137
TENIENTE GENERAL DONATO ALVAREZ,TENIENTE GENERAL DONATO ALVAREZ,059,6,1153,1695,73
TENIENTE GENERAL EDUARDO RACEDO,TENIENTE GENERAL EDUARDO RACEDO,082,8,5785,5931,17
TENIENTE GENERAL JUAN DOMINGO PERON,TENIENTE GENERAL JUAN DOMINGO PERON,001,1,242,899,137
TENIENTE GENERAL JUAN DOMINGO PERON,TENIENTE GENERAL JUAN DOMINGO PERON,005,1,901,1786,406
TENIENTE GENERAL JUAN DOMINGO PERON,TENIENTE GENERAL JUAN DOMINGO PERON,009,3,1801,2800,434
TENIENTE GENERAL JUAN DOMINGO PERON,TENIENTE GENERAL JUAN DOMINGO PERON,013,3,2807,3359,80
TENIENTE GENERAL JUAN DOMINGO PERON,TENIENTE GENERAL JUAN DOMINGO PERON,013,5,3361,3700,149
TENIENTE GENERAL JUAN DOMINGO PERON,TENIENTE GENERAL JUAN DOMINGO PERON,017,5,3702,4500,277
TENIENTE GENERAL LUIS J DELLEPIANE,AV. TENIENTE GENERAL LUIS J. DELLEPIANE,048,7,3001,3095,13
TENIENTE GENERAL LUIS J DELLEPIANE,AV. TENIENTE GENERAL LUIS J. DELLEPIANE,050,7,2910,3364,9
TENIENTE GENERAL LUIS J DELLEPIANE,AV. TENIENTE GENERAL LUIS J. DELLEPIANE,050,9,3215,3385,10
TENIENTE GENERAL LUIS J DELLEPIANE,AV. TENIENTE GENERAL LUIS J. DELLEPIANE,056,7,3480,3480,1
TENIENTE GENERAL LUIS J DELLEPIANE,AV. TENIENTE GENERAL LUIS J. DELLEPIANE,056,9,3745,3999,20
TENIENTE GENERAL LUIS J DELLEPIANE,AV. TENIENTE GENERAL LUIS J. DELLEPIANE,064,8,4540,5281,76
TENIENTE GENERAL LUIS J DELLEPIANE,AV. TENIENTE GENERAL LUIS J. DELLEPIANE,064,9,2455,4295,18
TENIENTE GENERAL LUIS J DELLEPIANE,AV. TENIENTE GENERAL LUIS J. DELLEPIANE,066,8,5070,5490,35
TENIENTE GENERAL LUIS J DELLEPIANE,AV. TENIENTE GENERAL LUIS J. DELLEPIANE,080,8,5511,6975,123
TENIENTE GENERAL PABLO RICCHIERI,TENIENTE GENERAL PABLO RICCHIERI,027,13,2710,3199,88
TEODORO GARCIA,TEODORO GARCIA,023,14,1608,2398,242
TEODORO GARCIA,TEODORO GARCIA,037,13,2405,3489,307
TEODORO GARCIA,TEODORO GARCIA,037,15,3509,4748,87
TEODORO VILARDEBO,TEODORO VILARDEBO,079,11,1782,2095,112
TEODORO VILARDEBO,TEODORO VILARDEBO,081,11,2101,27466,342
TERRADA,TERRADA,065,7,11,1085,283
TERRADA,TERRADA,067,11,1111,2232,324
TERRADA,TERRADA,069,11,2307,2984,264
TERRADA,TERRADA,071,11,3021,3330,116
TERRADA,TERRADA,071,15,2793,4098,152
TERRADA,TERRADA,073,12,2801,4896,202
TERRADA,TERRADA,075,12,494,5899,268
TERRERO,TERRERO,057,7,5,1095,341
TERRERO,TERRERO,059,11,1105,2296,425
TERRERO,TERRERO,059,15,2301,5451,54
TERRERO,TERRERO,069,11,3005,3300,112
TERRERO,TERRERO,069,15,2501,3000,118
THAMES,THAMES,019,14,1402,5102,463
THAMES,THAMES,031,14,1208,1396,82
THAMES,THAMES,031,15,508,1195,298
THAMES,THAMES,047,15,6,1000,166
THOMPSON,THOMPSON,040,6,405,799,172
THOMPSON,THOMPSON,040,7,810,900,40
THORNE,THORNE,042,6,308,497,65
THORNE,THORNE,042,7,506,699,44
THORNE,THORNE,044,7,1014,1800,134
TIERRA DEL FUEGO,TIERRA DEL FUEGO,038,4,1515,2587,37
TILCARA,AV. TILCARA,038,4,330,3098,103
TILCARA,TILCARA,038,4,1317,5112,258
TILCARA,TILCARA,046,4,3308,3499,43
TIMBO,TIMBO,042,7,1801,1895,40
TIMBUES,TIMBUES,038,5,2008,2093,25
TIMOTEO GORDILLO,TIMOTEO GORDILLO,072,9,5,1092,352
TIMOTEO GORDILLO,TIMOTEO GORDILLO,074,9,1101,1895,316
TIMOTEO GORDILLO,TIMOTEO GORDILLO,076,9,1908,24410,247
TIMOTEO GORDILLO,TIMOTEO GORDILLO,078,8,3710,3899,46
TIMOTEO GORDILLO,TIMOTEO GORDILLO,080,8,4002,4693,210
TIMOTEO GORDILLO,TIMOTEO GORDILLO,082,8,4674,8086,244
TIMOTEO GORDILLO,TIMOTEO GORDILLO,084,8,5509,5599,29
TINOGASTA,TINOGASTA,071,11,2734,3197,174
TINOGASTA,TINOGASTA,071,15,2405,2696,39
TINOGASTA,TINOGASTA,081,11,3121,4498,428
TINOGASTA,TINOGASTA,087,11,2795,5296,388
TINOGASTA,TINOGASTA,093,10,5301,6276,393
TOAY,TOAY,079,11,3306,3490,42
TOBAS,TOBAS,081,11,3401,3589,40
TOKIO,TOKIO,079,11,2001,2096,32
TOLEDO,TOLEDO,056,9,1512,1596,9
TOLL,TOLL,018,4,2721,2895,5
TOMAS A LE BRETON,TOMAS A. LE BRETON,053,12,4060,5000,223
TOMAS A LE BRETON,TOMAS A. LE BRETON,063,12,5001,5999,327
TOMAS ALVAREZ DE ACEVEDO,TOMAS ALVAREZ DE ACEVEDO,056,9,1803,1892,48
TOMAS LIBERTI,TOMAS LIBERTI,006,4,321,321,1
TOMAS LIBERTI,TOMAS LIBERTI,008,4,1013,1563,71
TOMAS VALENCIA,TOMAS VALENCIA,072,9,502,587,25
TONELERO,TONELERO,060,9,5837,6250,35
TONELERO,TONELERO,072,9,6001,7697,417
TORRENT,TORRENT,061,15,1101,1491,109
TOTORAL,TOTORAL,036,5,907,994,42
TRAFUL,TRAFUL,034,4,3306,3899,234
TREINTA Y TRES ORIENTALES,TREINTA Y TRES ORIENTALES,036,5,9,1489,512
TREINTA Y TRES ORIENTALES,TREINTA Y TRES ORIENTALES,038,5,1501,2290,222
TRENQUE LAUQUEN,TRENQUE LAUQUEN,072,9,7415,7591,47
TRES ARROYOS,TRES ARROYOS,047,15,120,795,192
TRES ARROYOS,TRES ARROYOS,059,11,1702,2097,167
TRES ARROYOS,TRES ARROYOS,059,15,802,919,41
TRES ARROYOS,TRES ARROYOS,059,6,135,11685,249
TRES ARROYOS,TRES ARROYOS,067,11,2101,5482,334
TRES ARROYOS,TRES ARROYOS,079,10,1002,3993,111
TRES ARROYOS,TRES ARROYOS,079,11,3201,3695,175
TRES LOMAS,TRES LOMAS,047,15,507,693,46
TRES SARGENTOS,TRES SARGENTOS,003,1,310,499,54
TREVERIS,TREVERIS,061,15,2308,2693,138
TRIESTE,TRIESTE,085,10,4408,4535,20
TRINIDAD GUEVARA,TRINIDAD GUEVARA,097,1,65,445,15
TRIPOLI,TRIPOLI,071,15,4005,4095,18
TRIPOLI,TRIPOLI,073,12,4108,4196,19
TRIUNVIRATO,AV. TRIUNVIRATO,049,15,2319,4099,581
TRIUNVIRATO,AV. TRIUNVIRATO,051,12,4101,4700,357
TRIUNVIRATO,AV. TRIUNVIRATO,055,12,5950,6583,20
TRIUNVIRATO,AV. TRIUNVIRATO,061,15,3706,4100,152
TRIUNVIRATO,AV. TRIUNVIRATO,063,12,4702,5897,397
TROLE,TROLE,038,4,5,698,199
TRONADOR,TRONADOR,043,12,4805,4833,5
TRONADOR,TRONADOR,049,15,345,1791,361
TRONADOR,TRONADOR,051,12,1805,3063,183
TRONADOR,TRONADOR,053,12,2508,3597,296
TRONADOR,TRONADOR,055,12,3602,4830,411
TRONADOR,TRONADOR,061,15,41,297,73
TTE BENJAMIN MATIENZO,TTE. BENJAMIN MATIENZO,023,14,1509,1999,183
TTE BENJAMIN MATIENZO,TTE. BENJAMIN MATIENZO,035,13,3055,3196,30
TTE BENJAMIN MATIENZO,TTE. BENJAMIN MATIENZO,035,14,2405,2697,82
TTE CNEL GREGORIO POMAR,TTE. CNEL. GREGORIO POMAR,032,4,3401,3796,96
TTE CNEL GREGORIO POMAR,TTE. CNEL. GREGORIO POMAR,038,4,3801,4399,195
TTE DE NAVIO CANDIDO DE LA SALA,TTE. DE NAVIO CANDIDO DE LA SALA,074,9,7013,7043,6
TTE GRAL EUSTOQUIO FRIAS,TTE. GRAL. EUSTOQUIO FRIAS,031,15,404,600,62
TTE GRAL EUSTOQUIO FRIAS,TTE. GRAL. EUSTOQUIO FRIAS,047,15,6,399,132
TTE GRAL NICOLAS LEVALLE,TTE. GRAL. NICOLAS LEVALLE,056,7,1706,1788,11
TTE MANUEL FELIX ORIGONE,TTE. MANUEL FELIX ORIGONE,072,9,110,1094,117
TTE MANUEL SILVESTRE PRUDAN,TTE. MANUEL SILVESTRE PRUDAN,030,3,1207,1396,58
TUCUMAN,TUCUMAN,001,1,15,900,314
TUCUMAN,TUCUMAN,005,1,907,1800,310
TUCUMAN,TUCUMAN,009,3,1825,2700,425
TUCUMAN,TUCUMAN,013,3,2701,3300,250
TUCUMAN,TUCUMAN,013,5,3301,3700,166
TUCUMAN,TUCUMAN,017,5,3701,3891,44
TUNEZ,TUNEZ,027,13,2505,25007,30
TUPAC AMARU,TUPAC AMARU,085,10,956,1295,109
TUPIZA,TUPIZA,021,14,3904,3981,17
TURIN,TURIN,061,15,2906,3396,120
TURQUIA,TURQUIA,034,4,301,806,24
TUYU,TUYU,060,9,1,98,37
TUYUTI,TUYUTI,072,9,6501,7298,174
UCACHA,UCACHA,044,7,1514,1589,28
UGARTECHE,UGARTECHE,021,14,2802,3374,165
UKRANIA,UKRANIA,087,11,2915,3184,47
ULRICO SCHMIDL,ULRICO SCHMIDL,060,10,5104,5586,112
ULRICO SCHMIDL,ULRICO SCHMIDL,060,9,585,6000,104
ULRICO SCHMIDL,ULRICO SCHMIDL,074,9,1181,61778,352
UNANUE,UNANUE,066,8,5414,5486,23
UNANUE,UNANUE,080,8,4699,6970,363
URDANETA,URDANETA,095,9,11,160,32
URDININEA,URDININEA,049,15,1605,1800,81
URIARTE,URIARTE,019,14,1402,5200,324
URIARTE,URIARTE,031,14,1209,1395,81
URIARTE,URIARTE,031,15,346,1189,156
URIBURU,URIBURU,030,3,807,891,20
URIEN,URIEN,072,9,7203,7298,30
URUGUAY,AV. URUGUAY,005,1,401,798,150
URUGUAY,URUGUAY,005,1,6,390,195
URUGUAY,URUGUAY,007,1,813,1391,142
URUGUAY,URUGUAY,007,2,806,1372,135
URUNDAY,URUNDAY,079,10,1306,1396,30
USPALLATA,USPALLATA,008,4,401,900,161
USPALLATA,USPALLATA,016,4,902,2000,111
USPALLATA,USPALLATA,024,4,2001,2999,319
USPALLATA,USPALLATA,032,4,3006,3780,133
USPALLATA,USPALLATA,038,4,3787,4199,170
VALDENEGRO,VALDENEGRO,053,12,2506,3596,374
VALDENEGRO,VALDENEGRO,055,12,485,4998,208
VALDERRAMA,VALDERRAMA,053,12,4008,4195,34
VALENCIA,VALENCIA,044,7,2006,2096,30
VALENTIN ALSINA,AV. VALENTIN ALSINA,023,13,1450,1450,1
VALENTIN GOMEZ,VALENTIN GOMEZ,009,3,2601,2919,63
VALENTIN GOMEZ,VALENTIN GOMEZ,013,3,2809,3400,243
VALENTIN GOMEZ,VALENTIN GOMEZ,013,5,3402,3799,137
VALENTIN GOMEZ,VALENTIN GOMEZ,017,5,3801,3896,29
VALENTIN VIRASORO,VALENTIN VIRASORO,045,6,705,1097,151
VALENTIN VIRASORO,VALENTIN VIRASORO,047,15,1105,1999,243
VALLE,VALLE,040,6,2,1099,427
VALLE,VALLE,042,6,1101,1496,152
VALLEJOS,VALLEJOS,073,12,2101,3199,381
VALLEJOS,VALLEJOS,083,11,480,4400,287
VALLEJOS,VALLEJOS,083,12,3213,3295,47
VALLEJOS,VALLEJOS,089,11,4403,5746,133
VALPARAISO,VALPARAISO,058,8,3402,3599,62
VARELA,AV. VARELA,044,7,1104,2680,163
VARELA,AV. VARELA,046,8,2418,3428,104
VARELA,AV. VARELA,048,7,503,1100,265
VARELA,AV. VARELA,050,7,1103,1951,78
VARELA,AV. VARELA,050,8,2251,2515,3
VARELA,AV. VARELA,052,8,2845,3477,96
VARELA,VARELA,046,8,3506,3748,41
VARELA,VARELA,048,7,10,500,157
VARELA,VARELA,052,8,3527,3781,29
VARSOVIA,VARSOVIA,061,15,2901,2994,29
VEDIA,VEDIA,029,13,1606,4803,175
VEDIA,VEDIA,043,12,2402,4100,164
VEDIA,VEDIA,055,12,4355,48665,115
VELAZQUEZ,VELAZQUEZ,050,7,3006,3393,102
VELEZ SARSFIELD,AV. VELEZ SARSFIELD,016,4,6,498,76
VELEZ SARSFIELD,AV. VELEZ SARSFIELD,018,4,500,2995,147
VELEZ SARSFIELD,AV. VELEZ SARSFIELD,024,4,9,405,63
VELEZ SARSFIELD,AV. VELEZ SARSFIELD,026,4,531,2057,106
VELEZ SARSFIELD,VELEZ SARSFIELD,026,4,781,781,1
VENECIA,VENECIA,071,15,3103,3198,32
VENIALVO,VENIALVO,030,5,3502,3600,33
VENTANA,VENTANA,034,4,3306,37514,160
VENTURA BOSCH,VENTURA BOSCH,072,9,3938,7294,306
VENTURA DE LA VEGA,VENTURA DE LA VEGA,034,4,3393,33926,101
VERA,VERA,031,15,301,1200,346
VERA,VERA,033,15,1201,1587,121
VERA,VERA,047,15,8,288,72
VERACRUZ,VERACRUZ,058,8,3411,3790,30
VERNET,AV. VERNET,038,7,14,410,87
VERNET,AV. VERNET,040,7,5,397,92
VESPUCIO,VESPUCIO,010,4,15,399,14
VIA PUBLICA,VIA PUBLICA,006,4,187,217,2
VIA PUBLICA,VIA PUBLICA,058,8,3481,3820,10
VIAMONTE,VIAMONTE,001,1,102,900,296
VIAMONTE,VIAMONTE,005,1,701,1800,329
VIAMONTE,VIAMONTE,009,3,1807,2700,332
VIAMONTE,VIAMONTE,013,3,2701,3000,106
VICENTE ANASTASIO DE ECHEVARRIA,VICENTE ANASTASIO DE ECHEVARRIA,093,10,5302,5591,85
VICENTE DE SIMONE,VICENTE DE SIMONE,064,8,5412,5484,10
VICENTE FIDEL LOPEZ,VICENTE FIDEL LOPEZ,087,10,1801,2085,96
VICENTE LOPEZ,VICENTE LOPEZ,007,2,1601,1799,91
VICENTE LOPEZ,VICENTE LOPEZ,011,2,1806,2305,132
VICENTE PEREZ ROSALES,VICENTE PEREZ ROSALES,061,15,4023,4095,20
VICENTE PEREZ ROSALES,VICENTE PEREZ ROSALES,073,12,4126,4197,18
VICTOR HUGO,VICTOR HUGO,091,10,515,1387,263
VICTOR HUGO,VICTOR HUGO,093,10,1405,2996,468
VICTOR HUGO,VICTOR HUGO,095,10,22,450,94
VICTOR MARTINEZ,VICTOR MARTINEZ,042,6,5,498,150
VICTOR MARTINEZ,VICTOR MARTINEZ,044,7,1316,1998,191
VICTOR PISSARRO,VICTOR PISSARRO,029,13,4210,4390,22
VICTORIA OCAMPO,VICTORIA OCAMPO,097,1,82,390,8
VICTORIANO E MONTES,VICTORIANO E. MONTES,055,12,4310,4393,14
VIDAL,VIDAL,037,13,1405,2711,115
VIDAL,VIDAL,039,13,1812,2496,230
VIDAL,VIDAL,041,13,2501,33120,280
VIDAL,VIDAL,043,12,2821,4835,324
VIDELA CASTILLO,VIDELA CASTILLO,045,6,832,895,26
VIDT,VIDT,019,14,1611,2099,179
VIDT,VIDT,021,14,2106,2198,21
VIEJOBUENO,VIEJOBUENO,062,9,5115,5390,50
VIEL,VIEL,038,7,1409,2097,238
VIEL,VIEL,040,6,43,894,277
VIEL,VIEL,040,7,912,1385,148
VIENA,VIENA,093,10,6435,6699,65
VIEYRA,VIEYRA,016,1,1910,1992,16
VIEYTES,VIEYTES,018,4,12,2100,419
VIGO,VIGO,091,10,1105,1196,23
VILELA,VILELA,029,13,1607,2399,196
VILELA,VILELA,043,12,2501,4102,321
VILELA,VILELA,055,12,3902,7673,152
VILLA DE MASNOU,VILLA DE MASNOU,064,8,3353,3449,11
VILLA JUNCAL,VILLA JUNCAL,069,11,2421,2495,24
VILLANUEVA,VILLANUEVA,023,14,908,1400,89
VILLARINO,VILLARINO,010,4,1702,1796,14
VILLARINO,VILLARINO,018,4,1000,2599,88
VILLARROEL,VILLARROEL,031,15,1007,1200,53
VILLARROEL,VILLARROEL,033,15,1201,1500,108
VINCHINA,VINCHINA,056,9,1510,1599,38
VIRASORO,VIRASORO,019,14,2306,2399,42
VIRGILIO,VIRGILIO,091,10,511,1500,317
VIRGILIO,VIRGILIO,093,10,1512,3193,410
VIRGILIO,VIRGILIO,095,10,12,499,118
VIRREY ARREDONDO,VIRREY ARREDONDO,023,13,2202,2375,47
VIRREY ARREDONDO,VIRREY ARREDONDO,037,13,2404,3587,311
VIRREY AVILES,VIRREY AVILES,037,13,2710,3596,263
VIRREY AVILES,VIRREY AVILES,049,15,3611,3899,92
VIRREY CEVALLOS,VIRREY CEVALLOS,012,1,75,798,245
VIRREY CEVALLOS,VIRREY CEVALLOS,014,1,813,1498,240
VIRREY CEVALLOS,VIRREY CEVALLOS,016,1,1607,2095,179
VIRREY CISNEROS,VIRREY CISNEROS,067,11,1616,1698,22
VIRREY DEL PINO,VIRREY DEL PINO,023,13,1465,2396,237
VIRREY DEL PINO,VIRREY DEL PINO,037,13,2403,3599,309
VIRREY DEL PINO,VIRREY DEL PINO,049,15,3604,4383,190
VIRREY LINIERS,VIRREY LINIERS,028,5,2,797,298
VIRREY LINIERS,VIRREY LINIERS,030,5,806,1695,290
VIRREY LINIERS,VIRREY LINIERS,032,5,1710,2399,220
VIRREY LORETO,VIRREY LORETO,023,13,1501,2391,187
VIRREY LORETO,VIRREY LORETO,037,13,2007,3596,319
VIRREY LORETO,VIRREY LORETO,037,15,3601,3698,44
VIRREY LORETO,VIRREY LORETO,049,15,3709,3894,39
VIRREY MELO,VIRREY MELO,085,10,918,986,15
VIRREY OLAGUER Y FELIU,VIRREY OLAGUER Y FELIU,037,13,2406,3490,263
VIRREY VERTIZ,AV. VIRREY VERTIZ,023,13,1706,1784,8
VIRREY VERTIZ,AV. VIRREY VERTIZ,025,13,2015,2099,8
VIRREYES,VIRREYES,061,15,3003,3097,12
VITO DUMAS,VITO DUMAS,072,9,312,496,25
VOLTA,VOLTA,023,14,1805,1898,39
VOLTAIRE,VOLTAIRE,035,14,5817,5986,43
VUELTA DE OBLIGADO,VUELTA DE OBLIGADO,023,13,1407,1799,69
VUELTA DE OBLIGADO,VUELTA DE OBLIGADO,023,14,1101,1299,50
VUELTA DE OBLIGADO,VUELTA DE OBLIGADO,025,13,1006,2915,199
VUELTA DE OBLIGADO,VUELTA DE OBLIGADO,027,13,2535,3597,337
VUELTA DE OBLIGADO,VUELTA DE OBLIGADO,029,13,1014,4885,267
WAGNER,WAGNER,085,10,1007,1295,99
WARNES,AV. WARNES,047,15,12,1679,579
WARNES,AV. WARNES,049,15,1701,2399,72
WARNES,AV. WARNES,059,15,180,2362,146
WARNES,AV. WARNES,061,15,2424,2794,270
WASHINGTON,WASHINGTON,039,13,227,6469,181
WASHINGTON,WASHINGTON,041,12,2508,26665,322
WASHINGTON,WASHINGTON,043,12,3604,4296,207
WENCESLAO VILLAFANE,WENCESLAO VILLAFAÑE,006,4,10,750,207
WENCESLAO VILLAFANE,WENCESLAO VILLAFAÑE,008,4,1004,1699,182
WHITE,WHITE,054,10,15,546,78
WHITE,WHITE,054,9,606,1998,187
WHITE,WHITE,060,10,5,575,88
WHITE,WHITE,062,9,613,4709,222
WHITE,WHITE,064,9,2003,2531,69
WILLIAM C MORRIS,WILLIAM C. MORRIS,026,4,3233,3287,9
YAPEYU,YAPEYU,036,5,4,998,314
YATAY,YATAY,017,5,8,1197,447
YERBAL,YERBAL,045,6,3,1059,362
YERBAL,YERBAL,057,6,1032,1694,153
YERBAL,YERBAL,057,7,1701,1894,80
YERBAL,YERBAL,065,7,1902,3186,399
YERBAL,YERBAL,077,10,93,36622,434
YERBAL,YERBAL,095,10,5205,5999,263
YERBAL,YERBAL,095,9,6008,6399,173
YERUA,YERUA,049,15,4901,5185,78
YRUPE,YRUPE,076,9,6714,6896,40
YUGOSLAVIA,YUGOSLAVIA,087,11,3001,3096,24
ZABALA,ZABALA,023,13,1517,2319,93
ZABALA,ZABALA,023,14,1518,2360,100
ZABALA,ZABALA,037,13,2408,3496,310
ZABALA,ZABALA,037,15,3505,3699,64
ZABALA,ZABALA,049,15,1101,4090,99
ZADO,ZADO,063,12,3201,3798,167
ZAMUDIO,ZAMUDIO,061,15,3505,4085,72
ZAMUDIO,ZAMUDIO,069,11,3002,3093,33
ZAMUDIO,ZAMUDIO,071,15,3102,4090,111
ZAMUDIO,ZAMUDIO,073,12,4110,42396,216
ZAMUDIO,ZAMUDIO,075,12,4904,5993,258
ZANARTU,ZAÑARTU,038,7,407,1100,203
ZANARTU,ZAÑARTU,044,7,1101,1850,225
ZAPALA,ZAPALA,044,7,1504,1986,29
ZAPATA,ZAPATA,035,13,402,691,115
ZAPATA,ZAPATA,035,14,31,400,126
ZAPIOLA,ZAPIOLA,035,13,15,690,115
ZAPIOLA,ZAPIOLA,037,13,37,3006,399
ZAPIOLA,ZAPIOLA,039,13,1804,2496,189
ZAPIOLA,ZAPIOLA,041,12,2662,3594,130
ZAPIOLA,ZAPIOLA,041,13,2625,3595,140
ZAPIOLA,ZAPIOLA,043,12,3601,7280,352
ZARATE,ZARATE,079,11,3602,3698,33
ZARRAGA,ZARRAGA,037,13,332,3507,57
ZARRAGA,ZARRAGA,049,15,3530,3991,158
ZAVALETA,ZAVALETA,024,4,19,699,138
ZAVALETA,ZAVALETA,026,4,726,1130,28
ZAVALETA,ZAVALETA,034,4,1025,1151,4
ZAVALIA,ZAVALIA,025,13,2010,2199,45
ZELADA,ZELADA,054,10,4401,4699,122
ZELADA,ZELADA,060,10,406,5589,244
ZELADA,ZELADA,060,9,898,5997,90
ZELADA,ZELADA,074,9,6001,7691,385
ZELARRAYAN,ZELARRAYAN,038,7,501,1199,240
ZELARRAYAN,ZELARRAYAN,044,7,1208,1885,213
ZELARRAYAN,ZELARRAYAN,066,8,4509,5416,223
ZELARRAYAN,ZELARRAYAN,080,8,642,6399,193
ZELAYA,ZELAYA,013,3,3002,3200,68
ZENTENO,ZENTENO,021,14,3131,3195,11
ZEPITA,ZEPITA,018,4,1958,2992,8
ZEPITA,ZEPITA,026,4,3023,3392,86
ZINNY,ZINNY,054,9,1357,1597,112
ZINNY,ZINNY,056,9,1603,2084,120
ZONA ENTUBAMIENTO ARROYO CILDANEZ,ZONA ENTUBAMIENTO ARROYO CILDAÑEZ,056,8,3034,3034,1
ZURICH,ZURICH,087,11,3001,3190,51
ZUVIRIA,ZUVIRIA,040,7,10,3787,474
ZUVIRIA,ZUVIRIA,044,7,1845,2596,174
ZUVIRIA,ZUVIRIA,050,7,2601,3393,309
ZUVIRIA,ZUVIRIA,056,7,3402,3463,11
ZUVIRIA,ZUVIRIA,056,9,3904,4029,35
ZUVIRIA,ZUVIRIA,064,8,4512,5499,317
ZUVIRIA,ZUVIRIA,064,9,4100,4499,56
ZUVIRIA,ZUVIRIA,078,8,5502,6950,174
