barrio,direccion,sup_m2,precio_usd,usd_m2_lote,vendibles_m2,usd_m2_vendible,altura_declarada,portal,url,fecha
Belgrano,Echeverría e/ Miñones y Migueletes,840,4500000,5357,,,,zonaprop,https://www.zonaprop.com.ar/propiedades/clasificado/vecltrin-terreno-en-venta-840-m-belgrano-60138599.html,2026-10-04
Belgrano,Av Congreso 2600,227,1162420,5121,,,,zonaprop,https://www.zonaprop.com.ar/propiedades/clasificado/vecltrin-lote-en-venta-belgrano-nunez-ideal-emprendimiento-59034823.html,2026-10-04
Belgrano,MENDOZA 2100. Entre Cuba y Arcos,261,1400000,5364,1875,747,usaa,zonaprop,https://www.zonaprop.com.ar/propiedades/clasificado/vecltrin-oppel-terreno-en-venta-belgrano-capital-federal-56713294.html,2026-10-04
Belgrano,3 de Febrero al 2300,159,670000,4214,,,usaa ,zonaprop,https://www.zonaprop.com.ar/propiedades/clasificado/vecltrin-terreno-con-gran-potencial-en-belgrano-1.015-m-sup2-59051016.html,2026-10-04
Belgrano,Moldes Al 2600,227,890000,3921,,,,zonaprop,https://www.zonaprop.com.ar/propiedades/clasificado/vecltrin-terreno-belgrano-51947816.html,2026-10-04
Belgrano,Amenabar  al 2800,136,460000,3382,,,usaa,zonaprop,https://www.zonaprop.com.ar/propiedades/clasificado/vecltrin-excelente-terreno-en-belgrano-lideres-en-terrenos-60092299.html,2026-10-04
Belgrano,Mendoza al 2200,245,900000,3673,1500,600,usaa,zonaprop,https://www.zonaprop.com.ar/propiedades/clasificado/vecltrin-excelente-lote-con-frente-a-dos-calles-belgrano-59685812.html,2026-10-04
Belgrano,Amenabar  al 2800,136,460000,3382,,,,zonaprop,https://www.zonaprop.com.ar/propiedades/clasificado/vecltrin-venta-terreno-en-belgrano-60086729.html,2026-10-04
Belgrano,Virrey del Pino al 4000,227,450000,1982,8.8,51136,pb + 2,zonaprop,https://www.zonaprop.com.ar/propiedades/clasificado/vecltrin-venta-lote-en-villa-ortuzar-belgrano-r-59078949.html,2026-10-04
Belgrano,Estomba al 2300,756,1850000,2447,,,,zonaprop,https://www.zonaprop.com.ar/propiedades/clasificado/vecltrin-venta-lote-doble-frente-con-planos-aprobados-en-60168256.html,2026-10-04
Belgrano,Washington  al 2300,140,480000,3429,,,pb + 4,zonaprop,https://www.zonaprop.com.ar/propiedades/clasificado/vecltrin-oportunidad-terreno-para-construir-8.66x25-59537244.html,2026-10-04
Belgrano,Roosevelt al 2800,125,650000,5200,1322.45,492,cm,zonaprop,https://www.zonaprop.com.ar/propiedades/clasificado/vecltrin-terreno-en-venta.-lote-de-8.66-x-13.40-m-f.-d.-58610779.html,2026-10-04
Belgrano,Estomba al 2300,756,1850000,2447,,,,zonaprop,https://www.zonaprop.com.ar/propiedades/clasificado/vecltrin-venta-lote-de-756-m-sup2--en-belgrano-r-60051099.html,2026-10-04
Belgrano,Zapiola  al 2800,173,550000,3179,,,,zonaprop,https://www.zonaprop.com.ar/propiedades/clasificado/vecltrin-venta-terreno-900-m-sup2--construibles-usaa-en-60025054.html,2026-10-04
Belgrano,Conesa 2800,150,700000,4667,1526,459,cm,zonaprop,https://www.zonaprop.com.ar/propiedades/clasificado/vecltrin-venta-lote-para-desarrollo-en-belgrano-60147467.html,2026-10-04
Belgrano,Conesa  al 2800,148,700000,4730,,,usaa,zonaprop,https://www.zonaprop.com.ar/propiedades/clasificado/vecltrin-terreno-a-m-a-av-con-12-30-m-de-frente-60207386.html,2026-10-04
Belgrano,Washington al 2300,207,480000,2319,,,,zonaprop,https://www.zonaprop.com.ar/propiedades/clasificado/vecltrin-terreno-belgrano-r-60020850.html,2026-10-04
Belgrano,Benjamin Matienzo 2627/ 31,249,890000,3574,,,usaa,zonaprop,https://www.zonaprop.com.ar/propiedades/clasificado/vecltrin-excelente-terreno-en-palermo-lideres-en-terrenos-59217267.html,2026-10-04
Belgrano,Conesa 2800,261,1450000,5556,,,,zonaprop,https://www.zonaprop.com.ar/propiedades/clasificado/vecltrin-terreno-excelente-9-piso-1930-m-sup2--construibles-60162882.html,2026-10-04
Belgrano,Monroe 2200,1109,7000000,6312,4950,1414,,zonaprop,https://www.zonaprop.com.ar/propiedades/clasificado/vecltrin-venta-de-terreno-en-nunez-60274315.html,2026-10-04
Belgrano,Av Congreso y Zapiola al 3100,264,1450000,5492,17.2,84302,usam ,zonaprop,https://www.zonaprop.com.ar/propiedades/clasificado/vecltrin-lotes-en-esquina-venta-1964-m-sup2--construible-60133518.html,2026-10-04
Belgrano,Cabildo 700,927,6600000,7120,,,,zonaprop,https://www.zonaprop.com.ar/propiedades/clasificado/vecltrin-terreno-en-esquina-sobre-cabildo-belgrano.-56336051.html,2026-10-04
Belgrano,TEODORO GARCIA 2000. Entre ArribeÑos y Villanueva,207,780000,3768,,,,zonaprop,https://www.zonaprop.com.ar/propiedades/clasificado/vecltrin-oppel-terreno-en-venta-belgrano-capital-federal-57650748.html,2026-10-04
Belgrano,"Lote en Venta en Belgrano, Monroe 2800",266,1900000,7143,253,7510,,zonaprop,https://www.zonaprop.com.ar/propiedades/clasificado/vecltrin-terreno-lote-en-venta-en-belgrano-capital-federal-60320166.html,2026-10-04
Belgrano,"Lote en Venta en Belgrano, Vuelta de Obligado 2200",260,2100000,8077,245,8571,,zonaprop,https://www.zonaprop.com.ar/propiedades/clasificado/vecltrin-terreno-lote-en-venta-en-belgrano-capital-federal-60320168.html,2026-10-04
Belgrano,Amenabar 500,412,1690000,4102,,,usaa ,zonaprop,https://www.zonaprop.com.ar/propiedades/clasificado/vecltrin-excelente-lote-venta-belgrano-60089234.html,2026-10-04
Belgrano,Heredia al 1500,360,715000,1986,,,,zonaprop,https://www.zonaprop.com.ar/propiedades/clasificado/vecltrin-casa-a-desarrollar-de-441-m-sup2--cubiertos-proyecto-59844844.html,2026-10-04
Belgrano,Amenabar  al 3900,337,810000,2404,,,usam,zonaprop,https://www.zonaprop.com.ar/propiedades/clasificado/vecltrin-excelente-terreno-en-saavedra-lideres-en-terrenos-59289435.html,2026-10-04
Belgrano,VUELTA DE OBLIGADO 2300. Entre Olazabal y B.encalada,90,800000,8889,1000,800,pb + 10,zonaprop,https://www.zonaprop.com.ar/propiedades/clasificado/vecltrin-oppel-terreno-en-venta-belgrano-capital-federal-59712220.html,2026-10-04
Belgrano,Congreso y Zapiola  ||  CM || Doble Terreno,267,1365000,5112,2360,578,pb + 10,zonaprop,https://www.zonaprop.com.ar/propiedades/clasificado/vecltrin-terreno-en-nunez-59357334.html,2026-10-04
Belgrano,"LACROZE, FEDERICO, AV. 2000. Entre 11 De Septiembre y Villanueva",590,1350000,2288,,,,zonaprop,https://www.zonaprop.com.ar/propiedades/clasificado/vecltrin-lote.-lacroze-federico-av-al-2000-59588537.html,2026-10-04
Belgrano,Juramento 1633,293,1580000,5392,869,1818,pb + 4,zonaprop,https://www.zonaprop.com.ar/propiedades/clasificado/vecltrin-av-juramento-1600-belgrano-barrio-chino-56638828.html,2026-10-04
Belgrano,Monroe al 1200,334,650000,1946,,,,zonaprop,https://www.zonaprop.com.ar/propiedades/clasificado/vecltrin-terreno-en-venta-en-belgrano-chico-de-35-mtrs-de-fondo-60293906.html,2026-10-04
Belgrano,Av. Cabildo  2529 - Lote Para 2700 m2 Vendibles  - 12 Pisos mas 2 Retiros,355,2390000,6732,2700,885,,zonaprop,https://www.zonaprop.com.ar/propiedades/clasificado/vecltrin-av-cabildo-y-monroe-planos-aprobados-apto-2700-59402099.html,2026-10-04
Belgrano,Franklin Roosevelt 1745,780,4600000,5897,3663.37,1256,,zonaprop,https://www.zonaprop.com.ar/propiedades/clasificado/vecltrin-lote-doble-frente-roosevelt-1745-55-59233493.html,2026-10-04
Belgrano,JURAMENTO 3411. Entre Superi,415,500000,1205,,,,zonaprop,https://www.zonaprop.com.ar/propiedades/clasificado/vecltrin-venta!-terreno-en-esquina!-superi-y-juramento!-59846219.html,2026-10-04
Belgrano,Congreso al 2800,177,650000,3672,3120,208,cm,zonaprop,https://www.zonaprop.com.ar/propiedades/clasificado/vecltrin-oportunidad-excelente-lote-177-m-sup2--a-4-cuadras-58586867.html,2026-10-04
Belgrano,Virrey del Pino al 2300,212,1550000,7311,2041,759,,zonaprop,https://www.zonaprop.com.ar/propiedades/clasificado/vecltrin-terreno-apto-12-pisos-para-construir-2040-m.-53709374.html,2026-10-04
Belgrano,Avenida Congreso & Avenida Crámer,400,890000,2225,130,6846,cm,zonaprop,https://www.zonaprop.com.ar/propiedades/clasificado/vecltrin-terreno-para-2130-m-sup2--vendibles-en-venta-en-58980283.html,2026-10-04
Belgrano,Monroe 3400,1157,5800000,5013,6454.99,899,usaa ,zonaprop,https://www.zonaprop.com.ar/propiedades/clasificado/vecltrin-venta-lote-premium-belgrano-26-78-m-de-frente-60208593.html,2026-10-04
Belgrano,Puente del inca 4000,183,380000,2077,,,,zonaprop,https://www.zonaprop.com.ar/propiedades/clasificado/vecltrin-terreno-lote-en-venta-en-belgrano-r-capital-federal-60219598.html,2026-10-04
Belgrano,Montañeses al 2600,621,2800000,4509,,,,zonaprop,https://www.zonaprop.com.ar/propiedades/clasificado/vecltrin-terreno-en-belgrano-59698928.html,2026-10-04
Belgrano,Echeverría 1300,840,4500000,5357,,,,zonaprop,https://www.zonaprop.com.ar/propiedades/clasificado/vecltrin-unico-lote-bajo-belgr-14-x-60-m-1cda-av-lib.-p-41724559.html,2026-10-04
Belgrano,Cuba al 2700,379,1800000,4749,,,pb + 7,zonaprop,https://www.zonaprop.com.ar/propiedades/clasificado/vecltrin-terreno-emplazado-en-el-barrio-de-belgrano-sobre-la-59719730.html,2026-10-04
Belgrano,Avenida Olazábal 1200,431,820000,1903,,,,zonaprop,https://www.zonaprop.com.ar/propiedades/clasificado/vecltrin-olazabal-y-artilleros-lote-con-casa-para-refaccionar-59818208.html,2026-10-04
Belgrano,Av. de los Incas 4018,145,450000,3103,,,,zonaprop,https://www.zonaprop.com.ar/propiedades/clasificado/vecltrin-terreno-villa-ortuzar-belgrano-r-145-m-de-60067746.html,2026-10-04
Belgrano,Cabildo al 1182,299,1600000,5351,3000,533,,zonaprop,https://www.zonaprop.com.ar/propiedades/clasificado/vecltrin-terreno-en-venta-sobre-av-cabildo-1100-belgrano-59260512.html,2026-10-04
Belgrano,Vuelta De Obligado 2600,206,870000,4223,1490,584,pb + 10,zonaprop,https://www.zonaprop.com.ar/propiedades/clasificado/vecltrin-venta-lote-en-belgrano-corredor-medio-59817774.html,2026-10-04
Belgrano,Blanco Encalada  al 2600,167,1850000,11078,,,,zonaprop,https://www.zonaprop.com.ar/propiedades/clasificado/vecltrin-lote-en-venta-en-el-barrio-de-belgrano-60314774.html,2026-10-04
Belgrano,Pampa al 3900,906,1900000,2097,900,2111,,zonaprop,https://www.zonaprop.com.ar/propiedades/clasificado/vecltrin-terreno-en-venta-en-belgrano-r-59574988.html,2026-10-04
Belgrano,Cabildo 900,403,2100000,5211,5324,394,ca,zonaprop,https://www.zonaprop.com.ar/propiedades/clasificado/vecltrin-terreno-en-venta-en-belgrano-54239688.html,2026-10-04
Belgrano,3 de Febrero al 2600,152,880000,5789,152.434,5773,,zonaprop,https://www.zonaprop.com.ar/propiedades/clasificado/vecltrin-lote-multifamiliar-desarrollo-belgrano-vias-a-56789778.html,2026-10-04
Belgrano,3 De Febrero  al 1300,412,1300000,3155,,,,zonaprop,https://www.zonaprop.com.ar/propiedades/clasificado/vecltrin-terreno-apto-desarollo-o-construccion-de-vivienda-60231205.html,2026-10-04
Belgrano,Avenida Ricardo Balbin e/ Rivera y Ugarte,190,550000,2895,,,,zonaprop,https://www.zonaprop.com.ar/propiedades/clasificado/vecltrin-terreno-en-venta-190-m-sup2--belgrano-59791098.html,2026-10-04
Belgrano,Ugarte Manuel al 2600,226,830000,3673,,,,zonaprop,https://www.zonaprop.com.ar/propiedades/clasificado/vecltrin-terreno-emplazado-en-el-barrio-de-belgrano-sobre-la-59514665.html,2026-10-04
Belgrano,Conesa 2800,140,700000,5000,1422,492,,zonaprop,https://www.zonaprop.com.ar/propiedades/clasificado/vecltrin-venta-lote-para-desarrollo-conesa-2881-belgrano-59988038.html,2026-10-04
Belgrano,Congreso AV. 2810,177,600000,3390,1562,384,,zonaprop,https://www.zonaprop.com.ar/propiedades/clasificado/vecltrin-terreno-belgrano-47769114.html,2026-10-04
Belgrano,"Sucre, Antonio Jose DE, Mcal.  al 2300",191,1290000,6754,,,pb + 10,zonaprop,https://www.zonaprop.com.ar/propiedades/clasificado/vecltrin-excelente-terreno-en-belgrano-lideres-en-terrenos-59817933.html,2026-10-04
Belgrano,Manuel Ugarte 2700,221,540000,2443,1295.56,417,usaa,zonaprop,https://www.zonaprop.com.ar/propiedades/clasificado/vecltrin-excelente-terreno-con-base-cultural-activa-en-59096405.html,2026-10-04
Belgrano,Ibera 3090 ||  Usab2,149,330000,2215,750,440,usab2,zonaprop,https://www.zonaprop.com.ar/propiedades/clasificado/vecltrin-casa-en-nunez-58862537.html,2026-10-04
Belgrano,Amenabar al 2200,331,750000,2266,,,,zonaprop,https://www.zonaprop.com.ar/propiedades/clasificado/vecltrin-lote-u.-s.-a.-a-en-belgrano-pb-9-pisos-1.544-59163994.html,2026-10-04
Belgrano,Blanco Encalada al 2900,299,1300000,4348,2270,573,pb + 10,zonaprop,https://www.zonaprop.com.ar/propiedades/clasificado/vecltrin-lote-c-prefactibilidad.-blanco-encalada-al-2900.-59103677.html,2026-10-04
Belgrano,Cuba 2200 y Mendoza Belgrano,280,1650000,5893,1534,1076,,zonaprop,https://www.zonaprop.com.ar/propiedades/clasificado/vecltrin-cuba-2200-y-mendoza-lote-8-66-x-32-20-codigo-nuevo-58226422.html,2026-10-04
Belgrano,Doctor Pedro Ignacio Rivera 2979,252,735000,2917,,,,zonaprop,https://www.zonaprop.com.ar/propiedades/clasificado/vecltrin-lote-usaa-en-belgrano-57784667.html,2026-10-04
Belgrano,Moldes 2740,227,1100000,4846,,,,zonaprop,https://www.zonaprop.com.ar/propiedades/clasificado/vecltrin-moldes-2740-terreno-con-227-m-sup2--en-venta-en-58920566.html,2026-10-04
Belgrano,Gral. Enrique Martínez 1488,233,600000,2575,14.6,41096,usab 2,zonaprop,https://www.zonaprop.com.ar/propiedades/clasificado/vecltrin-terreno-en-venta-belgrano-r.-ideal-para-57791788.html,2026-10-04
Belgrano,Echeverría 1300,840,4400000,5238,,,,zonaprop,https://www.zonaprop.com.ar/propiedades/clasificado/vecltrin-venta-de-importante-terreno-en-el-bajo-belgrano-caba-59574797.html,2026-10-04
Belgrano,Amenabar al 2200,327,620000,1896,,,usaa,zonaprop,https://www.zonaprop.com.ar/propiedades/clasificado/vecltrin-terreno-en-belgrano-a-m-de-plaza-noruega.-59722384.html,2026-10-04
Belgrano,Zarraga 3600,127,399000,3142,780,512,usam,zonaprop,https://www.zonaprop.com.ar/propiedades/clasificado/vecltrin-lote-belgrano-r-zarraga-3600-para-780-m-sup2-54950814.html,2026-10-04
Belgrano,Juramento al 2500,175,1190000,6800,,,pb + 7,zonaprop,https://www.zonaprop.com.ar/propiedades/clasificado/vecltrin-terreno-en-belgrano-58649528.html,2026-10-04
Belgrano,Vidal 3000,150,448000,2987,1000,448,,zonaprop,https://www.zonaprop.com.ar/propiedades/clasificado/vecltrin-terreno-lote-en-venta-en-belgrano-capital-federal-60210750.html,2026-10-04
Belgrano,Mariano Acha 2579,150,480000,3200,8.66,55427,,zonaprop,https://www.zonaprop.com.ar/propiedades/clasificado/vecltrin-oportunidad-8-pisos-a-construir-zona-do-ho-60176081.html,2026-10-04
Belgrano,Zapiola  2915 ||  CM,124,595000,4798,1166,510,pb + 10,zonaprop,https://www.zonaprop.com.ar/propiedades/clasificado/vecltrin-terreno-en-nunez-56548090.html,2026-10-04
Belgrano,Vuelta De Obligado 2605,150,1500000,10000,,,,zonaprop,https://www.zonaprop.com.ar/propiedades/clasificado/vecltrin-espectacular-lote-en-esquina-v.-obligado-y-roosevelt-56874762.html,2026-10-04
Belgrano,Vidal al 2900,261,1150000,4406,2000,575,,zonaprop,https://www.zonaprop.com.ar/propiedades/clasificado/vecltrin-venta-terreno-en-belgrano-59665848.html,2026-10-04
Belgrano,CUBA 2700. Entre Manuel Ugarte y Congreso,376,1800000,4787,,,usaa,zonaprop,https://www.zonaprop.com.ar/propiedades/clasificado/vecltrin-oppel-terreno-en-venta-belgrano-capital-federal-59712224.html,2026-10-04
Belgrano,Av. del Libertador,494,5000000,10121,,,,zonaprop,https://www.zonaprop.com.ar/propiedades/clasificado/vecltrin-lote-sobre-av-del-libertador-y-olazabal-48268712.html,2026-10-04
Belgrano,Av. Cabildo  2529 - Lote Para 2700 m2 Vendibles  - 12 Pisos mas 2 Retiros,355,2390000,6732,2700,885,,zonaprop,https://www.zonaprop.com.ar/propiedades/clasificado/vecltrin-av-cabildo-y-monroe-planos-aprobados-apto-2700-58819671.html,2026-10-04
Belgrano,Monroe al 3300,508,2200000,4331,,,,zonaprop,https://www.zonaprop.com.ar/propiedades/clasificado/vecltrin-imperdible-lote-en-belgrano-tasado-por-nuevo-codigo-46742980.html,2026-10-04
Belgrano,Mendoza 1900,104,850000,8173,,,,zonaprop,https://www.zonaprop.com.ar/propiedades/clasificado/vecltrin-terreno-a-la-venta-belgrano-c-57611392.html,2026-10-04
Belgrano,Pedro I Rivera 3200,184,980000,5326,,,,zonaprop,https://www.zonaprop.com.ar/propiedades/clasificado/vecltrin-terreno-lote-en-venta-en-belgrano-r-capital-federal-58922972.html,2026-10-04
Belgrano,Av. Álvarez Thomas 1700,343,550000,1603,990,556,usam,zonaprop,https://www.zonaprop.com.ar/propiedades/clasificado/vecltrin-excelente-terreno-con-salida-a-dos-calles-59764607.html,2026-10-04
Belgrano,Cabildo 900,390,2100000,5385,4823,435,,zonaprop,https://www.zonaprop.com.ar/propiedades/clasificado/vecltrin-lote-en-venta-en-belgrano-59703952.html,2026-10-04
Belgrano,Echeverria  1300,840,4500000,5357,,,,zonaprop,https://www.zonaprop.com.ar/propiedades/clasificado/vecltrin-lote-de-excelentes-medidas-14-x-60-m.-en-inmejorable-41856403.html,2026-10-04
Belgrano,Balbin 2700,277,799000,2884,800,999,,zonaprop,https://www.zonaprop.com.ar/propiedades/clasificado/vecltrin-excelente-terreno-sobre-av-balbin-toma-100-46866106.html,2026-10-04
Belgrano,Olazabal  al 3200,377,950000,2520,,,,zonaprop,https://www.zonaprop.com.ar/propiedades/clasificado/vecltrin-terreno-lote-venta-belgrano-excelente-zona-59429909.html,2026-10-04
Belgrano,Echeverría al 1300,840,4500000,5357,,,,zonaprop,https://www.zonaprop.com.ar/propiedades/clasificado/vecltrin-echeverria-y-minones-gran-terreno-en-belgrano-chico-60148963.html,2026-10-04
Belgrano,Ciudad de la Paz 2100,568,2200000,3873,2765,796,,zonaprop,https://www.zonaprop.com.ar/propiedades/clasificado/vecltrin-lote-belgrano-ciudad-de-la-paz-vendibles-60192517.html,2026-10-04
Belgrano,Echeverria 1400,800,4500000,5625,3000,1500,,zonaprop,https://www.zonaprop.com.ar/propiedades/clasificado/vecltrin-terreno-lote-en-venta-en-belgrano-capital-federal-60210794.html,2026-10-04
Belgrano,Blanco Encalada 2700,164,1000000,6098,,,,zonaprop,https://www.zonaprop.com.ar/propiedades/clasificado/vecltrin-terreno-lote-en-venta-en-belgrano-capital-federal-57920688.html,2026-10-04
Belgrano,Doctor Pedro Ignacio Rivera 2700,220,1050000,4773,,,usaa ,zonaprop,https://www.zonaprop.com.ar/propiedades/clasificado/vecltrin-pedro-ignacio-rivera-2715-terreno-de-220-m-sup2--en-58920153.html,2026-10-04
Belgrano,Avenida Melián,483,1700000,3520,2690,632,,zonaprop,https://www.zonaprop.com.ar/propiedades/clasificado/vecltrin-vende.-19.74-x-24.47.-483-m-sup2-.-usab-2-aplica-59255582.html,2026-10-04
Belgrano,Manuel Ugarte 2790,172,569000,3308,,,,zonaprop,https://www.zonaprop.com.ar/propiedades/clasificado/vecltrin-lote-en-belgrano-ideal-proyecto-57183617.html,2026-10-04
Belgrano,Juana Azurduy 2300,700,1500000,2143,,,,zonaprop,https://www.zonaprop.com.ar/propiedades/clasificado/vecltrin-local-casa-hotel-de-6-pisos-en-venta-en-nunez-60199175.html,2026-10-04
Belgrano,Vuelta de Obligado,278,795000,2860,1490,534,pb + 10,zonaprop,https://www.zonaprop.com.ar/propiedades/clasificado/vecltrin-lote-vuelta-de-obligado-2600.-belgrano-54518728.html,2026-10-04
Belgrano,Echeverría al 1300,840,4500000,5357,,,,zonaprop,https://www.zonaprop.com.ar/propiedades/clasificado/vecltrin-excepcional-lote-de-14-m-x-60-m-echeverria-y-minones-60148964.html,2026-10-04
Belgrano,Conesa al 2762,265,825000,3113,1600,516,usaa ,zonaprop,https://www.zonaprop.com.ar/propiedades/clasificado/vecltrin-lote-en-belgrano-de-8-68-x-30-60-m-usaa-1600-57376756.html,2026-10-04
Belgrano,Vidal 3000,150,445000,2967,1000,445,,zonaprop,https://www.zonaprop.com.ar/propiedades/clasificado/vecltrin-terreno-lote-en-venta-en-belgrano-capital-federal-58515824.html,2026-10-04
Belgrano,Echeverría al 1300,840,4500000,5357,,,,zonaprop,https://www.zonaprop.com.ar/propiedades/clasificado/vecltrin-belgrano-chico-terreno-en-la-calle-echeverria-y-60148920.html,2026-10-04
Belgrano,Echeverria 1300,840,4500000,5357,2900,1552,,zonaprop,https://www.zonaprop.com.ar/propiedades/clasificado/vecltrin-lote-bajo-belgrano-echeverria-al-1300-gran-frente-y-50885387.html,2026-10-04
Belgrano,Congreso y Zapiola  ||  CM || Doble Terreno,267,1365000,5112,2360,578,pb + 10,zonaprop,https://www.zonaprop.com.ar/propiedades/clasificado/vecltrin-terreno-en-nunez-59352330.html,2026-10-04
Belgrano,Juramento  3500,420,1830000,4357,,,,zonaprop,https://www.zonaprop.com.ar/propiedades/clasificado/vecltrin-terreno-belgrano-44465250.html,2026-10-04
Belgrano,Montañeses 2600,140,950000,6786,,,,zonaprop,https://www.zonaprop.com.ar/propiedades/clasificado/vecltrin-terreno-lote-en-venta-en-belgrano-capital-federal-60295818.html,2026-10-04
Belgrano,Manuel Ugarte 2900,179,599999,3352,1320,455,,zonaprop,https://www.zonaprop.com.ar/propiedades/clasificado/vecltrin-lote-belgrano-manuel-ugarte-al-2900-para-1320-55317978.html,2026-10-04
Belgrano,Roque Perez Al 3000,276,399900,1449,845,473,,zonaprop,https://www.zonaprop.com.ar/propiedades/clasificado/vecltrin-lote-belgrano-roque-perez-3000-p-845-m-sup2-58464521.html,2026-10-04
Belgrano,AMENABAR 500,450,1170000,2600,,,,zonaprop,https://www.zonaprop.com.ar/propiedades/clasificado/vecltrin-terreno-en-venta-en-belgrano-54698188.html,2026-10-04
Belgrano,Dr Pedro Rivera Al 3400,179,999000,5581,2797,357,,zonaprop,https://www.zonaprop.com.ar/propiedades/clasificado/vecltrin-lote-belgrano-rivera-al-3400-para-2797-m-sup2-58242518.html,2026-10-04
Belgrano,Av Congreso 2700,398,1190000,2990,2392,497,,zonaprop,https://www.zonaprop.com.ar/propiedades/clasificado/vecltrin-lote-belgrano-av-congreso-2700-para-2392-m-sup2-51146299.html,2026-10-04
Belgrano,Av Cabildo Al 900,298,2190000,7349,3883,564,,zonaprop,https://www.zonaprop.com.ar/propiedades/clasificado/vecltrin-lote-belgrano-av-cabildo-900-para-3883-m-sup2-59491764.html,2026-10-04
Belgrano,Blanco Encalada 2300,1450,789000,544,1450,544,pb + 7,zonaprop,https://www.zonaprop.com.ar/propiedades/clasificado/vecltrin-terreno-1100-m-sup2--vendibles-usaa-subte-d-57753046.html,2026-10-04
Belgrano,Av. Cramer Al 2700,297,999000,3364,2470,404,,zonaprop,https://www.zonaprop.com.ar/propiedades/clasificado/vecltrin-lote-belgrano-cramer-al-2700-para-2470-m-sup2-56491935.html,2026-10-04
Belgrano,Ciudad De La Paz 3200,298,1290000,4329,2400,538,,zonaprop,https://www.zonaprop.com.ar/propiedades/clasificado/vecltrin-lote-belgrano-ciudad-de-la-paz-al-3200-para-2400-50938614.html,2026-10-04
Belgrano,Roosevelt Al 2900,168,729000,4339,,,,zonaprop,https://www.zonaprop.com.ar/propiedades/clasificado/vecltrin-lote-belgrano-roosevelt-al-2900-para-1800-m-sup2-55881252.html,2026-10-04
Belgrano,Vuelta De Obligado 2400,225,999000,4440,1725,579,,zonaprop,https://www.zonaprop.com.ar/propiedades/clasificado/vecltrin-lote-belgrano-vuelta-de-obligado-2400-para-1725-53396692.html,2026-10-04
Belgrano,Blanco Encalada 3000,288,1249000,4337,3015,414,,zonaprop,https://www.zonaprop.com.ar/propiedades/clasificado/vecltrin-lote-belgrano-bco-encalada-3000-para-3015-m-sup2-55513526.html,2026-10-04
Belgrano,Avenida De Los Incas 3700,600,299000,498,120,2492,,zonaprop,https://www.zonaprop.com.ar/propiedades/clasificado/vecltrin-terreno-en-venta-en-belgrano-r-60074413.html,2026-10-04
Belgrano,Manuel Ugarte 3000,179,649000,3626,,,,zonaprop,https://www.zonaprop.com.ar/propiedades/clasificado/vecltrin-lote-belgrano-manuel-ugarte-al-3000-para-1576-58185292.html,2026-10-04
Belgrano,Avenida De Los Incas 3700,600,299000,498,120,2492,,zonaprop,https://www.zonaprop.com.ar/propiedades/clasificado/vecltrin-terreno-en-venta-en-belgrano-r-60260551.html,2026-10-04
Belgrano,Conesa 2800,150,700000,4667,,,,zonaprop,https://www.zonaprop.com.ar/propiedades/clasificado/vecltrin-venta-terreno-para-desarrollo-en-belgrano-1422-m-sup2-60123998.html,2026-10-04
Belgrano,Virrey Del Pino 2400,159,869000,5465,1560,557,,zonaprop,https://www.zonaprop.com.ar/propiedades/clasificado/vecltrin-lote-belgrano-virrey-de-pino-para-1560-m-sup2-58405130.html,2026-10-04
Belgrano,Av Congreso 2900,98,599000,6112,1600,374,,zonaprop,https://www.zonaprop.com.ar/propiedades/clasificado/vecltrin-lote-belgrano-av-congreso-2900-para-1600-m-sup2-59255193.html,2026-10-04
Belgrano,3 De Febrero Al 2600,301,789000,2621,1495,528,,zonaprop,https://www.zonaprop.com.ar/propiedades/clasificado/vecltrin-lote-belgrano-3-de-febrero-2600-para-1495-m-sup2-54499882.html,2026-10-04
Belgrano,Migueletes 2200,369,2290000,6206,3275,699,usaa,zonaprop,https://www.zonaprop.com.ar/propiedades/clasificado/vecltrin-lote-bajo-belgrano-migueletes-al-2200-doble-frente-50938399.html,2026-10-04
Belgrano,Migueletes 1900,347,2990000,8617,3110,961,,zonaprop,https://www.zonaprop.com.ar/propiedades/clasificado/vecltrin-lote-bajo-belgrano-migueletes-al-1900-para-3110-59379417.html,2026-10-04
Belgrano,Echeverria Al 1400,176,1600000,9091,1465,1092,usaa,zonaprop,https://www.zonaprop.com.ar/propiedades/clasificado/vecltrin-terreno-bajo-belgrano-echeverria-50938415.html,2026-10-04
Belgrano,Vidal 2800,129,429000,3326,1050,409,,zonaprop,https://www.zonaprop.com.ar/propiedades/clasificado/vecltrin-lote-belgrano-vidal-al-2800-para-1050-m-sup2-58464527.html,2026-10-04
Belgrano,Cespedes Al 2600,179,839000,4687,1209,694,,zonaprop,https://www.zonaprop.com.ar/propiedades/clasificado/vecltrin-lote-belgrano-cespedes-2600-para-1517-m-sup2--44697601.html,2026-10-04
Belgrano,Benjamin Matienzo Al 2500,399,1490000,3734,2670,558,,zonaprop,https://www.zonaprop.com.ar/propiedades/clasificado/vecltrin-lote-belgrano-matienzo-al-2500-para-2670-m-sup2-52208124.html,2026-10-04
Belgrano,Olazabal Al 2600,179,1100000,6145,1400,786,usaa,zonaprop,https://www.zonaprop.com.ar/propiedades/clasificado/vecltrin-lote-belgrano-olazabal-al-2600-para-1680-m-sup2-53149474.html,2026-10-04
Belgrano,Vuelta De Obligado 2700,199,799000,4015,1700,470,,zonaprop,https://www.zonaprop.com.ar/propiedades/clasificado/vecltrin-lote-belgrano-vuelta-de-obligado-2700-para-2024-52816385.html,2026-10-04
Belgrano,Av. Cramer Al 2700,359,1690000,4708,2450,690,cm,zonaprop,https://www.zonaprop.com.ar/propiedades/clasificado/vecltrin-terreno-belgrano.-cramer-al-2700-para-2450-m-sup2-50614281.html,2026-10-04
Belgrano,Roosevelt Al 2900,99,699000,7061,1718,407,,zonaprop,https://www.zonaprop.com.ar/propiedades/clasificado/vecltrin-lote-belgrano-roosevelt-al-2900-para-1718-m-sup2-58885290.html,2026-10-04
Belgrano,Amenabar 900,165,1150000,6970,1350,852,usaa,zonaprop,https://www.zonaprop.com.ar/propiedades/clasificado/vecltrin-terreno-belgrano-amenabar-900-para-1350-m-sup2-48247759.html,2026-10-04
Belgrano,Amenabar Al 900,189,649000,3434,,,usaa,zonaprop,https://www.zonaprop.com.ar/propiedades/clasificado/vecltrin-lote-belgrano-amenabar-al-3000-para-1384-m-sup2-53799341.html,2026-10-04
Belgrano,Olazabal Al 1900,138,729000,5283,1515,481,,zonaprop,https://www.zonaprop.com.ar/propiedades/clasificado/vecltrin-lote-belgrano-olazabal-al-1900-para-1515-m-sup2-59436672.html,2026-10-04
Belgrano,Vidal Al 1900,498,1790000,3594,3012,594,,zonaprop,https://www.zonaprop.com.ar/propiedades/clasificado/vecltrin-lote-belgrano-vidal-al-1900-muy-lindo-frente-55201579.html,2026-10-04
Belgrano,Av Congreso 2800,298,1099000,3688,2389,460,,zonaprop,https://www.zonaprop.com.ar/propiedades/clasificado/vecltrin-lote-belgrano-av-congreso-2800-para-2389-m-sup2-59001056.html,2026-10-04
Belgrano,11 De Septiembre 2400,756,6500000,8598,,,,zonaprop,https://www.zonaprop.com.ar/propiedades/clasificado/vecltrin-lote-belgrano-11-de-septiembre-2400-barrio-chino-54297961.html,2026-10-04
Belgrano,Manuel Ugarte 2900,179,690000,3855,,,usaa,zonaprop,https://www.zonaprop.com.ar/propiedades/clasificado/vecltrin-lote-belgrano-manuel-ugarte-al-2900-para-1198-51293456.html,2026-10-04
Belgrano,Echeverria 1600,189,1599000,8460,1086,1472,,zonaprop,https://www.zonaprop.com.ar/propiedades/clasificado/vecltrin-lote-barrio-chino-echeverria-1600-para-1986-m-sup2-50213308.html,2026-10-04
Belgrano,Manuel Ugarte 2800,169,649000,3840,1440,451,,zonaprop,https://www.zonaprop.com.ar/propiedades/clasificado/vecltrin-lote-belgrano-manuel-ugarte-2800-para-1705-m-sup2-51970829.html,2026-10-04
Belgrano,Manuel Ugarte 2700,179,619000,3458,1214,510,usaa,zonaprop,https://www.zonaprop.com.ar/propiedades/clasificado/vecltrin-lote-belgrano-ugarte-2700-para-1214-m-sup2-52919023.html,2026-10-04
Belgrano,SUPERI 2000,533,1000000,1876,,,,zonaprop,https://www.zonaprop.com.ar/propiedades/clasificado/vecltrin-terreno-en-venta-en-belgrano-r-56930764.html,2026-10-04
Belgrano,SUPERI 2000,533,1000000,1876,,,,zonaprop,https://www.zonaprop.com.ar/propiedades/clasificado/vecltrin-terreno-en-venta-en-belgrano-r-56930765.html,2026-10-04
Belgrano,Blanco Encalada Al 3000,129,699000,5419,1464,477,,zonaprop,https://www.zonaprop.com.ar/propiedades/clasificado/vecltrin-lote-belgrano-blanco-encalada-3000-para-1464-53663130.html,2026-10-04
Belgrano,VIRREY AVILES 3600,225,560000,2489,850,659,usam,zonaprop,https://www.zonaprop.com.ar/propiedades/clasificado/vecltrin-terreno-en-venta-en-belgrano-56974512.html,2026-10-04
Belgrano,Teodoro Garcia 3500,297,1490000,5017,2600,573,,zonaprop,https://www.zonaprop.com.ar/propiedades/clasificado/vecltrin-lote-belgrano-teodoro-garcia-3500-para-2600-m-sup2-59436655.html,2026-10-04
Belgrano,Moldes 2000,333,1499000,4502,2628,570,,zonaprop,https://www.zonaprop.com.ar/propiedades/clasificado/vecltrin-lote-en-belgrano-moldes-al-2000-para-2628-m-sup2-56535540.html,2026-10-04
Belgrano,Av Congreso 3200,137,549000,4007,1278,430,,zonaprop,https://www.zonaprop.com.ar/propiedades/clasificado/vecltrin-lote-belgrano-coghlan-av-congreso-3200-para-1278-56535757.html,2026-10-04
Belgrano,Avenida De Los Incas 3700,600,299000,498,120,2492,,zonaprop,https://www.zonaprop.com.ar/propiedades/clasificado/vecltrin-terreno-en-venta-en-belgrano-r-60142127.html,2026-10-04
Belgrano,Ciudad de la Paz 1800,455,1100000,2418,1370,803,pb + 7 + 2,zonaprop,https://www.zonaprop.com.ar/propiedades/clasificado/vecltrin-lote-en-venta-en-belgrano-60298232.html,2026-10-04
Belgrano,Conesa 3200,298,549000,1842,1244,441,,zonaprop,https://www.zonaprop.com.ar/propiedades/clasificado/vecltrin-lote-nunez-conesa-al-3200-para-1244-m-sup2-59255166.html,2026-10-04
Belgrano,3 De Febrero Al 2700,149,899000,6034,1400,642,,zonaprop,https://www.zonaprop.com.ar/propiedades/clasificado/vecltrin-lote-belgrano-3-de-febrero-2700-para-1400-m-sup2-54748169.html,2026-10-04
Belgrano,Av. Cramer Al 2800,157,1350000,8599,2250,600,,zonaprop,https://www.zonaprop.com.ar/propiedades/clasificado/vecltrin-lote-belgrano-cramer-al-2800-para-2250-m-sup2-55779796.html,2026-10-04
Belgrano,Av De Los Incas Al 3800,345,599000,1736,,,,zonaprop,https://www.zonaprop.com.ar/propiedades/clasificado/vecltrin-lote-belgrano-r-v.-ortuzar-av-de-los-incas-al-3800-55680968.html,2026-10-04
Belgrano,Olazabal Al 2700,265,949000,3581,1990,477,,zonaprop,https://www.zonaprop.com.ar/propiedades/clasificado/vecltrin-lote-belgrano-olazabal-al-2700-cerca-estacion-de-50938607.html,2026-10-04
Belgrano,Av De Los Incas Al 3700,99,299000,3020,570,525,,zonaprop,https://www.zonaprop.com.ar/propiedades/clasificado/vecltrin-lote-belgrano-r-boulevard-av-de-los-incas-al-3700-54950805.html,2026-10-04
Belgrano,Manuel Ugarte 2900,397,790000,1990,2068,382,,zonaprop,https://www.zonaprop.com.ar/propiedades/clasificado/vecltrin-lote-belgrano-manuel-ugarte-2900-para-2068-m-sup2-56156702.html,2026-10-04
Belgrano,Moldes 2800,149,849000,5698,,,,zonaprop,https://www.zonaprop.com.ar/propiedades/clasificado/vecltrin-lote-belgrano-moldes-al-2800-para-1758-m-sup2-53994839.html,2026-10-04
Belgrano,Roseti Al 1900,167,459000,2749,1657,277,,zonaprop,https://www.zonaprop.com.ar/propiedades/clasificado/vecltrin-lote-belgrano-r-villa-ortuzar-roseti-1900-cash-58821365.html,2026-10-04
Belgrano,11 de Septiembre de 1888 2500,225,900000,4000,1113,809,usaa,zonaprop,https://www.zonaprop.com.ar/propiedades/clasificado/vecltrin-venta-terreno-belgrano-60261197.html,2026-10-04
Belgrano,JOSE HERNANDEZ 2200,845,6500000,7692,,,,zonaprop,https://www.zonaprop.com.ar/propiedades/clasificado/vecltrin-terreno-en-venta-en-belgrano-54604288.html,2026-10-04
Belgrano,Virrey Loreto 2400,95,620000,6526,,,,zonaprop,https://www.zonaprop.com.ar/propiedades/clasificado/vecltrin-oportunidad!-venta-terreno-a-pasos-de-av-cabildo!-60258709.html,2026-10-04
Belgrano,Cuidad De La Paz 2500,159,1590000,10000,3500,454,,zonaprop,https://www.zonaprop.com.ar/propiedades/clasificado/vecltrin-lote-belgrano-cuidad-de-la-paz-800-para-3500-m-sup2-55362609.html,2026-10-04
Belgrano,Roosevelt Al 1600,249,1490000,5984,1700,876,usaa,zonaprop,https://www.zonaprop.com.ar/propiedades/clasificado/vecltrin-lote-belgrano-roosevelt-1600-cerca-de-av-libertador-58229425.html,2026-10-04
Belgrano,Conesa 2800,249,799000,3209,2001,399,,zonaprop,https://www.zonaprop.com.ar/propiedades/clasificado/vecltrin-lote-belgrano-conesa-al-2800-para-2001-m-sup2-58756470.html,2026-10-04
Belgrano,Benjamin Matienzo Al 2500,397,1190000,2997,2050,580,usaa,zonaprop,https://www.zonaprop.com.ar/propiedades/clasificado/vecltrin-lote-belgrano-matienzo-al-2500-para-2590-m-sup2-58538377.html,2026-10-04
Belgrano,Dr Pedro Rivera Al 3100,179,1190000,6648,2115,563,,zonaprop,https://www.zonaprop.com.ar/propiedades/clasificado/vecltrin-lote-belgrano-rivera-al-3100-para-2749-m-sup2-51258751.html,2026-10-04
Belgrano,Conesa 2900,287,999000,3481,,,,zonaprop,https://www.zonaprop.com.ar/propiedades/clasificado/vecltrin-lote-belgrano-conesa-al-2900-para-26000-m-sup2-58950751.html,2026-10-04
Belgrano,Ciudad de la Paz 2700,257,1147000,4463,,,pb + 10,zonaprop,https://www.zonaprop.com.ar/propiedades/clasificado/vecltrin-venta-lote-belgrano-corredor-medio-60279409.html,2026-10-04
Belgrano,Vuelta De Obligado 2300,249,999000,4012,1794,557,usaa,zonaprop,https://www.zonaprop.com.ar/propiedades/clasificado/vecltrin-lote-belgrano-vuelta-de-obligado-2300-para-1794-52042635.html,2026-10-04
Belgrano,Av. Monroe Al 3500,1099,4190000,3813,7205,582,,zonaprop,https://www.zonaprop.com.ar/propiedades/clasificado/vecltrin-lote-belgrano-av-monroe-3500-gran-frente-y-fondo-53078540.html,2026-10-04
Nuñez,Manuela Pedraza al 3000,130,289000,2223,405,714,usab 2,zonaprop,https://www.zonaprop.com.ar/propiedades/clasificado/vecltrin-venta-lote-terreno-en-nunez-59763682.html,2026-10-04
Nuñez,Vilela al 2600,225,535000,2378,,,usam,zonaprop,https://www.zonaprop.com.ar/propiedades/clasificado/vecltrin-terreno-apto-1080-m-sup2--vendibles.-nunez-59152151.html,2026-10-04
Nuñez,Amenabar  al 3900,337,810000,2404,,,usam,zonaprop,https://www.zonaprop.com.ar/propiedades/clasificado/vecltrin-excelente-terreno-en-saavedra-lideres-en-terrenos-59289433.html,2026-10-04
Nuñez,Comodoro Rivadavia al 1800,152,460000,3026,1460,315,usab 2,zonaprop,https://www.zonaprop.com.ar/propiedades/clasificado/vecltrin-venta-lote-166-m-sup2--en-nunez-58822369.html,2026-10-04
Nuñez,Av. Cabildo al 3000,892,3000000,3363,4700,638,,zonaprop,https://www.zonaprop.com.ar/propiedades/clasificado/vecltrin-terreno-doble-frente-en-venta-sobre-av-cabildo-3050-57465750.html,2026-10-04
Nuñez,Tamborini al 2900,339,690000,2035,1243.1,555,pb + 4,zonaprop,https://www.zonaprop.com.ar/propiedades/clasificado/vecltrin-terreno-con-plano-y-proyecto-aprobados-superficie-59225595.html,2026-10-04
Nuñez,Dirección no informada,218,500000,2294,807,620,,zonaprop,https://www.zonaprop.com.ar/propiedades/clasificado/vecltrin-venta-lote-en-nunez-8-54-x-25-53-59679803.html,2026-10-04
Nuñez,Avenida Cabildo e/ Vilela y Paroissien,225,1200000,5333,,,,zonaprop,https://www.zonaprop.com.ar/propiedades/clasificado/vecltrin-terreno-en-venta-225.7-m-sup2--nunez-59199628.html,2026-10-04
Nuñez,Conesa al 3500,225,520000,2311,,,usab 2,zonaprop,https://www.zonaprop.com.ar/propiedades/clasificado/vecltrin-terreno-venta-nunez-59241486.html,2026-10-04
Nuñez,"Rivadavia Martin, Comodoro al 1800",170,460000,2706,,,usab 2,zonaprop,https://www.zonaprop.com.ar/propiedades/clasificado/vecltrin-excelente-terreno-en-nunez-lideres-en-terrenos-60092378.html,2026-10-04
Nuñez,Vidal al 3000,277,685000,2473,,,,zonaprop,https://www.zonaprop.com.ar/propiedades/clasificado/vecltrin-lote-en-nunez.-superficie-construible-1400-m-sup2-.-60278119.html,2026-10-04
Nuñez,Quesada  al 2700,143,545000,3811,,,usam ,zonaprop,https://www.zonaprop.com.ar/propiedades/clasificado/vecltrin-terreno-en-venta-en-quesada-entre-moldes-y-vidal.-59697117.html,2026-10-04
Nuñez,11 de Septiembre  al 3500,125,340000,2720,333,1021,usab2,zonaprop,https://www.zonaprop.com.ar/propiedades/clasificado/vecltrin-terreno-lote-57957971.html,2026-10-04
Nuñez,Vedia 2330,289,920000,3183,230,4000,pb + 10,zonaprop,https://www.zonaprop.com.ar/propiedades/clasificado/vecltrin-lote-en-vedia-y-av-cabildo-8-60-x-33-30-oportunidad-58807244.html,2026-10-04
Nuñez,Zapiola 3456,120,275000,2292,,,usab1,zonaprop,https://www.zonaprop.com.ar/propiedades/clasificado/vecltrin-terreno-gran-oportunidad-nunez-60279962.html,2026-10-04
Nuñez,Cuba al 4400,248,850000,3427,1150,739,usab 2,zonaprop,https://www.zonaprop.com.ar/propiedades/clasificado/vecltrin-lomas-de-nunez-magnifico-terreno-frente-a-plaza-59703300.html,2026-10-04
Nuñez,Jose P. Tamborini 2900,90,235000,2611,,,usab 2,zonaprop,https://www.zonaprop.com.ar/propiedades/clasificado/vecltrin-terreno-parcela-en-venta-en-nunez-capital-federal-59349190.html,2026-10-04
Nuñez,Vuelta de Obligado 4700,153,650000,4248,,,,zonaprop,https://www.zonaprop.com.ar/propiedades/clasificado/vecltrin-lote-en-nunez-a-100-m-de-av-cabildo-ideal-60208240.html,2026-10-04
Nuñez,Arias 2300,97,650000,6701,964,674,pb+10+2,zonaprop,https://www.zonaprop.com.ar/propiedades/clasificado/vecltrin-lote-para-empendimiento-cabildo-a-libertador-2-cuadras-59610858.html,2026-10-04
Nuñez,Montañeses al 2600,621,2800000,4509,,,,zonaprop,https://www.zonaprop.com.ar/propiedades/clasificado/vecltrin-terreno-en-nunez-59691729.html,2026-10-04
Nuñez,Avenida General Paz 1048,916,2850000,3111,4650,613,,zonaprop,https://www.zonaprop.com.ar/propiedades/clasificado/vecltrin-venta-terreno-nunez-frente-26-29-m-4650-m-sup2-59412105.html,2026-10-04
Nuñez,Av. Cabildo n 4071,225,1200000,5333,2300,522,Ca,zonaprop,https://www.zonaprop.com.ar/propiedades/clasificado/vecltrin-terreno-en-venta-en-nunez-59401512.html,2026-10-04
Nuñez,Pico 1849,347,600000,1729,,,pb + 2,zonaprop,https://www.zonaprop.com.ar/propiedades/clasificado/vecltrin-lomas-de-nunez-exc-lote-8-34-x-42-p-construir-600-58469677.html,2026-10-04
Nuñez,Conesa 3500,225,480000,2133,1137,422,usab 2,zonaprop,https://www.zonaprop.com.ar/propiedades/clasificado/vecltrin-venta-lote-225-m-nunez-ideal-desarrollo-60161786.html,2026-10-04
Nuñez,Vedia  al 2300,255,849900,3333,1700,500,,zonaprop,https://www.zonaprop.com.ar/propiedades/clasificado/vecltrin-terreno-en-nunez-60032866.html,2026-10-04
Nuñez,AV CABILDO 4200. Entre Besares y Ruiz huidobro,524,1900000,3626,,,,zonaprop,https://www.zonaprop.com.ar/propiedades/clasificado/vecltrin-lote-en-nunez-46720813.html,2026-10-04
Nuñez,Cuba 3170,167,349000,2090,703,496,,zonaprop,https://www.zonaprop.com.ar/propiedades/clasificado/vecltrin-terreno-en-nunez-59499653.html,2026-10-04
Nuñez,Vilela al 2000,288,590000,2049,,,pb + 4,zonaprop,https://www.zonaprop.com.ar/propiedades/clasificado/vecltrin-casa-nunez-59297855.html,2026-10-04
Nuñez,Tamborini 2800,219,450000,2055,1122,401,usam,zonaprop,https://www.zonaprop.com.ar/propiedades/clasificado/vecltrin-venta-lote-nunez-59695925.html,2026-10-04
Nuñez,Quesada al 2400,263,1250000,4753,,,cm,zonaprop,https://www.zonaprop.com.ar/propiedades/clasificado/vecltrin-terreno-en-venta-en-nunez-53230283.html,2026-10-04
Nuñez,Manuela Pedraza 2400,105,575000,5476,105,5476,,zonaprop,https://www.zonaprop.com.ar/propiedades/clasificado/vecltrin-terreno-nunez-951-m-sup2--vendibles-descontar-60250847.html,2026-10-04
Nuñez,Vedia al 1900,226,450000,1991,500,900,pb+2,zonaprop,https://www.zonaprop.com.ar/propiedades/clasificado/vecltrin-nunez-terreno-lote-venta-2-pisos-baja-altura-59758926.html,2026-10-04
Nuñez,Cuba  al 4400,249,850000,3414,,,,zonaprop,https://www.zonaprop.com.ar/propiedades/clasificado/vecltrin-excelente-terreno-en-nunez-lideres-en-terrenos-59716897.html,2026-10-04
Nuñez,Cabildo al 3510,218,1400000,6422,2633,532,,zonaprop,https://www.zonaprop.com.ar/propiedades/clasificado/vecltrin-lote-venta-en-saavedra-nunez-venta-baja-incidencia-60189586.html,2026-10-04
Nuñez,Quesada 2733,274,699000,2551,1325,528,usam,zonaprop,https://www.zonaprop.com.ar/propiedades/clasificado/vecltrin-terreno-en-venta-en-nunez-59507273.html,2026-10-04
Nuñez,Av Cabildo  al 3000,440,1600000,3636,2200,727,,zonaprop,https://www.zonaprop.com.ar/propiedades/clasificado/vecltrin-venta-terreno-premium-sobre-av-cabildo-nunez-59246774.html,2026-10-04
Nuñez,11 de Septiembre de 1888 al 4500,80,250000,3125,,,,zonaprop,https://www.zonaprop.com.ar/propiedades/clasificado/vecltrin-ph-en-venta-en-nunez-60300027.html,2026-10-04
Nuñez,Vuelta de Obligado 3900,211,900000,4265,1983,454,,zonaprop,https://www.zonaprop.com.ar/propiedades/clasificado/vecltrin-lote-en-venta-nunez-caba-vuelta-de-obligado-al-60124006.html,2026-10-04
Nuñez,Avenida Cabildo al 3510,218,1400000,6422,2633,532,ca,zonaprop,https://www.zonaprop.com.ar/propiedades/clasificado/vecltrin-terreno-en-nunez-en-venta-58722211.html,2026-10-04
Nuñez,11 de Septiembre 4500,168,860000,5119,1368.28,629,,zonaprop,https://www.zonaprop.com.ar/propiedades/clasificado/vecltrin-terreno-lote-en-venta-en-nunez-capital-federal-60005638.html,2026-10-04
Nuñez,Correa 1900,161,299900,1863,257,1167,pb + 2,zonaprop,https://www.zonaprop.com.ar/propiedades/clasificado/vecltrin-lote-en-nunez-apto-pb-2-pisos-aprox-257-m-sup2-60196272.html,2026-10-04
Nuñez,CIUDAD DE LA PAZ 3469,136,750000,5515,,,,zonaprop,https://www.zonaprop.com.ar/propiedades/clasificado/vecltrin-terreno-en-barrio-nunez-en-calle-ciudad-de-la-paz-al-60022991.html,2026-10-04
Nuñez,Cuba  al 2800,200,650000,3250,1105.01,588,pb + 7,zonaprop,https://www.zonaprop.com.ar/propiedades/clasificado/vecltrin-venta-de-terreno-en-belgrano-c-ideal-para-60041122.html,2026-10-04
Nuñez,Jaramillo 1640,382,850000,2225,1100,773,,zonaprop,https://www.zonaprop.com.ar/propiedades/clasificado/vecltrin-terreno-en-venta-en-nunez-de-382-m-sup2--zonificacion-58757954.html,2026-10-04
Nuñez,Vidal al 3500,216,398000,1843,1055.3,377,,zonaprop,https://www.zonaprop.com.ar/propiedades/clasificado/vecltrin-terreno-en-nunez-59195334.html,2026-10-04
Nuñez,Íbera al 2600,158,590000,3734,,,,zonaprop,https://www.zonaprop.com.ar/propiedades/clasificado/vecltrin-lote-en-venta-en-nunez-proximo-a-subte-d-y-av-59893987.html,2026-10-04
Nuñez,Congreso  al 3000  || CM ||  Esquina,143,770000,5385,1195,644,pb + 10,zonaprop,https://www.zonaprop.com.ar/propiedades/clasificado/vecltrin-terreno-en-nunez-59352382.html,2026-10-04
Nuñez,Ramallo 1700,297,580000,1953,1075,540,pb + 4,zonaprop,https://www.zonaprop.com.ar/propiedades/clasificado/vecltrin-venta-de-lote-en-lomas-de-nunez-usab2-inc-540-uva-60071556.html,2026-10-04
Nuñez,Av. Cabildo 4600,192,1200000,6250,1457.72,823,,zonaprop,https://www.zonaprop.com.ar/propiedades/clasificado/vecltrin-terreno-en-venta-en-belgrano-ninez-59243727.html,2026-10-04
Nuñez,Conesa 2953,387,1100000,2842,,,,zonaprop,https://www.zonaprop.com.ar/propiedades/clasificado/vecltrin-terreno-en-venta-calle-condesa-59862210.html,2026-10-04
Nuñez,Washington 2945  |   Usab2,355,570000,1606,1229,464,Usab 2,zonaprop,https://www.zonaprop.com.ar/propiedades/clasificado/vecltrin-terreno-usab-2-en-coghlan-lote-propio-59177128.html,2026-10-04
Nuñez,Congreso   2515,116,700000,6034,1200,583,,zonaprop,https://www.zonaprop.com.ar/propiedades/clasificado/vecltrin-terreno-nunez-50479687.html,2026-10-04
Nuñez,Vedia  al 1900  Apto Lote Para Construir PB DOS Plantas MAS Terraza,229,410000,1790,160,2562,,zonaprop,https://www.zonaprop.com.ar/propiedades/clasificado/vecltrin-terreno-casa-para-desarrollo-58836922.html,2026-10-04
Nuñez,Av. Cabildo 4625  | CA,764,3500000,4581,6300,556,pb + 12,zonaprop,https://www.zonaprop.com.ar/propiedades/clasificado/vecltrin-terreno-lote-venta-nunez-ca-56991081.html,2026-10-04
Nuñez,Av. C. Larralde 2962/64,227,680000,2996,,,usam,zonaprop,https://www.zonaprop.com.ar/propiedades/clasificado/vecltrin-terreno-8.66x26-m-nunez-superficie-edificable-1390-60301747.html,2026-10-04
Nuñez,Congreso  al 3500,130,250000,1923,,,pb + 4,zonaprop,https://www.zonaprop.com.ar/propiedades/clasificado/vecltrin-casa-en-coghlan-58609964.html,2026-10-04
Nuñez,Crisólogo Larralde 2600,402,1600000,3980,,,,zonaprop,https://www.zonaprop.com.ar/propiedades/clasificado/vecltrin-lote-de-402-m-sup2--para-inversores-en-el-corazon-de-57625552.html,2026-10-04
Nuñez,Ramallo  3685,225,295000,1311,750,393,,zonaprop,https://www.zonaprop.com.ar/propiedades/clasificado/vecltrin-terreno-en-saavedra-usab-51410312.html,2026-10-04
Nuñez,Vidal 3000,147,450000,3061,,,pb +5,zonaprop,https://www.zonaprop.com.ar/propiedades/clasificado/vecltrin-terreno-usam-pb-5-nunez-57566498.html,2026-10-04
Nuñez,Manuel Ugarte 2900,1600,790000,494,,,,zonaprop,https://www.zonaprop.com.ar/propiedades/clasificado/vecltrin-manuel-ugarte-al-2900-lote-de-8-66-m-de-frente-60281057.html,2026-10-04
Nuñez,Ibera 3090 ||  Usab2,149,330000,2215,750,440,usab2,zonaprop,https://www.zonaprop.com.ar/propiedades/clasificado/vecltrin-casa-en-nunez-58862531.html,2026-10-04
Nuñez,Besares al 1900,133,390000,2932,133,2932,usab0,zonaprop,https://www.zonaprop.com.ar/propiedades/clasificado/vecltrin-terreno-en-nunez-60164614.html,2026-10-04
Nuñez,M. Ugarte 3818 || Usab1,155,330000,2129,620,532,usab1,zonaprop,https://www.zonaprop.com.ar/propiedades/clasificado/vecltrin-terreno-venta-en-coghlan-59638108.html,2026-10-04
Nuñez,Deheza 2300,107,510000,4766,1233,414,,zonaprop,https://www.zonaprop.com.ar/propiedades/clasificado/vecltrin-terreno-apto-1542-m-sup2--m-av-cabilco.-59788688.html,2026-10-04
Nuñez,Av General Paz al 1200,272,600000,2206,,,,zonaprop,https://www.zonaprop.com.ar/propiedades/clasificado/vecltrin-terreno-en-av-gral-paz-y-cabildo-59519473.html,2026-10-04
Nuñez,Juana Azurduy 1825,600,495000,825,,,usab 2,zonaprop,https://www.zonaprop.com.ar/propiedades/clasificado/vecltrin-ideal-terreno-en-nunez-con-renta-asegurada-52455128.html,2026-10-04
Nuñez,Arias 2300,178,850000,4775,1500,567,,zonaprop,https://www.zonaprop.com.ar/propiedades/clasificado/vecltrin-venta-terreno-1500-m-vendibles-nunez-57957585.html,2026-10-04
Nuñez,Juana Azurduy 2300,700,1500000,2143,,,,zonaprop,https://www.zonaprop.com.ar/propiedades/clasificado/vecltrin-local-casa-hotel-de-6-pisos-en-venta-en-nunez-60199177.html,2026-10-04
Nuñez,Vidal  al 3500,218,385000,1766,998,386,usam,zonaprop,https://www.zonaprop.com.ar/propiedades/clasificado/vecltrin-venta-de-terreno-en-nunez-en-excelente-ubicacion-58957091.html,2026-10-04
Nuñez,Av. Cabildo al 4000,226,1100000,4867,,,,zonaprop,https://www.zonaprop.com.ar/propiedades/clasificado/vecltrin-terreno-corredor-alto-en-venta-2396-m-sup2--vendibles-57707235.html,2026-10-04
Nuñez,Conesa 3532,225,480000,2133,225,2133,usab 2,zonaprop,https://www.zonaprop.com.ar/propiedades/clasificado/vecltrin-excelente-oportunidad-de-inversion-lote-225-m-sup2--en-60238915.html,2026-10-04
Nuñez,Iberá 2100,524,850000,1622,,,,zonaprop,https://www.zonaprop.com.ar/propiedades/clasificado/vecltrin-lote-casa-venta-nunez-lote-propio-60115115.html,2026-10-04
Nuñez,Av. Crámer al 3000,237,600000,2532,954,629,pb + 5,zonaprop,https://www.zonaprop.com.ar/propiedades/clasificado/vecltrin-terreno-en-venta-en-nunez-55311293.html,2026-10-04
Nuñez,Crisólogo Larralde 2626,402,1700000,4229,,,cm,zonaprop,https://www.zonaprop.com.ar/propiedades/clasificado/vecltrin-venta-lote-doble-frente-en-nunez-c-2800-m-sup2-58492360.html,2026-10-04
Nuñez,CONESA 3532,230,480000,2087,225,2133,pb+ 4,zonaprop,https://www.zonaprop.com.ar/propiedades/clasificado/vecltrin-venta-lote-225-m-sup2--en-nunez-ideal-desarrollo-58796044.html,2026-10-04
Nuñez,11 de Septiembre 3027,91,305000,3352,133,2293,usab2,zonaprop,https://www.zonaprop.com.ar/propiedades/clasificado/vecltrin-terreno-en-venta-nunez-caba-60187635.html,2026-10-04
Nuñez,Vidal 3016,235,450000,1915,,,,zonaprop,https://www.zonaprop.com.ar/propiedades/clasificado/vecltrin-lote-en-venta-vidal-3000-nunez-57713124.html,2026-10-04
Nuñez,Crisólogo Larralde  al 2900,363,900000,2479,1920,469,usam,zonaprop,https://www.zonaprop.com.ar/propiedades/clasificado/vecltrin-lote-8.66-x-43.30-larralde-y-cramer-usam-en-nunez-59469355.html,2026-10-04
Nuñez,Vedia  al 1900   Listo Para Empezar !!!!!!,229,410000,1790,160,2562,,zonaprop,https://www.zonaprop.com.ar/propiedades/clasificado/vecltrin-terreno-casa-para-desarrollo-56862512.html,2026-10-04
Nuñez,Congreso al 3000 || CM,389,890000,2288,2800,318,cm,zonaprop,https://www.zonaprop.com.ar/propiedades/clasificado/vecltrin-terreno-en-nunez-60180176.html,2026-10-04
Nuñez,General PAZ   al 1200  a una Cuadra de Cabildo !!!!!!! Zona EN Pleno Desarrollo,215,670000,3116,,,,zonaprop,https://www.zonaprop.com.ar/propiedades/clasificado/vecltrin-terreno-apto-construccion-2600-m-sup2-59477434.html,2026-10-04
Nuñez,Jaramillo al 2700,200,330000,1650,735.73,449,usab2,zonaprop,https://www.zonaprop.com.ar/propiedades/clasificado/vecltrin-venta-terreno-8.53-m-x-25-m-600-vendibles.-balcones-59555142.html,2026-10-04
Nuñez,Tamborini al 2800,378,2000000,5291,378,5291,usam,zonaprop,https://www.zonaprop.com.ar/propiedades/clasificado/vecltrin-terreno-en-esquina-muy-buena-ubicacion-58439461.html,2026-10-04
Nuñez,QUESADA 1800. Entre 3 de febrero y 11 de septiembre de 1888,189,1080000,5714,1570,688,usaa,zonaprop,https://www.zonaprop.com.ar/propiedades/clasificado/vecltrin-venta-lote-para-desarrollo-nunez-59857051.html,2026-10-04
Nuñez,Congreso  al 2700,366,1300000,3552,2700,481,pb + 10,zonaprop,https://www.zonaprop.com.ar/propiedades/clasificado/vecltrin-terreno-en-nunez-57959529.html,2026-10-04
Nuñez,Vuelta De Obligado Al 3500,389,1490000,3830,2089,713,cm,zonaprop,https://www.zonaprop.com.ar/propiedades/clasificado/vecltrin-lote-nunez-vuelta-de-obligado-al-3500-para-2089-44801802.html,2026-10-04
Nuñez,Vuelta De Obligado 3500,375,1490000,3973,2176,685,,zonaprop,https://www.zonaprop.com.ar/propiedades/clasificado/vecltrin-lote-nunez-vuelta-de-obligado-3500-para-2176-50938251.html,2026-10-04
Nuñez,Av Cabildo Al 3900,198,1590000,8030,3463,459,,zonaprop,https://www.zonaprop.com.ar/propiedades/clasificado/vecltrin-lote-nunez-av-cabildo-3900-para-3463-m-sup2-59491807.html,2026-10-04
Nuñez,Av Cabildo 4700,295,1999000,6776,4740,422,ca,zonaprop,https://www.zonaprop.com.ar/propiedades/clasificado/vecltrin-lote-nunez-av-cabildo-4700-para-4740-m-sup2-52208127.html,2026-10-04
Nuñez,Av Cabildo 4200,198,849000,4288,2375,357,,zonaprop,https://www.zonaprop.com.ar/propiedades/clasificado/vecltrin-lote-nunez-av-cabildo-4200-para-2375-m-sup2-56645127.html,2026-10-04
Nuñez,Av Cabildo Al 4500,395,2890000,7316,6001,482,,zonaprop,https://www.zonaprop.com.ar/propiedades/clasificado/vecltrin-lote-nunez-saavedra-av-cabildo-4500-para-6001-53222217.html,2026-10-04
Nuñez,VIDAL 3000,149,455000,3054,,,Usam,zonaprop,https://www.zonaprop.com.ar/propiedades/clasificado/vecltrin-terreno-en-venta-en-nunez-54521538.html,2026-10-04
Nuñez,Quesada Al 2800,257,749000,2914,1580,474,,zonaprop,https://www.zonaprop.com.ar/propiedades/clasificado/vecltrin-lote-nunez-quesada-al-2800-para-1580-m-sup2-58464659.html,2026-10-04
Nuñez,Avenida De Los Incas 3700,600,299000,498,120,2492,,zonaprop,https://www.zonaprop.com.ar/propiedades/clasificado/vecltrin-terreno-en-venta-en-belgrano-r-60171935.html,2026-10-04
Nuñez,Vuelta De Obligado Al 4700,233,1290000,5536,1800,717,cm,zonaprop,https://www.zonaprop.com.ar/propiedades/clasificado/vecltrin-terreno-nunez-vuelta-de-obligado-4700-50938500.html,2026-10-04
Nuñez,11 De Septiembre Al 4400,150,799000,5327,1398,572,,zonaprop,https://www.zonaprop.com.ar/propiedades/clasificado/vecltrin-lote-lomas-de-nunez-11-de-septiembre-4400-p-1398-51424356.html,2026-10-04
Nuñez,Ciudad De La Paz 3800,249,749000,3008,,,,zonaprop,https://www.zonaprop.com.ar/propiedades/clasificado/vecltrin-lote-nunez-ciudad-de-la-paz-3800-para-1487-m-sup2-56535775.html,2026-10-04
Nuñez,Amenabar Al 3200,189,990000,5238,1400,707,usaa,zonaprop,https://www.zonaprop.com.ar/propiedades/clasificado/vecltrin-terreno-nunez-amenabar-al-3200-usaa-para-1400-51455385.html,2026-10-04
Nuñez,Vilela Al 2200,229,1190000,5197,2085,571,,zonaprop,https://www.zonaprop.com.ar/propiedades/clasificado/vecltrin-lote-lomas-de-nunez-vilela-al-2200-para-2085-53560733.html,2026-10-04
Nuñez,Montañeses 2600,140,950000,6786,,,,zonaprop,https://www.zonaprop.com.ar/propiedades/clasificado/vecltrin-terreno-lote-en-venta-en-belgrano-capital-federal-60295837.html,2026-10-04
Nuñez,3 De Febrero 4800,149,649000,4356,1040,624,,zonaprop,https://www.zonaprop.com.ar/propiedades/clasificado/vecltrin-lote-lomas-de-nunez-3-de-febrero-4800-para-1040-58357347.html,2026-10-04
Nuñez,Paroissien 2000,898,2490000,2773,3382,736,,zonaprop,https://www.zonaprop.com.ar/propiedades/clasificado/vecltrin-lote-lomas-de-nunez-paroissien-2000-para-3382-58131775.html,2026-10-04
Nuñez,Av Congreso Al 2900,185,790000,4270,1300,608,,zonaprop,https://www.zonaprop.com.ar/propiedades/clasificado/vecltrin-lote-nunez-av-congreso-al-2900-para-1300-m-sup2-52466151.html,2026-10-04
Nuñez,Moldes Al 3000,249,849000,3410,1584,536,,zonaprop,https://www.zonaprop.com.ar/propiedades/clasificado/vecltrin-lote-nunez-moldes-al-3000-para-1584-m-sup2-55362969.html,2026-10-04
Nuñez,Vedia 2200,267,899000,3367,2520,357,,zonaprop,https://www.zonaprop.com.ar/propiedades/clasificado/vecltrin-lote-lomas-de-nunez-vedia-al-2200-para-2520-m-sup2-59001010.html,2026-10-04
Nuñez,Av Cramer 2900,198,899000,4540,1411,637,,zonaprop,https://www.zonaprop.com.ar/propiedades/clasificado/vecltrin-lote-nunez-av-cramer-2900-para-1411-m-sup2--vendibles-59829121.html,2026-10-04
Nuñez,Ciudad De La Paz 3800,197,1099999,5584,2319,474,,zonaprop,https://www.zonaprop.com.ar/propiedades/clasificado/vecltrin-lote-nunez-ciudad-de-la-paz-3800-para-2319-m-sup2-58185496.html,2026-10-04
Nuñez,Moldes Al 3200,123,549000,4463,1069,514,usaa,zonaprop,https://www.zonaprop.com.ar/propiedades/clasificado/vecltrin-lote-nunez-moldes-al-3200-usaa-para-1282-m-sup2-50937962.html,2026-10-04
Nuñez,Vedia 2400,239,849000,3552,2189,388,,zonaprop,https://www.zonaprop.com.ar/propiedades/clasificado/vecltrin-lote-lomas-de-nunez-vedia-al-2400-para-2189-m-sup2-59196511.html,2026-10-04
Nuñez,Quesada Al 2100,289,649000,2246,1087,597,,zonaprop,https://www.zonaprop.com.ar/propiedades/clasificado/vecltrin-lote-nunez-quesada-al-2100-cerca-ort-libertador-solo-56590676.html,2026-10-04
Nuñez,Ciudad De La Paz 3300,227,949000,4181,175,5423,,zonaprop,https://www.zonaprop.com.ar/propiedades/clasificado/vecltrin-lote-belgrano-ciudad-de-la-paz-3300-para-2221-m-sup2-55677315.html,2026-10-04
Nuñez,Av. Cramer Al 2900,198,899000,4540,1599,562,,zonaprop,https://www.zonaprop.com.ar/propiedades/clasificado/vecltrin-lote-nunez-av-cramer-2900-para-1391-m-sup2-58300678.html,2026-10-04
Nuñez,General Paz 900,898,2999000,3340,,,,zonaprop,https://www.zonaprop.com.ar/propiedades/clasificado/vecltrin-lote-nunez-gral-paz-900-gran-frente-y-buen-fondo-55621640.html,2026-10-04
Nuñez,Ciudad De La Paz 3300,365,1590000,4356,3775,421,,zonaprop,https://www.zonaprop.com.ar/propiedades/clasificado/vecltrin-lote-nunez-belgrano-ciudad-de-la-paz-al-3300-50766700.html,2026-10-04
Nuñez,General Paz 1100,997,4990000,5005,13200,378,,zonaprop,https://www.zonaprop.com.ar/propiedades/clasificado/vecltrin-lote-nunez-gral-paz-1100-gran-frente-y-buen-fondo-55621648.html,2026-10-04
Nuñez,Av Congreso 2000,998,6900000,6914,,,,zonaprop,https://www.zonaprop.com.ar/propiedades/clasificado/vecltrin-lote-belgrano-congreso-2000-colegio-ort-av-50885629.html,2026-10-04
Nuñez,Crisologo Larralde 2700,387,1990000,5142,3640,547,,zonaprop,https://www.zonaprop.com.ar/propiedades/clasificado/vecltrin-lote-nunez-crisologo-larralde-2700-para-3640-m-sup2-55362695.html,2026-10-04
Nuñez,Juana Azurduy 1600,178,480000,2697,,,Usab 2,zonaprop,https://www.zonaprop.com.ar/propiedades/clasificado/vecltrin-lote-venta-nunez-60065273.html,2026-10-04
Nuñez,11 de Septiembre de 1888 4515,168,860000,5119,1368.28,629,,zonaprop,https://www.zonaprop.com.ar/propiedades/clasificado/vecltrpa-terreno-para-construccion-de-edificio.-casa-de-7-48399091.html,2026-10-04
Colegiales,Elcano al 3500 * * * Comercial,314,699000,2226,,,,zonaprop,https://www.zonaprop.com.ar/propiedades/clasificado/vecltrin-elcano-y-alvarez-tomas-terreno-8-66-x-37-m-59800267.html,2026-10-04
Colegiales,Cap. Gral. Ramón Freire  al 400,278,410000,1475,290,1414,,zonaprop,https://www.zonaprop.com.ar/propiedades/clasificado/vecltrin-venta-terreno-en-colegiales-60203738.html,2026-10-04
Colegiales,Virrey Loreto al 2800,194,400000,2062,,,,zonaprop,https://www.zonaprop.com.ar/propiedades/clasificado/vecltrin-excelente-lote-colegiales-452-m-sup2--vendibles-60118448.html,2026-10-04
Colegiales,Alvarez Thomas y Olleros,207,1280000,6184,,,,zonaprop,https://www.zonaprop.com.ar/propiedades/clasificado/vecltrin-terreno-en-venta-en-av-alvarez-thomas-y-olleros-59389137.html,2026-10-04
Colegiales,Av.lacroze  al 2800,375,750000,2000,,,,zonaprop,https://www.zonaprop.com.ar/propiedades/clasificado/vecltrin-terreno-en-colegiales-59469716.html,2026-10-04
Colegiales,Av. Forest 1200,171,380000,2222,1463,260,usaa,zonaprop,https://www.zonaprop.com.ar/propiedades/clasificado/vecltrin-venta.-terreno.-usaa.-1.156-m-sup2--vendibles.-av-60022383.html,2026-10-04
Colegiales,Forest 1200,216,630000,2917,2123,297,pb+9,zonaprop,https://www.zonaprop.com.ar/propiedades/clasificado/vecltrin-terreno-urbano-en-venta-en-colegiales-capital-59616105.html,2026-10-04
Colegiales,Cordoba al 6200,273,720000,2637,,,,zonaprop,https://www.zonaprop.com.ar/propiedades/clasificado/vecltrin-terreno-en-colegiales-58858602.html,2026-10-04
Colegiales,Amenabar 500,412,1690000,4102,,,usaa ,zonaprop,https://www.zonaprop.com.ar/propiedades/clasificado/vecltrin-excelente-lote-venta-colegiales-60088851.html,2026-10-04
Colegiales,Conde al 700,120,500000,4167,997.05,501,usam ,zonaprop,https://www.zonaprop.com.ar/propiedades/clasificado/vecltrin-terreno-de-oportunidad-venta-usam-construibles-60122349.html,2026-10-04
Colegiales,Conde al 1400,159,420000,2642,594,707,usab1,zonaprop,https://www.zonaprop.com.ar/propiedades/clasificado/vecltrin-terreno-en-colegiales-57636472.html,2026-10-04
Colegiales,Virrey Aredondo 2800,208,800000,3846,,,,zonaprop,https://www.zonaprop.com.ar/propiedades/clasificado/vecltrin-terreno-en-venta-en-colegiales.-58449287.html,2026-10-04
Colegiales,Cordoba al 6400,329,950000,2888,22.8,41667,,zonaprop,https://www.zonaprop.com.ar/propiedades/clasificado/vecltrin-terreno-apto-hasta-2120-m-sup2--retiros-58394092.html,2026-10-04
Colegiales,Av. JJORGE NEWBERY ENTRE CHARLONE Y GIRIBONE (AV CORDOBA),221,480000,2172,,,,zonaprop,https://www.zonaprop.com.ar/propiedades/clasificado/vecltrin-terreno-en-colegiales-buena-ubicacion-buena-57620062.html,2026-10-04
Colegiales,Conesa 1210,450,1250000,2778,,,,zonaprop,https://www.zonaprop.com.ar/propiedades/clasificado/vecltrin-vendo-interesante-triple-frente-en-colegiales-59385552.html,2026-10-04
Colegiales,Aguilar 2475,339,1915000,5649,31.2,61378,pb+10,zonaprop,https://www.zonaprop.com.ar/propiedades/clasificado/vecltrin-aguilar-2475-excelente-terreno-59526150.html,2026-10-04
Colegiales,Av. Álvarez Thomas,401,1400000,3491,,,,zonaprop,https://www.zonaprop.com.ar/propiedades/clasificado/vecltrin-terreno-en-venta-ubicado-en-colegiales-ideal-58920150.html,2026-10-04
Colegiales,Conde 792,360,500000,1389,734,681,usam ,zonaprop,https://www.zonaprop.com.ar/propiedades/clasificado/vecltrin-colegiales:-lote-8-23-x-15-zonf:-usam-conde-700-57216227.html,2026-10-04
Colegiales,Conde 761,338,850000,2515,,,,zonaprop,https://www.zonaprop.com.ar/propiedades/clasificado/vecltrin-vendo-increible-lote-de-8-66-x-39-m-en-pleno-59916518.html,2026-10-04
Colegiales,Conesa 898,360,1890000,5250,2100,900,,zonaprop,https://www.zonaprop.com.ar/propiedades/clasificado/vecltrin-exelente-esquina-en-lo-mejor-de-colegiales-59222811.html,2026-10-04
Colegiales,Alvarez Thomas 800,570,1400000,2456,170,8235,,zonaprop,https://www.zonaprop.com.ar/propiedades/clasificado/vecltrin-alvarez-tomas-al-800-2.400-m-sup2--vendibles-46176405.html,2026-10-04
Colegiales,Avenida Álvarez Thomas 700,300,720000,2400,,,usaa,zonaprop,https://www.zonaprop.com.ar/propiedades/clasificado/vecltrin-venta-lote-terreno-colegiales-caba-60264592.html,2026-10-04
Colegiales,General Enrique Martínez 800,424,755000,1781,456.918,1652,,zonaprop,https://www.zonaprop.com.ar/propiedades/clasificado/vecltrin-lote-terreno-en-venta-usab1-colegiales-60124574.html,2026-10-04
Colegiales,Enrique Martinez al 1100,240,490000,2042,,,,zonaprop,https://www.zonaprop.com.ar/propiedades/clasificado/vecltrin-local-colegiales-57791692.html,2026-10-04
Colegiales,Enrique Martinez al 600,193,650000,3368,,,,zonaprop,https://www.zonaprop.com.ar/propiedades/clasificado/vecltrin-venta-lote-apto-1672-m-sup2--aprobados-colegiales-59605587.html,2026-10-04
Colegiales,Virrey Arredondo 3200,172,360000,2093,,,,zonaprop,https://www.zonaprop.com.ar/propiedades/clasificado/vecltrin-lote-de-7.79x22.07-m.-en-el-corazon-de-colegiales!-57660682.html,2026-10-04
Colegiales,JORGE NEWBERY 2600,305,760000,2492,1060,717,usaa,zonaprop,https://www.zonaprop.com.ar/propiedades/clasificado/vecltrin-terreno-en-venta-en-colegiales-59404781.html,2026-10-04
Colegiales,Olleros 2700,558,1380000,2473,2200,627,,zonaprop,https://www.zonaprop.com.ar/propiedades/clasificado/vecltrin-terreno-en-colegiales-60313854.html,2026-10-04
Colegiales,Olleros 3146,483,398000,824,,,pb + 2,zonaprop,https://www.zonaprop.com.ar/propiedades/clasificado/vecltrin-hotel-en-colegiales-terreno-multiples-destinos-59893839.html,2026-10-04
Colegiales,Virrey Arredondo 3100,350,660000,1886,990,667,Pb + 3,zonaprop,https://www.zonaprop.com.ar/propiedades/clasificado/vecltrin-venta-terreno-de-350-m-sup2--colegiales.-desarrollo-60189555.html,2026-10-04
Colegiales,JORGE NEWBERY 3300. Entre Delgado y Enrique Martinez,375,590000,1573,215.563,2737,,zonaprop,https://www.zonaprop.com.ar/propiedades/clasificado/vecltrin-lote.-jorge-newbery-3300-50006840.html,2026-10-04
Colegiales,Conesa al 1400,500,850000,1700,,,,zonaprop,https://www.zonaprop.com.ar/propiedades/clasificado/vecltrin-terreno-en-zona-residencial-apto-1050-m-sup2-53020996.html,2026-10-04
Colegiales,Amenabar al 700,223,1100000,4933,,,,zonaprop,https://www.zonaprop.com.ar/propiedades/clasificado/vecltrin-terreno-en-venta-en-barrio-colegiales-58997228.html,2026-10-04
Colegiales,CESPEDES 3215. Entre Conde y Enrique martinez,700,590000,843,203.538,2899,,zonaprop,https://www.zonaprop.com.ar/propiedades/clasificado/vecltrin-lote.-cespedes-3215-51715456.html,2026-10-04
Colegiales,Delgado 550,185,400000,2162,,,,zonaprop,https://www.zonaprop.com.ar/propiedades/clasificado/vecltrin-venta-sensacional-terreno-en-el-area-mas-residencial-y-60108661.html,2026-10-04
Colegiales,Céspedes 3470,180,380000,2111,600,633,usab 2,zonaprop,https://www.zonaprop.com.ar/propiedades/clasificado/vecltrin-lote-en-venta-para-desarrollo-inmobiliario-46842824.html,2026-10-04
Colegiales,DELGADO 1400,411,680000,1655,1012,672,pb + 4,zonaprop,https://www.zonaprop.com.ar/propiedades/clasificado/vecltrin-excelente-terreno-para-desarrollo-pb-4-pisos-57802689.html,2026-10-04
Colegiales,Virrey Olaguer al 3300,386,950000,2461,1850,514,,zonaprop,https://www.zonaprop.com.ar/propiedades/clasificado/vecltrin-terreno-en-colegiales-53685782.html,2026-10-04
Colegiales,Maure 3700,347,550000,1585,702,783,,zonaprop,https://www.zonaprop.com.ar/propiedades/clasificado/vecltrin-exc.-lote-de-9.16-x-37.85-m!-59933312.html,2026-10-04
Colegiales,Teodoro García 2926,300,980000,3267,1200,817,pb + 4,zonaprop,https://www.zonaprop.com.ar/propiedades/clasificado/vecltrin-lote-en-venta-colegiales-superficie-total-vendible-58813559.html,2026-10-04
Colegiales,Zárraga 3400,136,399000,2934,136.303,2927,,zonaprop,https://www.zonaprop.com.ar/propiedades/clasificado/vecltrin-oportunidad-terreno-en-villa-ortuzar-59986950.html,2026-10-04
Colegiales,Freire 800,364,550000,1511,,,pb + 4,zonaprop,https://www.zonaprop.com.ar/propiedades/clasificado/vecltrin-excelente-lote-9-5x38-5-m-usab2-en-venta-colegiales-60151405.html,2026-10-04
Colegiales,Conesa 1200,198,659000,3328,901,731,,zonaprop,https://www.zonaprop.com.ar/propiedades/clasificado/vecltrin-lote-colegiales-conesa-1200-para-901-m-sup2-58950765.html,2026-10-04
Colegiales,Delgado Al 500,169,549000,3249,,,,zonaprop,https://www.zonaprop.com.ar/propiedades/clasificado/vecltrin-lote-colegiales-delgado-al-500-para-1069-m-sup2-58707711.html,2026-10-04
Colegiales,Zabala 3100,434,890000,2051,,,,zonaprop,https://www.zonaprop.com.ar/propiedades/clasificado/vecltrin-lote-colegiales-zabala-3100-para-1800-m-sup2--de-59186638.html,2026-10-04
Colegiales,Avenida cordoba 6000,440,2800000,6364,3500,800,,zonaprop,https://www.zonaprop.com.ar/propiedades/clasificado/vecltrin-terreno-lote-en-venta-en-chacarita-capital-federal-60218381.html,2026-10-04
Colegiales,Teodoro Garcia 3500,239,750000,3138,,,,zonaprop,https://www.zonaprop.com.ar/propiedades/clasificado/vecltrin-lote-colegiales-teodoro-garcia-3500-50766672.html,2026-10-04
Colegiales,Charlone 500,198,799000,4035,2000,400,,zonaprop,https://www.zonaprop.com.ar/propiedades/clasificado/vecltrin-lote-colegiales-chacarita-charlone-500-para-2000-53298577.html,2026-10-04
Colegiales,Delgado Al 1000,119,339000,2849,631,537,usab 2,zonaprop,https://www.zonaprop.com.ar/propiedades/clasificado/vecltrin-lote-colegiales-delgado-al-1000-59314607.html,2026-10-04
Colegiales,14 De Julio 1300,239,590000,2469,1300,454,,zonaprop,https://www.zonaprop.com.ar/propiedades/clasificado/vecltrin-lote-colegiales-14-de-julio-1300-para-1300-m-sup2-55318205.html,2026-10-04
Colegiales,Av. Forest 1300,158,399000,2525,,,,zonaprop,https://www.zonaprop.com.ar/propiedades/clasificado/vecltrin-lote-colegiales-av-forest-1300-para-1458-m-sup2-58464550.html,2026-10-04
Colegiales,Federico Lacroze Al 3000,298,1190000,3993,2390,498,,zonaprop,https://www.zonaprop.com.ar/propiedades/clasificado/vecltrin-lote-colegiales-av-federico-lacroze-3000-algo-de-56491725.html,2026-10-04
Colegiales,Alvarez Thomas Al 1000,198,1200000,6061,1950,615,,zonaprop,https://www.zonaprop.com.ar/propiedades/clasificado/vecltrin-lote-colegiales-alvarez-thomas-1000-para-1950-50938356.html,2026-10-04
Colegiales,Alvarez Thomas Al 1100,198,1099000,5551,2125,517,,zonaprop,https://www.zonaprop.com.ar/propiedades/clasificado/vecltrin-lote-colegiales-alvarez-thomas-1100-para-2125-55992452.html,2026-10-04
Colegiales,Virrey Aviles 3000,129,790000,6124,1365,579,,zonaprop,https://www.zonaprop.com.ar/propiedades/clasificado/vecltrin-lote-colegiales-virrey-aviles-3000-p-1.365-m-sup2-52154994.html,2026-10-04
Colegiales,Olleros 3700,198,799000,4035,2000,400,,zonaprop,https://www.zonaprop.com.ar/propiedades/clasificado/vecltrin-lote-colegiales-chacarita-olleros-3700-para-2000-58242465.html,2026-10-04
Colegiales,Avenida De Los Incas 3700,600,299000,498,120,2492,,zonaprop,https://www.zonaprop.com.ar/propiedades/clasificado/vecltrin-terreno-en-venta-en-belgrano-r-60142181.html,2026-10-04
Colegiales,Av. Forest 1300,158,489000,3095,1158,422,,zonaprop,https://www.zonaprop.com.ar/propiedades/clasificado/vecltrin-lote-colegiales-ortuzar-av-forest-1300-p-1158-58464556.html,2026-10-04
Colegiales,Delgado Al 700,198,699000,3530,895,781,usam,zonaprop,https://www.zonaprop.com.ar/propiedades/clasificado/vecltrin-lote-colegiales-delgado-al-700-para-1074-m-sup2-53033623.html,2026-10-04
Colegiales,Cespedes Al 2900,379,599000,1580,459,1305,,zonaprop,https://www.zonaprop.com.ar/propiedades/clasificado/vecltrin-lote-colegiales-cespedes-al-2900-para-1112-m-sup2-50937894.html,2026-10-04
Colegiales,Charlone 600,375,599000,1597,1045,573,usam,zonaprop,https://www.zonaprop.com.ar/propiedades/clasificado/vecltrin-lote-colegiales-charlone-al-600-para-1250-m-sup2--a-52277712.html,2026-10-04
Colegiales,Forest 1200,198,450000,2273,,,,zonaprop,https://www.zonaprop.com.ar/propiedades/clasificado/vecltrin-forest-al-1200-10x20-1.300-constr-colegiales-58439049.html,2026-10-04
Palermo,Av. Estado Israel al 4400,97,450000,4639,970,464,pb + 10 + 2,zonaprop,https://www.zonaprop.com.ar/propiedades/clasificado/vecltrin-terreno-en-almagro-palermo-57404444.html,2026-10-04
Palermo,Benjamin Matienzo 2627/ 31,249,890000,3574,,,usaa,zonaprop,https://www.zonaprop.com.ar/propiedades/clasificado/vecltrin-excelente-terreno-en-palermo-lideres-en-terrenos-59216202.html,2026-10-04
Palermo,Honduras e/ Fitz Roys y Bonpland,242,1750000,7231,,,,zonaprop,https://www.zonaprop.com.ar/propiedades/clasificado/vecltrin-terreno-en-venta-242-m-palermo-60138453.html,2026-10-04
Palermo,Avenida Scalabrini Ortiz al 1100,390,990000,2538,1335,742,usaa,zonaprop,https://www.zonaprop.com.ar/propiedades/clasificado/vecltrin-terreno-lote-en-venta-palermo-60070998.html,2026-10-04
Palermo,Palestina al 1100,739,940000,1272,,,,zonaprop,https://www.zonaprop.com.ar/propiedades/clasificado/vecltrin-casa-o-terreno-para-inversion-49787692.html,2026-10-04
Palermo,Honduras al 5700 - Premium * * * *,705,1950000,2766,,,,zonaprop,https://www.zonaprop.com.ar/propiedades/clasificado/vecltrin-local-sobre-lote-propio-honduras-entre-humbolt-y-59506195.html,2026-10-04
Palermo,Gorriti al 4700,219,620000,2831,630,984,,zonaprop,https://www.zonaprop.com.ar/propiedades/clasificado/vecltrin-terreno-en-palermo-59641217.html,2026-10-04
Palermo,Honduras al 5700,1556,1950000,1253,,,,zonaprop,https://www.zonaprop.com.ar/propiedades/clasificado/vecltrin-lote-17-m-de-frente-41-m-de-fondo-ideal-local-60019969.html,2026-10-04
Palermo,Migueletes 900,287,2200000,7666,,,,zonaprop,https://www.zonaprop.com.ar/propiedades/clasificado/vecltrin-terreno-en-las-canitas-57077934.html,2026-10-04
Palermo,Avenida Cordoba,453,1850000,4084,3410,543,pb + 9,zonaprop,https://www.zonaprop.com.ar/propiedades/clasificado/vecltrin-excepcional-terreno-p-desarrollo-en-av-cordoba-60177543.html,2026-10-04
Palermo,Cabrera 4645,339,1185000,3496,1479,801,,zonaprop,https://www.zonaprop.com.ar/propiedades/clasificado/vecltrin-excelente-lote-en-palermo-1479-m-sup2--vendibles-5-2-53514725.html,2026-10-04
Palermo,El salvador al 4800,1530,3100000,2026,,,,zonaprop,https://www.zonaprop.com.ar/propiedades/clasificado/vecltrin-edificio-vivienda-en-venta-a-terminar-55262118.html,2026-10-04
Palermo,Córdoba e/ Dorrego y Concepcion Areal,200,1750000,8750,,,,zonaprop,https://www.zonaprop.com.ar/propiedades/clasificado/vecltrin-terreno-en-venta-monoambiente-1-bano-200-m-60138583.html,2026-10-04
Palermo,Convención E/ Honduras y el Salvador,300,720000,2400,,,,zonaprop,https://www.zonaprop.com.ar/propiedades/clasificado/vecltrin-terreno-en-venta-300-m-palermo-60025758.html,2026-10-04
Palermo,Cabello al 3900,175,1900000,10857,1259.3,1509,pb + 7,zonaprop,https://www.zonaprop.com.ar/propiedades/clasificado/vecltrin-unico-terreno-en-palermo-zoo-para-hacer-edificio!-59632186.html,2026-10-04
Palermo,Zapata 100,286,1430000,5000,,,pb + 10,zonaprop,https://www.zonaprop.com.ar/propiedades/clasificado/vecltrin-zapata-100-terreno-en-venta-corredor-medio-60269704.html,2026-10-04
Palermo,Thames,397,1200000,3023,,,,zonaprop,https://www.zonaprop.com.ar/propiedades/clasificado/vecltrin-terreno-8-66-x46-thames-e-costa-rica-y-nicaragua-la-46675989.html,2026-10-04
Palermo,Bonpland 1900,650,990000,1523,,,,zonaprop,https://www.zonaprop.com.ar/propiedades/clasificado/vecltrin-terreno-en-venta-en-palermo-hollywood-nuevo-valor-59516357.html,2026-10-04
Palermo,Gorriti al 4800,244,790000,3238,712,1110,usab 2,zonaprop,https://www.zonaprop.com.ar/propiedades/clasificado/vecltrin-venta-terreno-en-palermo-excelente-oportunidad-para-60187795.html,2026-10-04
Palermo,ANGEL JUSTINIANO CARRANZA 2382. Entre Charcas y Av. Santa Fe,1510,750000,497,1500,500,,zonaprop,https://www.zonaprop.com.ar/propiedades/clasificado/vecltrin-venta-lote-vista-abierta-palermo-hollywood-60043022.html,2026-10-04
Palermo,Bonpland 1300,401,2900000,7232,4190,692,pb + 8 + 2,zonaprop,https://www.zonaprop.com.ar/propiedades/clasificado/vecltrin-venta-doble-terreno-para-desarrollo-inmobiliario-en-60302376.html,2026-10-04
Palermo,Av. Córdoba 6000,686,2800000,4082,,,,zonaprop,https://www.zonaprop.com.ar/propiedades/clasificado/vecltrin-2-lotes!ideal-ubicacion-sobre-av-cordoba-y-dorrego-41686468.html,2026-10-04
Palermo,Dorrego 2200,1100,1200000,1091,1100,1091,,zonaprop,https://www.zonaprop.com.ar/propiedades/clasificado/vecltrin-terreno-lote-en-venta-en-palermo-soho-capital-59454037.html,2026-10-04
Palermo,Honduras  al 4500,234,850000,3632,1300,654,,zonaprop,https://www.zonaprop.com.ar/propiedades/clasificado/vecltrin-palermo-soho-lote-8.70-x-27-usab-2-apto-1300-59935395.html,2026-10-04
Palermo,Guatemala 4500,120,690000,5750,801,861,pb + 7,zonaprop,https://www.zonaprop.com.ar/propiedades/clasificado/vecltrin-lote-en-venta-palermo-60316653.html,2026-10-04
Palermo,Charcas al 4400,1650,1230000,745,1650,745,,zonaprop,https://www.zonaprop.com.ar/propiedades/clasificado/vecltrin-terreno-en-venta-59814992.html,2026-10-04
Palermo,Thames al 2471,1700,890000,524,,,,zonaprop,https://www.zonaprop.com.ar/propiedades/clasificado/vecltrin-terreno-thames-al-2400-59245383.html,2026-10-04
Palermo,Charcas  al 5000,144,599000,4160,,,pb + 6 + 2,zonaprop,https://www.zonaprop.com.ar/propiedades/clasificado/vecltrin-terreno-en-palermo-hollywood-56090721.html,2026-10-04
Palermo,Charcas 3600,1157,920000,795,1157,795,,zonaprop,https://www.zonaprop.com.ar/propiedades/clasificado/vecltrin-venta-imperdible-lote-en-una-de-las-mejores-zonas-de-59511552.html,2026-10-04
Palermo,Av Corrientes al 3800,911,3500000,3842,5541,632,,zonaprop,https://www.zonaprop.com.ar/propiedades/clasificado/vecltrin-terreno-en-venta-av-corrientes-3883-palermo-59209799.html,2026-10-04
Palermo,Juez Tedín al 2700,900,7500000,8333,,,,zonaprop,https://www.zonaprop.com.ar/propiedades/clasificado/vecltrin-venta-terreno-unico-triple-frente-23-m-sup2--juez-58066137.html,2026-10-04
Palermo,Fitz Roy al 2200,497,1370000,2757,,,pb + 6,zonaprop,https://www.zonaprop.com.ar/propiedades/clasificado/vecltrin-terreno-en-palermo-apto-emprendimiento-multifamiliar-58896069.html,2026-10-04
Palermo,Jose Antonio Cabrera al 4700,800,799000,999,753,1061,usab2,zonaprop,https://www.zonaprop.com.ar/propiedades/clasificado/vecltrin-lote-usab2-753-m-sup2--vendibles.-palermo.-59647983.html,2026-10-04
Palermo,CABRERA 3959. Entre Gascon y F. acuÑa de figueroa,562,690000,1228,,,usab2,zonaprop,https://www.zonaprop.com.ar/propiedades/clasificado/vecltrin-palermo:-terreno-60-m-de-fondo-59454543.html,2026-10-04
Palermo,DR E RAVIGNANI 2000. Entre Soler y Guatemala,137,725000,5292,900,806,,zonaprop,https://www.zonaprop.com.ar/propiedades/clasificado/vecltrin-venta-lote-palermo-hollywood.-60137198.html,2026-10-04
Palermo,Honduras 5600,245,1900000,7755,,,,zonaprop,https://www.zonaprop.com.ar/propiedades/clasificado/vecltrin-lote-local-245-m-sup2--mas-terraza-la-mejor-43334092.html,2026-10-04
Palermo,Juncal 4570. Entre Godoy cruz y Fray j santa maría de oror,481,1800000,3742,,,usaa ,zonaprop,https://www.zonaprop.com.ar/propiedades/clasificado/vecltrin-lote-481-m-sup2--palermo-nuevo-usaa-pb-7p-2r-59823549.html,2026-10-04
Palermo,Av. Cordoba 4353,290,1500000,5172,2950,508,pb + 10,zonaprop,https://www.zonaprop.com.ar/propiedades/clasificado/vecltrin-excelente-terreno-propio-en-venta-290-m-sup2--sobre-av-57392590.html,2026-10-04
Palermo,Soler  al 4100,366,1300000,3552,2330,558,usab 2,zonaprop,https://www.zonaprop.com.ar/propiedades/clasificado/vecltrin-terreno-en-venta-en-palermo-2.190-m-sup2--vendibles-59820116.html,2026-10-04
Palermo,Jufré 870,337,620000,1840,1250,496,usam,zonaprop,https://www.zonaprop.com.ar/propiedades/clasificado/vecltrin-venta-lote-palermo-villa-crespo-60020840.html,2026-10-04
Palermo,Gorriti al 3900,303,750000,2475,1900,395,,zonaprop,https://www.zonaprop.com.ar/propiedades/clasificado/vecltrin-lote-en-palermo-usab2-58732924.html,2026-10-04
Palermo,Ravigniani 1347,263,1050000,3992,1650,636,,zonaprop,https://www.zonaprop.com.ar/propiedades/clasificado/vecltrin-palermo-lote-a-la-venta-59045860.html,2026-10-04
Palermo,Av. Córdoba  al 5100,225,880000,3911,,,,zonaprop,https://www.zonaprop.com.ar/propiedades/clasificado/vecltrin-venta-de-terreno.-palermo-57734279.html,2026-10-04
Palermo,Thames 2200,850,900000,1059,,,pb + 7,zonaprop,https://www.zonaprop.com.ar/propiedades/clasificado/vecltrin-venta-lote-thames-y-paraguay-usaa-60182549.html,2026-10-04
Palermo,Lavalleja  al 1200,343,740000,2157,,,usam,zonaprop,https://www.zonaprop.com.ar/propiedades/clasificado/vecltrin-excelente-terreno-en-palermo-lideres-en-terrenos-59207710.html,2026-10-04
Palermo,Gorriti  al 3900,300,750000,2500,,,usab 2,zonaprop,https://www.zonaprop.com.ar/propiedades/clasificado/vecltrin-lote-en-palermo-1358-m-sup2--construibles-59507562.html,2026-10-04
Palermo,Honduras AV.  al 4000,362,460000,1271,,,usab 1,zonaprop,https://www.zonaprop.com.ar/propiedades/clasificado/vecltrin-excelente-terreno-en-palermo-lideres-en-terrenos-59876714.html,2026-10-04
Palermo,Av. Honduras 4100,346,1150000,3324,,,usab2,zonaprop,https://www.zonaprop.com.ar/propiedades/clasificado/vecltrin-terreno-en-palermo-57625315.html,2026-10-04
Palermo,Thames  al 1900,179,549000,3067,,,,zonaprop,https://www.zonaprop.com.ar/propiedades/clasificado/vecltrin-casa-en-venta-de-4-ambientes-en-palermo-soho-60050957.html,2026-10-04
Palermo,Andrés Arguibel 2900,438,1200000,2740,891,1347,usab 2,zonaprop,https://www.zonaprop.com.ar/propiedades/clasificado/vecltrin-canitas-terreno-usab2-60049127.html,2026-10-04
Palermo,Darwin Entre Cabrera y Niceto Vega,260,450000,1731,1000,450,,zonaprop,https://www.zonaprop.com.ar/propiedades/clasificado/vecltrin-lote-en-venta.-palermo.-oportunidad-de-1000-m-sup2-60189752.html,2026-10-04
Palermo,El Salvador e/ Angel Carranza y Bonpland,363,1100000,3030,,,,zonaprop,https://www.zonaprop.com.ar/propiedades/clasificado/vecltrin-terreno-en-venta-363.72-m-palermo-59671224.html,2026-10-04
Palermo,Av. Cabildo al 900,307,2200000,7166,,,,zonaprop,https://www.zonaprop.com.ar/propiedades/clasificado/vecltrin-terreno-en-venta-59831487.html,2026-10-04
Palermo,Scalabrini Ortiz  al 600,270,720000,2667,1974,365,,zonaprop,https://www.zonaprop.com.ar/propiedades/clasificado/vecltrin-venta-terreno-de-270-m-sup2--en-palermo-excelente-59620865.html,2026-10-04
Palermo,Pringles al 1200,144,720000,5000,,,,zonaprop,https://www.zonaprop.com.ar/propiedades/clasificado/vecltrin-terreno-en-palermo-59160512.html,2026-10-04
Palermo,Bulnes al 1500,365,749000,2052,1680,446,usab2,zonaprop,https://www.zonaprop.com.ar/propiedades/clasificado/vecltrin-terreno-en-venta-palermo-59156812.html,2026-10-04
Palermo,Paraguay  al 5400,258,940000,3643,1454,646,,zonaprop,https://www.zonaprop.com.ar/propiedades/clasificado/vecltrin-terreno-en-palermo-soho-59699303.html,2026-10-04
Palermo,Pringles  al 1300,1000,6000000,6000,8000,750,,zonaprop,https://www.zonaprop.com.ar/propiedades/clasificado/vecltrin-terreno-en-palermo-de-cuadruple-frente-a-m-de-av-57420474.html,2026-10-04
Palermo,Cordoba  al 4200,285,1380000,4842,,,pb + 10,zonaprop,https://www.zonaprop.com.ar/propiedades/clasificado/vecltrin-excelente-terreno-en-palermo-lideres-en-terrenos-59207525.html,2026-10-04
Palermo,"Cabrera, Jose, Antonio  al 3700",268,650000,2425,,,usam,zonaprop,https://www.zonaprop.com.ar/propiedades/clasificado/vecltrin-excelente-terreno-en-palermo-lideres-en-terrenos-59207672.html,2026-10-04
Palermo,Nicaragua  al 4900 Palermo,365,820000,2247,886,926,usab 2,zonaprop,https://www.zonaprop.com.ar/propiedades/clasificado/vecltrin-terreno-lote-edificables-1000-m-sup2--palermo-60006464.html,2026-10-04
Palermo,Guatemala  al 5000,252,630000,2500,,,,zonaprop,https://www.zonaprop.com.ar/propiedades/clasificado/vecltrin-venta-lote-en-palermo-250-m-ideal-desarrollos-59983962.html,2026-10-04
Palermo,Niceto Vega  al 5000,202,510000,2525,,,usab 2,zonaprop,https://www.zonaprop.com.ar/propiedades/clasificado/vecltrin-excelente-terreno-en-palermo-lideres-en-terrenos-59207654.html,2026-10-04
Palermo,Mario Bravo 1200,261,2300000,8812,,,,zonaprop,https://www.zonaprop.com.ar/propiedades/clasificado/vecltrin-terreno-lote-en-venta-ubicado-en-palermo-capital-60044880.html,2026-10-04
Palermo,El Salvador al 5400,185,1200000,6486,,,,zonaprop,https://www.zonaprop.com.ar/propiedades/clasificado/vecltrin-ph-4-ambientes-3-dorm.-suite-quincho-con-parrilla-57841080.html,2026-10-04
Palermo,Soler 4849,351,780000,2222,820,951,usab 2,zonaprop,https://www.zonaprop.com.ar/propiedades/clasificado/vecltrin-lote-en-venta-en-palermo-soho-usab-2-excelente-60048088.html,2026-10-04
Palermo,Pasaje Santa Rosa al 5100,156,750000,4808,,,,zonaprop,https://www.zonaprop.com.ar/propiedades/clasificado/vecltrin-increible-terreno-a-la-venta-en-la-mejor-ubicacion-de-57710651.html,2026-10-04
Palermo,Av. Córdoba  al 4300,160,740000,4625,,,,zonaprop,https://www.zonaprop.com.ar/propiedades/clasificado/vecltrin-terreno-en-palermo-58692073.html,2026-10-04
Palermo,Soler 4849,351,780000,2222,820,951,usab 2,zonaprop,https://www.zonaprop.com.ar/propiedades/clasificado/vecltrin-lote-en-venta-en-palermo-soho-usab-2-excelente-59743251.html,2026-10-04
Palermo,Godoy Cruz 2700,825,7000000,8485,3730,1877,,zonaprop,https://www.zonaprop.com.ar/propiedades/clasificado/vecltrin-venta-gran-terreno-palermo-oportunidad-desarrollo-60182405.html,2026-10-04
Palermo,Nicaragua  al 4900 Palermo,365,820000,2247,886,926,usab 2,zonaprop,https://www.zonaprop.com.ar/propiedades/clasificado/vecltrin-terreno-lote-edificables-1000-m-sup2--palermo-59678533.html,2026-10-04
Palermo,"Terreno en Venta en Capital Federal, Limite Palermo; Chacarita, Colegiales",207,450000,2174,1388.99,324,,zonaprop,https://www.zonaprop.com.ar/propiedades/clasificado/vecltrin-terreno-en-venta-en-capital-federal-palermo-59845481.html,2026-10-04
Palermo,Av. Juan B. Justo al 1675,471,3500000,7431,,,,zonaprop,https://www.zonaprop.com.ar/propiedades/clasificado/vecltrin-terreno-juan-b-justo-1600-caba-47663234.html,2026-10-04
Palermo,Bulnes al 1000,429,1150000,2681,2147,536,,zonaprop,https://www.zonaprop.com.ar/propiedades/clasificado/vecltrin-excelente-terreno-apto-planta-baja-9-pisos-palermo-53022115.html,2026-10-04
Palermo,Thames  al 800,200,780000,3900,1000,780,,zonaprop,https://www.zonaprop.com.ar/propiedades/clasificado/vecltrin-casa-en-palermo-56172799.html,2026-10-04
Palermo,Av. Córdoba 4313,776,3600000,4639,8234.5,437,pb + 9,zonaprop,https://www.zonaprop.com.ar/propiedades/clasificado/vecltrin-terreno-en-venta-av-cordoba-4313-palermo-776-58373452.html,2026-10-04
Palermo,Avenida Juan Bautista Justo 700,345,1950000,5652,,,cm,zonaprop,https://www.zonaprop.com.ar/propiedades/clasificado/vecltrin-venta-lote-palermo-apto-desarrollo-60287658.html,2026-10-04
Palermo,CORDOBA 3400,368,2090000,5679,2784,751,,zonaprop,https://www.zonaprop.com.ar/propiedades/clasificado/vecltrin-terreno-en-venta-en-palermo-55767045.html,2026-10-04
Palermo,Paraguay 5400,258,850000,3295,,,,zonaprop,https://www.zonaprop.com.ar/propiedades/clasificado/vecltrin-lote-de-terreno-con-demolicion-paraguay-y-carranza-60109899.html,2026-10-04
Palermo,PRINGLES 1200,248,600000,2419,,,,zonaprop,https://www.zonaprop.com.ar/propiedades/clasificado/vecltrin-terreno-en-venta-en-palermo-53796792.html,2026-10-04
Palermo,Dirección no informada,137,950000,6934,,,usaa,zonaprop,https://www.zonaprop.com.ar/propiedades/clasificado/vecltrin-lote-en-palermo-a-m-del-distrito-arcos-oportunidad!-53210946.html,2026-10-04
Palermo,Gurruchaga al 1200. Palermo Soho,212,820000,3868,,,,zonaprop,https://www.zonaprop.com.ar/propiedades/clasificado/vecltrin-edificio-comercial-palermo-53683700.html,2026-10-04
Palermo,Fitz Roy al 2200,496,1300000,2621,,,,zonaprop,https://www.zonaprop.com.ar/propiedades/clasificado/vecltrin-excelente-terreno-en-inmejorable-ubicacion-de-palermo-60109852.html,2026-10-04
Palermo,Dr. Emilio Ravignani 1385,265,1200000,4528,2142,560,pb + 7,zonaprop,https://www.zonaprop.com.ar/propiedades/clasificado/vecltrin-excelente-oportunidad-en-palermo-hollywood-lote-60232091.html,2026-10-04
Palermo,Baez  al 100,200,850000,4250,134.9,6301,Ca,zonaprop,https://www.zonaprop.com.ar/propiedades/clasificado/vecltrin-baez-100-terreno-apto-670-m-sup2--construibles-las-58481343.html,2026-10-04
Palermo,Gral Juan Lavalle 3600,130,580000,4462,1200,483,,zonaprop,https://www.zonaprop.com.ar/propiedades/clasificado/vecltrin-vende-lote-terreno-en-almagro-palermo-toma-m-sup2-52906931.html,2026-10-04
Palermo,Gurruchaga 1471,500,620000,1240,,,,zonaprop,https://www.zonaprop.com.ar/propiedades/clasificado/vecltrin-pleno-palermo-soho!-54067733.html,2026-10-04
Palermo,Fitz Roy al 2200,497,1370000,2757,,,pb + 6,zonaprop,https://www.zonaprop.com.ar/propiedades/clasificado/vecltrin-terreno-en-palermo-apto-emprendimiento-multifamiliar-58564386.html,2026-10-04
Palermo,Gorriti y Arévalo al 6000,150,750000,5000,578,1298,,zonaprop,https://www.zonaprop.com.ar/propiedades/clasificado/vecltrin-terreno-palermo-hollywood-57416530.html,2026-10-04
Palermo,Guatemala 4400,135,1200000,8889,,,usaa,zonaprop,https://www.zonaprop.com.ar/propiedades/clasificado/vecltrin-venta-terreno-en-plaermo-soho-usaa-60235154.html,2026-10-04
Palermo,Gascón 1677,316,1200000,3797,1704,704,pb + 5,zonaprop,https://www.zonaprop.com.ar/propiedades/clasificado/vecltrin-lote-en-venta-en-palermo-con-planos-aprobados-bajo-60015915.html,2026-10-04
Palermo,Av. Dorrego 850,1616,12500000,7735,13000,962,,zonaprop,https://www.zonaprop.com.ar/propiedades/clasificado/vecltrin-venta-de-terreno-triple-frente-en-palermo-planos-55469491.html,2026-10-04
Palermo,PARAGUAY 4200,155,800000,5161,1019,785,,zonaprop,https://www.zonaprop.com.ar/propiedades/clasificado/vecltrin-terreno-en-venta-en-palermo-53622309.html,2026-10-04
Palermo,Angel Justiniano Carranza 2200,820,3400000,4146,3500,971,,zonaprop,https://www.zonaprop.com.ar/propiedades/clasificado/vecltrin-terreno-en-palermo-hollywood-57820709.html,2026-10-04
Palermo,Juan B. Justo 1659,1781,1800000,1011,1781.1,1011,,zonaprop,https://www.zonaprop.com.ar/propiedades/clasificado/vecltrin-palermo-terreno-en-venta-excelente-ubicacion-j.-51897899.html,2026-10-04
Palermo,Lote  - Araoz al 1600 Palermo,211,650000,3081,162.29,4005,,zonaprop,https://www.zonaprop.com.ar/propiedades/clasificado/vecltrin-casa-palermo-53683904.html,2026-10-04
Palermo,Cordoba 4100,1200,990000,825,,,,zonaprop,https://www.zonaprop.com.ar/propiedades/clasificado/vecltrin-cordoba-4100-lote-en-esquina-petit-hotel-capacidad-44057364.html,2026-10-04
Palermo,Charcas 5000,150,600000,4000,1000,600,,zonaprop,https://www.zonaprop.com.ar/propiedades/clasificado/vecltrin-terreno-lote-en-venta-en-palermo-hollywood-capital-60215737.html,2026-10-04
Palermo,Guatemala 5400,160,1050000,6562,1200,875,,zonaprop,https://www.zonaprop.com.ar/propiedades/clasificado/vecltrin-terreno-en-palermo-hollywood-53384917.html,2026-10-04
Palermo,Humboldt 2400,292,1200000,4110,1570,764,,zonaprop,https://www.zonaprop.com.ar/propiedades/clasificado/vecltrin-lote-en-venta-57190868.html,2026-10-04
Palermo,"Local Sobre Av. Cordoba 4700 y Malabia, Frente 8.72 x 28.55, Palermo!!!!!",248,790000,3185,1425,554,,zonaprop,https://www.zonaprop.com.ar/propiedades/clasificado/vecltrin-terreno-palermo-53146425.html,2026-10-04
Palermo,Silvio L. Ruggeri  al 2700,197,280000,1421,,,,zonaprop,https://www.zonaprop.com.ar/propiedades/clasificado/vecltrin-oportunidad!-lote-proprio-60318329.html,2026-10-04
Palermo,Soler 4900,271,750000,2768,,,Usab 2,zonaprop,https://www.zonaprop.com.ar/propiedades/clasificado/vecltrin-terreno-en-venta-en-palermo-60072103.html,2026-10-04
Palermo,Santa Rosa 5100,127,450000,3543,,,,zonaprop,https://www.zonaprop.com.ar/propiedades/clasificado/vecltrin-lote-en-venta-50707748.html,2026-10-04
Palermo,HONDURAS 4100,123,395000,3211,270,1463,,zonaprop,https://www.zonaprop.com.ar/propiedades/clasificado/vecltrin-terreno-en-venta-en-palermo-59791941.html,2026-10-04
Palermo,Bulnes 1400,250,375000,1500,600,625,Usab 2,zonaprop,https://www.zonaprop.com.ar/propiedades/clasificado/vecltrin-real-oportunidadatencion-desarrolladoresbaja-60099174.html,2026-10-04
Palermo,CORDOBA 5100,220,920000,4182,,,usaa 1,zonaprop,https://www.zonaprop.com.ar/propiedades/clasificado/vecltrin-terreno-en-venta-en-palermo-58049915.html,2026-10-04
Palermo,PARAGUAY 3100,114,585000,5132,252,2321,,zonaprop,https://www.zonaprop.com.ar/propiedades/clasificado/vecltrin-terreno-en-venta-en-palermo-47980651.html,2026-10-04
Palermo,Angel Justiniano Carranza 2200,363,1700000,4683,1850,919,,zonaprop,https://www.zonaprop.com.ar/propiedades/clasificado/vecltrin-terreno-51889641.html,2026-10-04
Palermo,Av. Cordoba al 4300,766,3000000,3916,6914,434,pb + 10,zonaprop,https://www.zonaprop.com.ar/propiedades/clasificado/vecltrin-lote-en-venta-en-palermo-59122166.html,2026-10-04
Palermo,Godoy Cruz 1290,164,890000,5427,,,,zonaprop,https://www.zonaprop.com.ar/propiedades/clasificado/vecltrin-terreno-en-esquina-163-40-m-sup2--con-planos-aprobados-60224925.html,2026-10-04
Palermo,Charcas 5000,150,600000,4000,1000,600,,zonaprop,https://www.zonaprop.com.ar/propiedades/clasificado/vecltrin-terreno-lote-en-venta-en-palermo-capital-federal-60217295.html,2026-10-04
Palermo,Honduras 5600,260,1700000,6538,,,,zonaprop,https://www.zonaprop.com.ar/propiedades/clasificado/vecltrin-terreno-lote-en-venta-en-palermo-capital-federal-59574796.html,2026-10-04
Palermo,Ravignani 1300,265,1200000,4528,,,pb + 7,zonaprop,https://www.zonaprop.com.ar/propiedades/clasificado/vecltrin-gran-lote-en-excelente-ubicacion-60229920.html,2026-10-04
Palermo,Guatemala 4500,119,700000,5882,1140,614,,zonaprop,https://www.zonaprop.com.ar/propiedades/clasificado/vecltrin-venta-lote-en-palermo-hollywood-60052354.html,2026-10-04
Palermo,Nicaragua al 5800,289,1350000,4671,1400,964,,zonaprop,https://www.zonaprop.com.ar/propiedades/clasificado/vecltrin-lote-terreno-en-palermo-hollywood-venta-57692338.html,2026-10-04
Palermo,AREVALO 2871,307,1300000,4235,1345,967,Ca,zonaprop,https://www.zonaprop.com.ar/propiedades/clasificado/vecltrin-unico-lote-en-foco-comercial-y-gastronomico-de-las-49437262.html,2026-10-04
Palermo,Fitz Roy 2500,150,350000,2333,,,,zonaprop,https://www.zonaprop.com.ar/propiedades/clasificado/vecltrin-edificio-en-venta-4-departamenos-en-block-60059430.html,2026-10-04
Palermo,Av.Córdoba 5022,201,1000000,4975,,,,zonaprop,https://www.zonaprop.com.ar/propiedades/clasificado/vecltrin-lote-palermo-soho-48687945.html,2026-10-04
Palermo,Dorrego  al 1500,253,1000000,3953,,,,zonaprop,https://www.zonaprop.com.ar/propiedades/clasificado/vecltrin-terreno-en-palermo-59338646.html,2026-10-04
Palermo,Av. Álvarez Thomas,401,1400000,3491,,,,zonaprop,https://www.zonaprop.com.ar/propiedades/clasificado/vecltrin-terreno-en-venta-ubicado-en-palermo-ideal-inversion-58919374.html,2026-10-04
Palermo,GUATEMALA AL,1100,780000,709,,,,zonaprop,https://www.zonaprop.com.ar/propiedades/clasificado/vecltrin-local-en-lo-mejor-del-soho.-lote-propio-1.100-m-sup2-50770554.html,2026-10-04
Palermo,Julian alvarez y french,564,1400000,2482,,,,zonaprop,https://www.zonaprop.com.ar/propiedades/clasificado/vecltrin-unico-terreno-julian-alvarez-y-french-8.75-x-34-m-45171736.html,2026-10-04
Palermo,Av. Alvarez Thomas  66/70. Frente al Mercado de Pulgas! Posibilidad de Construir Aprox.  2.100 m2.,254,1200000,4724,,,,zonaprop,https://www.zonaprop.com.ar/propiedades/clasificado/vecltrin-terreno-en-palermo-hollywood-55944055.html,2026-10-04
Palermo,CABRERA 4827,285,530000,1860,,,,zonaprop,https://www.zonaprop.com.ar/propiedades/clasificado/vecltrin-gran-lote-zona-palermo-en-calle-empredadas-muy-57086372.html,2026-10-04
Palermo,Avenida Medrano 1000,370,1190000,3216,2065,576,,zonaprop,https://www.zonaprop.com.ar/propiedades/clasificado/vecltrin-venta-lote-en-palermo-usaa-2065-m-edificables-60102606.html,2026-10-04
Palermo,Nicaragua 4900,365,820000,2247,915,896,,zonaprop,https://www.zonaprop.com.ar/propiedades/clasificado/vecltrin-unico-terreno-en-venta-apto-construir-mas-de-1000-60116720.html,2026-10-04
Palermo,Honduras 4567,160,490000,3062,,,usab 2,zonaprop,https://www.zonaprop.com.ar/propiedades/clasificado/vecltrin-venta-lote-terreno-ideal-inversion-oportunidad-palermo-59732828.html,2026-10-04
Palermo,Av. Dorrego al 900,575,1890000,3287,3300,573,,zonaprop,https://www.zonaprop.com.ar/propiedades/clasificado/vecltrin-planos-registrados!-superficie-a-construir-vendible:-58035700.html,2026-10-04
Palermo,Honduras al 5000,350,950000,2714,,,,zonaprop,https://www.zonaprop.com.ar/propiedades/clasificado/vecltrin-locales-en-espectacular-ubicacion-corazon-de-palermo-49011223.html,2026-10-04
Palermo,Aguirre 852 / Lote Propio 8.66m x 53m / 2 Locales en Block / 350m2,350,1650000,4714,,,,zonaprop,https://www.zonaprop.com.ar/propiedades/clasificado/vecltrin-lote-propio-8.66-m-x-53-m-2-locales-en-block-c-53666636.html,2026-10-04
Palermo,Gorriti al 3900,300,749000,2497,1900,394,Usab2,zonaprop,https://www.zonaprop.com.ar/propiedades/clasificado/vecltrin-lote-en-venta-terreno-en-palermo-58435925.html,2026-10-04
Palermo,BULNES 1400,606,1600000,2640,,,,zonaprop,https://www.zonaprop.com.ar/propiedades/clasificado/vecltrin-terreno-en-venta-en-palermo-55186281.html,2026-10-04
Palermo,PRINGLES 1200,248,600000,2419,,,,zonaprop,https://www.zonaprop.com.ar/propiedades/clasificado/vecltrin-terreno-en-venta-en-palermo-53796694.html,2026-10-04
Palermo,Aráoz 818,93,260000,2796,984,264,,zonaprop,https://www.zonaprop.com.ar/propiedades/clasificado/vecltrin-excelente-terreno-en-villa-crespo-palermo-57555214.html,2026-10-04
Palermo,Gurruchaga al 1200. Palermo Soho,212,820000,3868,,,,zonaprop,https://www.zonaprop.com.ar/propiedades/clasificado/vecltrin-edificio-comercial-palermo-53455651.html,2026-10-04
Palermo,Thames 1700,500,980000,1960,,,,zonaprop,https://www.zonaprop.com.ar/propiedades/clasificado/vecltrin-terreno-en-venta-en-palermo-soho-58909668.html,2026-10-04
Palermo,NICETO VEGA,180,350000,1944,,,usam ,zonaprop,https://www.zonaprop.com.ar/propiedades/clasificado/vecltrin-local-lote-propio-niceto-vega-4600-palermo-50626441.html,2026-10-04
Palermo,Lote Apto Constructoras - Palermo Soho,215,1000000,4651,,,pb + 7,zonaprop,https://www.zonaprop.com.ar/propiedades/clasificado/vecltrin-lote-apto-constructoras-palermo-soho-59944300.html,2026-10-04
Palermo,Arevalo Al 2000,718,1790000,2493,,,,zonaprop,https://www.zonaprop.com.ar/propiedades/clasificado/vecltrin-lote-palermo-hollywood-arevalo-al-2000-doble-frente-47639347.html,2026-10-04
Palermo,Virasoro 2300,150,700000,4667,,,,zonaprop,https://www.zonaprop.com.ar/propiedades/clasificado/vecltrin-terreno-lote-en-venta-en-palermo-capital-federal-56540550.html,2026-10-04
Palermo,Av Cordoba al 4200,700,1500000,2143,285,5263,pb + 10,zonaprop,https://www.zonaprop.com.ar/propiedades/clasificado/vecltrin-terreno-en-palermo-viejo-58093498.html,2026-10-04
Palermo,Godoy Cruz al 2800,291,3500000,12027,1302,2688,,zonaprop,https://www.zonaprop.com.ar/propiedades/clasificado/vecltrin-terreno-en-venta-en-palermo-57492256.html,2026-10-04
Palermo,Argañaras 74,307,1500000,4886,,,,zonaprop,https://www.zonaprop.com.ar/propiedades/clasificado/vecltrin-terreno-en-venta-palermo-55817282.html,2026-10-04
Palermo,PALESTINA 1100,483,1300000,2692,900,1444,,zonaprop,https://www.zonaprop.com.ar/propiedades/clasificado/vecltrin-terreno-en-venta-en-palermo-50637674.html,2026-10-04
Palermo,HUMBOLDT 1100,188,350000,1862,580,603,usab2,zonaprop,https://www.zonaprop.com.ar/propiedades/clasificado/vecltrin-terreno-en-venta-en-palermo-56129665.html,2026-10-04
Palermo,Güemes 4300,150,790000,5267,863,915,usaa,zonaprop,https://www.zonaprop.com.ar/propiedades/clasificado/vecltrin-lote-terreno-150-m-sup2--en-venta-palermo-60107736.html,2026-10-04
Palermo,Santos Dumont 3500,1300,570000,438,1300,438,usam,zonaprop,https://www.zonaprop.com.ar/propiedades/clasificado/vecltrin-terreno-lote-en-venta-en-palermo-capital-federal-60294650.html,2026-10-04
Palermo,Virasoro 2300,144,820000,5694,1100,745,,zonaprop,https://www.zonaprop.com.ar/propiedades/clasificado/vecltrin-lote-en-venta.-excelente-zona-60218935.html,2026-10-04
Palermo,Av. Corrientes al 3800,911,3500000,3842,6256,559,,zonaprop,https://www.zonaprop.com.ar/propiedades/clasificado/vecltrin-av-corrientes-al-3800-terreno-en-venta-palermo-60235973.html,2026-10-04
Palermo,Lavalle 3900,370,1280000,3459,3000,427,,zonaprop,https://www.zonaprop.com.ar/propiedades/clasificado/vecltrin-lote-en-venta-ubicacion-unica-ideal-desarrollo-60154204.html,2026-10-04
Palermo,Humboldt Al 2000,498,2490000,5000,3375,738,,zonaprop,https://www.zonaprop.com.ar/propiedades/clasificado/vecltrin-lote-palermo-hollywood-humboldt-2000-para-3375-50938167.html,2026-10-04
Palermo,Nicaragua 5800,170,900000,5294,1000,900,,zonaprop,https://www.zonaprop.com.ar/propiedades/clasificado/vecltrin-terreno-lote-en-venta-en-palermo-capital-federal-60215739.html,2026-10-04
Palermo,CABELLO 3300,150,1900000,12667,800,2375,usaa ,zonaprop,https://www.zonaprop.com.ar/propiedades/clasificado/vecltrin-terreno-en-venta-en-palermo-50637710.html,2026-10-04
Palermo,CORDOBA 6200,472,1500000,3178,,,,zonaprop,https://www.zonaprop.com.ar/propiedades/clasificado/vecltrin-terreno-en-venta-en-palermo-50637624.html,2026-10-04
Palermo,Gascon Al 1400,375,699900,1866,1162,602,,zonaprop,https://www.zonaprop.com.ar/propiedades/clasificado/vecltrin-lote-palermo-viejo-gascon-al-1400-para-1162-m-sup2-59732977.html,2026-10-04
Palermo,NICARAGUA y JUSTO SANTA MARIA DE ORO,138,445000,3225,,,usab2,zonaprop,https://www.zonaprop.com.ar/propiedades/clasificado/vecltrin-lote-gran-potencial-palermo-soho-52529115.html,2026-10-04
Palermo,Nicaragua 5800,170,900000,5294,1000,900,,zonaprop,https://www.zonaprop.com.ar/propiedades/clasificado/vecltrin-terreno-lote-en-venta-en-palermo-soho-capital-60217298.html,2026-10-04
Palermo,Carranza Al 1200,285,949000,3330,1748,543,,zonaprop,https://www.zonaprop.com.ar/propiedades/clasificado/vecltrin-lote-palermo-hollywood-carranza-1200-para-1748-58756466.html,2026-10-04
Palermo,Av Cordoba 6100,476,1490000,3130,2164,689,,zonaprop,https://www.zonaprop.com.ar/propiedades/clasificado/vecltrin-lote-palerno-av-cordoba-al-6100-para-2164-m-sup2-44226403.html,2026-10-04
Palermo,HONDURAS 4500,129,890000,6899,,,,zonaprop,https://www.zonaprop.com.ar/propiedades/clasificado/vecltrin-terreno-en-venta-en-palermo-50637446.html,2026-10-04
Palermo,Godoy Cruz 2671. Entre Av santa fe y Guemes,222,1350000,6081,1422,949,,zonaprop,https://www.zonaprop.com.ar/propiedades/clasificado/vecltrin-lote.-godoy-cruz-2671-59423397.html,2026-10-04
Palermo,Santos Dumont 3555,1300,570000,438,1300,438,usam,zonaprop,https://www.zonaprop.com.ar/propiedades/clasificado/vecltrpa-dueno-vende-lote-usam-en-palermo-chacarita-60105318.html,2026-10-04
Palermo,JOSE ANTONIO CABRERA 4800,270,600000,2222,800,750,,zonaprop,https://www.zonaprop.com.ar/propiedades/clasificado/vecltrin-terreno-en-venta-en-palermo-55269548.html,2026-10-04
Palermo,Av. Cordoba 3900,198,899000,4540,2108,426,,zonaprop,https://www.zonaprop.com.ar/propiedades/clasificado/vecltrin-lote-palermo-av-cordoba-al-3900-para-2108-m-sup2-56093336.html,2026-10-04
Palermo,Avenida cordoba 6000,440,2800000,6364,3500,800,,zonaprop,https://www.zonaprop.com.ar/propiedades/clasificado/vecltrin-terreno-lote-en-venta-en-palermo-capital-federal-60211929.html,2026-10-04
Palermo,Blanco Encalada 2300,1450,890000,614,1450,614,pb + 7,zonaprop,https://www.zonaprop.com.ar/propiedades/clasificado/vecltrin-terreno-1100-m-sup2--vendibles-usaa-subte-d-60303878.html,2026-10-04
Palermo,Concepcion Arenal 2500,237,1190000,5021,2169,549,,zonaprop,https://www.zonaprop.com.ar/propiedades/clasificado/vecltrin-lote-palermo-belgrano-concepcion-arenal-2500-56491747.html,2026-10-04
Palermo,JOSE ANTONIO CABRERA 3700,263,730000,2776,1400,521,,zonaprop,https://www.zonaprop.com.ar/propiedades/clasificado/vecltrin-terreno-en-venta-en-palermo-54271208.html,2026-10-04
Palermo,Avenida cordoba 3600,260,1190000,4577,2000,595,,zonaprop,https://www.zonaprop.com.ar/propiedades/clasificado/vecltrin-terreno-lote-en-venta-en-palermo-capital-federal-60212871.html,2026-10-04
Palermo,Avenida Pueyrredon 1100,335,1750000,5224,3000,583,,zonaprop,https://www.zonaprop.com.ar/propiedades/clasificado/vecltrin-terreno-lote-en-venta-en-palermo-capital-federal-58515279.html,2026-10-04
Palermo,Dirección no informada,190,1200000,6316,,,,zonaprop,https://www.zonaprop.com.ar/propiedades/clasificado/vecltrin-lote-8.70-x-21-mtrs-s-costa-rica-e-fitz-roy-y-56213341.html,2026-10-04
Palermo,HUMBOLDT 1100,151,360000,2384,722,499,,zonaprop,https://www.zonaprop.com.ar/propiedades/clasificado/vecltrin-terreno-en-venta-en-palermo-55656490.html,2026-10-04
Palermo,Carranza Al 2200,239,1049000,4389,1600,656,,zonaprop,https://www.zonaprop.com.ar/propiedades/clasificado/vecltrin-lote-palermo-hollywood-carranza-al-2200-p-1600-m-sup2-54698146.html,2026-10-04
Palermo,GUEMES 4300,145,980000,6759,,,,zonaprop,https://www.zonaprop.com.ar/propiedades/clasificado/vecltrin-terreno-en-venta-en-palermo-54819164.html,2026-10-04
Palermo,"Fitz Roy 1600, Palermo, Capital Federal, Argentina.",241,1250000,5187,,,,zonaprop,https://www.zonaprop.com.ar/propiedades/clasificado/vecltrin-venta-lote-en-fitz-roy-1600-palermo-hollywood-49495785.html,2026-10-04
Palermo,Av Dorrego Al 2300,195,1990000,10205,1795,1109,,zonaprop,https://www.zonaprop.com.ar/propiedades/clasificado/vecltrin-lote-palermo-hollywood-dorrego-al-2300-53396832.html,2026-10-04
Palermo,Aguirre 600,398,1499000,3766,,,,zonaprop,https://www.zonaprop.com.ar/propiedades/clasificado/vecltrin-lote-palermo-outlet-premium-aguirre-600-p-3000-58657517.html,2026-10-04
Palermo,PRINGLES 1200,155,599000,3865,,,usaa ,zonaprop,https://www.zonaprop.com.ar/propiedades/clasificado/vecltrin-terreno-en-venta-en-palermo-50637681.html,2026-10-04
Palermo,Av Cordoba Al 4200,199,1490000,7487,2590,575,,zonaprop,https://www.zonaprop.com.ar/propiedades/clasificado/vecltrin-lote-palermo-av-cordoba-4200-para-3100-52012202.html,2026-10-04
Palermo,Guatemala  Al 5900,195,1590000,8154,1795,886,,zonaprop,https://www.zonaprop.com.ar/propiedades/clasificado/vecltrin-lote-palermo-hollywood-guatemala-5900-para-1795-55201703.html,2026-10-04
Palermo,Nicaragua 5800,170,900000,5294,1000,900,,zonaprop,https://www.zonaprop.com.ar/propiedades/clasificado/vecltrin-terreno-lote-en-venta-en-palermo-capital-federal-60215307.html,2026-10-04
Palermo,ACU?A DE FIGUEROA 1200,186,635000,3414,,,,zonaprop,https://www.zonaprop.com.ar/propiedades/clasificado/vecltrin-terreno-en-venta-en-palermo-53302204.html,2026-10-04
Palermo,Avenida cordoba 3600,260,1200000,4615,2000,600,,zonaprop,https://www.zonaprop.com.ar/propiedades/clasificado/vecltrin-terreno-en-venta-ubicado-en-palermo-capital-federal-58515473.html,2026-10-04
Palermo,Avenida De Los Incas 3700,600,299000,498,120,2492,,zonaprop,https://www.zonaprop.com.ar/propiedades/clasificado/vecltrin-terreno-en-venta-en-belgrano-r-60142172.html,2026-10-04
Palermo,JOSE ANTONIO CABRERA 4600,340,1700000,5000,,,,zonaprop,https://www.zonaprop.com.ar/propiedades/clasificado/vecltrin-terreno-en-venta-en-palermo-53302200.html,2026-10-04
Palermo,Av Cordoba 5900,1390,3790000,2727,7929,478,,zonaprop,https://www.zonaprop.com.ar/propiedades/clasificado/vecltrin-lote-palermo-av-cordoba-al-5900-doble-frente-56491775.html,2026-10-04
Palermo,Cabrera 4400,149,749000,5027,1250,599,,zonaprop,https://www.zonaprop.com.ar/propiedades/clasificado/vecltrin-lote-palermo-cabrera-4400-lindo-frente-para-1250-55513548.html,2026-10-04
Palermo,Bulnes 1000,369,1400000,3794,,,usaa,zonaprop,https://www.zonaprop.com.ar/propiedades/clasificado/vecltrin-lote-palermo-almagro-doble-frente-usaa-para-1800-50542678.html,2026-10-04
Palermo,El Salvador Al 5600,135,1100000,8148,1399,786,,zonaprop,https://www.zonaprop.com.ar/propiedades/clasificado/vecltrin-lote-palermo-hollywood-el-salvador-al-5600-52184165.html,2026-10-04
Palermo,JOSE ANTONIO CABRERA 4600,390,1700000,4359,,,,zonaprop,https://www.zonaprop.com.ar/propiedades/clasificado/vecltrin-terreno-en-venta-en-palermo-53498895.html,2026-10-04
Palermo,Gorriti 5100,590,599900,1017,145,4137,usab 2,zonaprop,https://www.zonaprop.com.ar/propiedades/clasificado/vecltrin-lote-palermo-soho-gorriti-5100-usab-2-1027-m-sup2-52113969.html,2026-10-04
Palermo,Lavalle 3900,598,2990000,5000,6000,498,,zonaprop,https://www.zonaprop.com.ar/propiedades/clasificado/vecltrin-lote-almagro-palermo-lavalle-3900-muy-lindo-frente-50431266.html,2026-10-04
Palermo,Avenida cordoba 2300,265,780000,2943,2525,309,,zonaprop,https://www.zonaprop.com.ar/propiedades/clasificado/vecltrin-terreno-lote-en-venta-en-palermo-capital-federal-60215330.html,2026-10-04
Palermo,Av Cordoba 4200,225,1299000,5773,3082,421,,zonaprop,https://www.zonaprop.com.ar/propiedades/clasificado/vecltrin-lote-palermo-av-cordoba-4200-para-3082-m-sup2-44935583.html,2026-10-04
Palermo,Av Dorrego 1400,458,1099999,2402,2080,529,,zonaprop,https://www.zonaprop.com.ar/propiedades/clasificado/vecltrin-lote-palermo-av-dorrego-al-1400-para-2080-m-sup2-58950782.html,2026-10-04
Palermo,Mario Bravo 1200,460,2200000,4783,2165,1016,,zonaprop,https://www.zonaprop.com.ar/propiedades/clasificado/vecltrin-venta-lote-en-palermo-60167781.html,2026-10-04
Palermo,Bonpland 1500,300,1500000,5000,,,,zonaprop,https://www.zonaprop.com.ar/propiedades/clasificado/vecltrin-terreno-galpon-de-300-m-sup2--local-com.-bonpland-e-42953243.html,2026-10-04
Palermo,Av Cordoba Al 6300,458,999000,2181,2280,438,,zonaprop,https://www.zonaprop.com.ar/propiedades/clasificado/vecltrin-lote-palermo-av-cordoba-al-6300-para-2280-m-sup2-58950774.html,2026-10-04
Palermo,Gorriti 5656,586,580000,990,,,pb + 2 + 1,zonaprop,https://www.zonaprop.com.ar/propiedades/clasificado/vecltrin-terreno-palermo-hollywood-56170990.html,2026-10-04
Palermo,Juan B Justo Al 1700,598,5490000,9181,7882,697,,zonaprop,https://www.zonaprop.com.ar/propiedades/clasificado/vecltrin-lote-palermo-j.-b.-justo-1700-gran-frente-para-7882-55619173.html,2026-10-04
Palermo,mansilla 3585,148,650000,4392,,,,zonaprop,https://www.zonaprop.com.ar/propiedades/clasificado/vecltrin-excelente-propiedad-ideal-inversor-50562310.html,2026-10-04
Palermo,GASCON 1600,344,725000,2108,,,,zonaprop,https://www.zonaprop.com.ar/propiedades/clasificado/vecltrin-terreno-en-venta-en-palermo-52510780.html,2026-10-04
Palermo,SCALABRINI ORTIZ RAUL 1100,407,1600000,3931,,,usaa ,zonaprop,https://www.zonaprop.com.ar/propiedades/clasificado/vecltrin-terreno-en-venta-en-palermo-53498875.html,2026-10-04
Palermo,Zapata 200,104,430000,4135,584,736,,zonaprop,https://www.zonaprop.com.ar/propiedades/clasificado/vecltrin-venta-casa-terreno-en-palermo-60201508.html,2026-10-04
Palermo,Av Cordoba Al 5600,289,999000,3457,2769,361,,zonaprop,https://www.zonaprop.com.ar/propiedades/clasificado/vecltrin-lote-palermo-av-cordoba-al-5600-para-2769-m-sup2-53110243.html,2026-10-04
Palermo,Av Cordoba Al 2200,498,2390000,4799,4600,520,,zonaprop,https://www.zonaprop.com.ar/propiedades/clasificado/vecltrin-lote-palermo-av-cordoba-al-2200-para-5750-m-sup2-56837987.html,2026-10-04
Palermo,Paraguay Al 5500,249,1090000,4378,2028,537,,zonaprop,https://www.zonaprop.com.ar/propiedades/clasificado/vecltrin-lote-palermo-hollywood-paraguay-5500-p-2028-m-sup2-59196534.html,2026-10-04
Palermo,Av. Cordoba 3900,998,2290000,2295,7150,320,,zonaprop,https://www.zonaprop.com.ar/propiedades/clasificado/vecltrin-lote-palermo-av-cordoba-al-3900-para-7150-m-sup2-51004160.html,2026-10-04
Palermo,Av Cordoba Al 2200,235,899000,3826,1900,473,,zonaprop,https://www.zonaprop.com.ar/propiedades/clasificado/vecltrin-lote-palermo-av-cordoba-al-2200-para-2375-m-sup2-56837989.html,2026-10-04
Palermo,El Salvador Al 4900,179,795000,4441,,,usab 2,zonaprop,https://www.zonaprop.com.ar/propiedades/clasificado/vecltrin-lote-palermo-soho-el-salvador-al-4900-cerca-de-las-53396854.html,2026-10-04
Palermo,Soler Al 3900,345,1190000,3449,2384,499,,zonaprop,https://www.zonaprop.com.ar/propiedades/clasificado/vecltrin-lote-palermo-soler-al-3900-para-2384-m-sup2-58756486.html,2026-10-04
Palermo,Soler 4200,84,300000,3571,352,852,pb + 4,zonaprop,https://www.zonaprop.com.ar/propiedades/clasificado/vecltrin-venta-lote-palermo-c-planos-aprob-acepta-permuta-60231062.html,2026-10-04
Palermo,Cabrera al 5600,409,1380000,3374,1022,1350,,zonaprop,https://www.zonaprop.com.ar/propiedades/clasificado/vecltrin-terreno-palermo-hollywood-45688958.html,2026-10-04
Palermo,Bonpland al 2000,131,990000,7557,995,995,pb + 6 + 2,zonaprop,https://www.zonaprop.com.ar/propiedades/clasificado/vecltrin-terreno-en-esquina-en-palermo-hollywood-60025400.html,2026-10-04
Recoleta,Uriburu  al 1100,196,1150000,5867,,,pb + 10,zonaprop,https://www.zonaprop.com.ar/propiedades/clasificado/vecltrin-excelente-terreno-en-recoleta-lideres-en-terrenos-59207643.html,2026-10-04
Recoleta,Juan Maria Gutierrez al 2600,133,850000,6391,,,pb + 12,zonaprop,https://www.zonaprop.com.ar/propiedades/clasificado/vecltrin-venta-terreno-lote-ideal-para-construir-en-recoleta-58385903.html,2026-10-04
Recoleta,"Laprida 1246,  Entre Charcas y Mansilla, Caba",218,850000,3899,1274,667,Ca,zonaprop,https://www.zonaprop.com.ar/propiedades/clasificado/vecltrin-lote-recoleta-laprida-1246-usa-a-22-80-m-9-pisos-60074715.html,2026-10-04
Recoleta,ECUADOR 1321. Entre Av. Santa Fe y Charcas,167,990000,5928,1700,582,pb + 10,zonaprop,https://www.zonaprop.com.ar/propiedades/clasificado/vecltrin-lote.-ecuador-al-1300-51089656.html,2026-10-04
Recoleta,Oportunidad - Terreno en Recoleta Sobre Avenida Cordoba al 2600,299,1250000,4181,3070,407,pb + 12,zonaprop,https://www.zonaprop.com.ar/propiedades/clasificado/vecltrin-oportunidad-terreno-en-recoleta-sobre-av-cordoba-a-59211712.html,2026-10-04
Recoleta,Aguero al 2100,124,780000,6290,,,usaa,zonaprop,https://www.zonaprop.com.ar/propiedades/clasificado/vecltrin-excelente-terreno-en-recoleta-lideres-en-terrenos-59655253.html,2026-10-04
Recoleta,Agüero 2100,124,750000,6048,,,usaa,zonaprop,https://www.zonaprop.com.ar/propiedades/clasificado/vecltrin-venta-terreno-en-recoleta-aguero-y-pacheco-de-melo-59675526.html,2026-10-04
Recoleta,Uriburu y Peña 2000,1416,11998500,8474,,,,zonaprop,https://www.zonaprop.com.ar/propiedades/clasificado/vecltrin-terreno-lote-en-venta-en-recoleta-capital-federal-59529135.html,2026-10-04
Recoleta,LAPRIDA 1361. Entre Av. Santa Fe,141,795000,5638,1045,761,pb + 12,zonaprop,https://www.zonaprop.com.ar/propiedades/clasificado/vecltrin-oportunidad!-lote-para-1400-m-sup2--en-venta-57716872.html,2026-10-04
Recoleta,French al 2400,198,1200000,6061,,,,zonaprop,https://www.zonaprop.com.ar/propiedades/clasificado/vecltrin-terreno-en-venta-en-recoleta-59409105.html,2026-10-04
Recoleta,Libertad 1600,1900,3200000,1684,1873,1708,pb + 7,zonaprop,https://www.zonaprop.com.ar/propiedades/clasificado/vecltrin-libertad-e-posadas-y-libertador-excelente-ubicacion-59957112.html,2026-10-04
Recoleta,Marcelo T. de Alvear al 900,1013,650000,642,1013,642,,zonaprop,https://www.zonaprop.com.ar/propiedades/clasificado/vecltrin-terreno-en-venta-sobre-marcelo-t.-de-alvear-vendibles-60315201.html,2026-10-04
Recoleta,SANCHEZ DE BUSTAMANTE 1190. Entre Cordoba y Cabrera,142,550000,3873,1544,356,pb + 7,zonaprop,https://www.zonaprop.com.ar/propiedades/clasificado/vecltrin-lote.-sanchez-de-bustamante-al-1100-58329826.html,2026-10-04
Recoleta,Paraguay al 2600,446,1450000,3251,2100,690,usaa ,zonaprop,https://www.zonaprop.com.ar/propiedades/clasificado/vecltrin-terreno-financiado-recoleta-paraguay-y-ecuador-para-60193139.html,2026-10-04
Recoleta,Anchorena 1117,140,530000,3786,,,,zonaprop,https://www.zonaprop.com.ar/propiedades/clasificado/vecltrin-excelente-terreno-en-recoleta-60279099.html,2026-10-04
Recoleta,Agüero 2123,124,870000,7016,1240,702,usaa,zonaprop,https://www.zonaprop.com.ar/propiedades/clasificado/vecltrin-venta-lote-usaa-recoleta-124-m-sup2-60122589.html,2026-10-04
Recoleta,Aguero al 1300,140,900000,6429,1338.79,672,,zonaprop,https://www.zonaprop.com.ar/propiedades/clasificado/vecltrin--terreno-en-venta-zona-recoleta-varios-usos!-57328223.html,2026-10-04
Recoleta,Azcuénaga al 1600,416,1800000,4327,,,,zonaprop,https://www.zonaprop.com.ar/propiedades/clasificado/vecltrin-petit-hotel-en-venta-recoleta-57599169.html,2026-10-04
Recoleta,Austria  al 2000,200,1120000,5600,1200,933,,zonaprop,https://www.zonaprop.com.ar/propiedades/clasificado/vecltrin-terreno-en-recoleta-60314664.html,2026-10-04
Recoleta,Aguero al 2100,124,780000,6290,,,usaa,zonaprop,https://www.zonaprop.com.ar/propiedades/clasificado/vecltrin-excelente-terreno-en-recoleta-lideres-en-terrenos-59655194.html,2026-10-04
Recoleta,Parana  al 800,116,500000,4310,1266,395,,zonaprop,https://www.zonaprop.com.ar/propiedades/clasificado/vecltrin-venta-lote-8.66-x-13-recoleta-m-sup2--vendibles-1-60257978.html,2026-10-04
Recoleta,Junin al 1100,258,1600000,6202,,,pb + 10,zonaprop,https://www.zonaprop.com.ar/propiedades/clasificado/vecltrin-excelente-terreno-en-recoleta-lideres-en-terrenos-59207734.html,2026-10-04
Recoleta,Sanchez de Bustamante 1300,120,420000,3500,700,600,,zonaprop,https://www.zonaprop.com.ar/propiedades/clasificado/vecltrin-terreno-lote-en-venta-en-recoleta-capital-federal-55577109.html,2026-10-04
Recoleta,Laprida 1300,141,860000,6099,1403,613,,zonaprop,https://www.zonaprop.com.ar/propiedades/clasificado/vecltrin-lote-en-venta-laprida-1300-recoleta-58265933.html,2026-10-04
Recoleta,Paraguay  2557,287,1100000,3833,2133,516,,zonaprop,https://www.zonaprop.com.ar/propiedades/clasificado/vecltrin-paraguay-2500-recoleta-capital-federal-33160227.html,2026-10-04
Recoleta,Jose Antonio Cabrera 3300,103,450000,4369,,,,zonaprop,https://www.zonaprop.com.ar/propiedades/clasificado/vecltrin-lote-en-venta-en-recoleta-103.2-m-sup2--a-1-cuadra-55197275.html,2026-10-04
Recoleta,Uriburu 1000. Entre Santa Fe Av. y Marcelo T. De Alvear,108,1100000,10185,1288,854,cm,zonaprop,https://www.zonaprop.com.ar/propiedades/clasificado/vecltrin-terreno-recoleta-48668291.html,2026-10-04
Recoleta,Gallo  al 1400,191,780000,4084,,,usaa ,zonaprop,https://www.zonaprop.com.ar/propiedades/clasificado/vecltrin-venta-terreno-en-recoleta-zonificcion-usaa-60161413.html,2026-10-04
Recoleta,Marcelo T. Alvear 1900,179,890000,4972,1494,596,,zonaprop,https://www.zonaprop.com.ar/propiedades/clasificado/vecltrin-lote-recoleta-marcelo-t.-alvear-al-1900-zona-55154870.html,2026-10-04
Recoleta,Uriburu  al 1000,600,750000,1250,826,908,,zonaprop,https://www.zonaprop.com.ar/propiedades/clasificado/vecltrin-venta-local-mas-edificio-lote-propio-en-barrio-norte-60030273.html,2026-10-04
Recoleta,Paraguay al 1400,185,1000000,5405,,,pb +12,zonaprop,https://www.zonaprop.com.ar/propiedades/clasificado/vecltrin-venta-terreno-recoleta-57892309.html,2026-10-04
Recoleta,MARCELO T. DE ALVEAR 1400,1400,1100000,786,,,,zonaprop,https://www.zonaprop.com.ar/propiedades/clasificado/vecltrin-terreno-a-la-venta-recoleta-55015057.html,2026-10-04
Recoleta,Paraguay 2557,1950,1050000,538,1950,538,,zonaprop,https://www.zonaprop.com.ar/propiedades/clasificado/vecltrin-venta-hotel-familiar-sobre-lote-propio-en-recoleta-55678604.html,2026-10-04
Recoleta,Libertad 1100,900,3500000,3889,,,,zonaprop,https://www.zonaprop.com.ar/propiedades/clasificado/vecltrin-venta-terreno-lote-recoleta-58244836.html,2026-10-04
Recoleta,Avenida Santa Fe 2300,205,2500000,12195,,,,zonaprop,https://www.zonaprop.com.ar/propiedades/clasificado/vecltrin-baccello-i-terreno-en-venta-en-recoleta-i-av-santa-fe-59787101.html,2026-10-04
Recoleta,Laprida al 1300,141,795000,5638,2054,387,pb + 12,zonaprop,https://www.zonaprop.com.ar/propiedades/clasificado/vecltrin-excelente-lote-en-recoleta-ss-pb-12-pisos-2-retiros-58477072.html,2026-10-04
Recoleta,Ayacucho 1400. Entre PeÑa,2000,4300000,2150,,,,zonaprop,https://www.zonaprop.com.ar/propiedades/clasificado/vecltrin-terreno-recoleta-59859705.html,2026-10-04
Recoleta,Laprida al 1800,171,1390000,8129,,,,zonaprop,https://www.zonaprop.com.ar/propiedades/clasificado/vecltrin-venta-lote-apto-edificio-55594687.html,2026-10-04
Recoleta,Beruti 2500,252,2750000,10913,18.36,149782,,zonaprop,https://www.zonaprop.com.ar/propiedades/clasificado/vecltrin-excelente-oportunidad-terreno-en-venta-en-recoleta-60252506.html,2026-10-04
Recoleta,BOLLINI,131,550000,4198,,,usab,zonaprop,https://www.zonaprop.com.ar/propiedades/clasificado/vecltrin-venta-terreno-en-pasaje-bollini-a-8-cuadras-del-56546956.html,2026-10-04
Recoleta,Laprida 1271,225,850000,3778,,,pb + 7,zonaprop,https://www.zonaprop.com.ar/propiedades/clasificado/vecltrin-propiedad-ideal-para-desarrollo-inmobiliario-58699796.html,2026-10-04
Recoleta,Paraná 900,84,684000,8143,,,,zonaprop,https://www.zonaprop.com.ar/propiedades/clasificado/vecltrin-venta-terreno-recoleta-permuta-60221203.html,2026-10-04
Recoleta,french y julian alvarez,564,1400000,2482,,,,zonaprop,https://www.zonaprop.com.ar/propiedades/clasificado/vecltrin-unico-terreno-julian-alvarez-y-french-8.75-x-34-m-45171830.html,2026-10-04
Recoleta,French al 2400,198,1200000,6061,,,,zonaprop,https://www.zonaprop.com.ar/propiedades/clasificado/vecltrin-terreno-en-venta-en-recoleta-59409101.html,2026-10-04
Recoleta,Avenida Pueyrredon 1100,335,1700000,5075,3000,567,,zonaprop,https://www.zonaprop.com.ar/propiedades/clasificado/vecltrin-terreno-lote-en-venta-en-recoleta-capital-federal-60213347.html,2026-10-04
Recoleta,Avenida cordoba 3600,260,1200000,4615,2000,600,,zonaprop,https://www.zonaprop.com.ar/propiedades/clasificado/vecltrin-terreno-en-venta-ubicado-en-recoleta-capital-federal-58516419.html,2026-10-04
Recoleta,Austria Al 1900,187,1099000,5877,1573,699,,zonaprop,https://www.zonaprop.com.ar/propiedades/clasificado/vecltrin-lote-recoleta-austria-al-1900-alto-palermo-shopping-60137115.html,2026-10-04
Recoleta,Avenida cordoba 3600,260,1190000,4577,2000,595,,zonaprop,https://www.zonaprop.com.ar/propiedades/clasificado/vecltrin-terreno-lote-en-venta-en-recoleta-capital-federal-60213349.html,2026-10-04
Recoleta,Aguero Al 1400,125,890000,7120,940,947,,zonaprop,https://www.zonaprop.com.ar/propiedades/clasificado/vecltrin-lote-recoleta-aguero-al-1400-para-940-m-sup2-52466163.html,2026-10-04
Recoleta,Austria Al 1900,375,1999000,5331,2251,888,,zonaprop,https://www.zonaprop.com.ar/propiedades/clasificado/vecltrin-lote-recoleta-austria-al-1900-alto-palermo-shopping-58950803.html,2026-10-04
Recoleta,PASO 700,150,700000,4667,1577,444,,zonaprop,https://www.zonaprop.com.ar/propiedades/clasificado/vecltrin-terreno-lote-en-venta-en-barrio-norte-capital-60218756.html,2026-10-04
Recoleta,PARAGUAY 3100,114,625000,5482,22.8,27412,usaa ,zonaprop,https://www.zonaprop.com.ar/propiedades/clasificado/vecltrin-terreno-en-venta-en-recoleta-52457454.html,2026-10-04
Recoleta,PARAGUAY 3100,114,560000,4912,22.8,24561,usaa ,zonaprop,https://www.zonaprop.com.ar/propiedades/clasificado/vecltrin-terreno-en-venta-en-recoleta-50637714.html,2026-10-04
Recoleta,Avenida Pueyrredon 1100,335,1750000,5224,3000,583,,zonaprop,https://www.zonaprop.com.ar/propiedades/clasificado/vecltrin-terreno-lote-en-venta-en-barrio-norte-capital-58516312.html,2026-10-04
Recoleta,Avenida cordoba 3000,1000,6000000,6000,8500,706,,zonaprop,https://www.zonaprop.com.ar/propiedades/clasificado/vecltrin-terreno-lote-en-venta-en-barrio-norte-capital-60218822.html,2026-10-04
Recoleta,LAPRIDA 1200. Entre Charcas y Mansilla,210,850000,4048,41400,21,,zonaprop,https://www.zonaprop.com.ar/propiedades/clasificado/vecltrin-lote.-laprida-al-1200-58275863.html,2026-10-04
Recoleta,French 2600,359,1890000,5265,3015,627,,zonaprop,https://www.zonaprop.com.ar/propiedades/clasificado/vecltrin-lote-recoleta-cerca-hospital-aleman-para-3015-50766901.html,2026-10-04
Recoleta,Azcuenaga 800,367,1590000,4332,2090,761,,zonaprop,https://www.zonaprop.com.ar/propiedades/clasificado/vecltrin-lotes-zona-facultades-azcuenaga-para-2090-m-sup2-50431015.html,2026-10-04
Recoleta,Aguero 1100,149,799000,5362,140,5707,usaa,zonaprop,https://www.zonaprop.com.ar/propiedades/clasificado/vecltrin-lote-recoleta-barrio-norte-aguero-1100-p-1498-55568204.html,2026-10-04
Recoleta,Azcuenaga Al 1300,225,1099999,4889,1410,780,,zonaprop,https://www.zonaprop.com.ar/propiedades/clasificado/vecltrin-lote-recoleta-azcuenaga-al-1300-para-1410-m-sup2-53240400.html,2026-10-04
Recoleta,Paraguay Al 1300,179,990000,5531,1509,656,,zonaprop,https://www.zonaprop.com.ar/propiedades/clasificado/vecltrin-lote-recoleta-paraguay-al-1300-mucho-canje-53709389.html,2026-10-04
Recoleta,Charcas 3000,998,4490000,4499,5257,854,,zonaprop,https://www.zonaprop.com.ar/propiedades/clasificado/vecltrin-lote-recoleta-charcas-al-3000-para-5257-m-sup2-58136755.html,2026-10-04
Recoleta,Avenida cordoba 2300,265,780000,2943,2525,309,,zonaprop,https://www.zonaprop.com.ar/propiedades/clasificado/vecltrin-terreno-lote-en-venta-en-barrio-norte-capital-60218843.html,2026-10-04
Recoleta,French 2400,219,1590000,7260,3004,529,,zonaprop,https://www.zonaprop.com.ar/propiedades/clasificado/vecltrin-lote-recoleta-french-al-2400-cerca-hospital-aleman-56939040.html,2026-10-04
Villa Urquiza,Av. Álvarez Thomas 3060,479,2500000,5219,457.54,5464,,zonaprop,https://www.zonaprop.com.ar/propiedades/clasificado/vecltrin-av-alvarez-thomas-y-av-monroe-terreno-apto-57546084.html,2026-10-04
Villa Urquiza,Cullen 5000,162,525000,3241,1050,500,usaa,zonaprop,https://www.zonaprop.com.ar/propiedades/clasificado/vecltrin-venta-lote-villa-urquiza-10.15-m-de-frente-cullen-5000-60030834.html,2026-10-04
Villa Urquiza,Andonaegui 3400.,234,390000,1667,234,1667,,zonaprop,https://www.zonaprop.com.ar/propiedades/clasificado/vecltrin-lote-en-venta-villa-urquiza-800-m-sup2-60301948.html,2026-10-04
Villa Urquiza,Estomba al 2300,756,1850000,2447,,,,zonaprop,https://www.zonaprop.com.ar/propiedades/clasificado/vecltrin-venta-lote-doble-frente-con-planos-aprobados-en-villa-60133102.html,2026-10-04
Villa Urquiza,Ceretti al 2100,182,630000,3462,1051.63,599,usaa ,zonaprop,https://www.zonaprop.com.ar/propiedades/clasificado/vecltrin-venta-de-terreno-en-urquiza-r-59597883.html,2026-10-04
Villa Urquiza,Bucarelli 1120,795,475000,597,1490.25,319,usab2,zonaprop,https://www.zonaprop.com.ar/propiedades/clasificado/vecltrin-venta-lote-propio-con-potencial-de-desarrollo-59907964.html,2026-10-04
Villa Urquiza,Donado al 1000,134,305000,2276,655,466,usam,zonaprop,https://www.zonaprop.com.ar/propiedades/clasificado/vecltrin-venta-lote-usam-en-venta-852-m-sup2--construibles-59622043.html,2026-10-04
Villa Urquiza,Combatientes de Malvinas 3689,225,450000,2000,912,493,usab 2,zonaprop,https://www.zonaprop.com.ar/propiedades/clasificado/vecltrin-lote-en-venta-villa-urquiza-59017366.html,2026-10-04
Villa Urquiza,machain,503,400000,795,253.13,1580,Usab2,zonaprop,https://www.zonaprop.com.ar/propiedades/clasificado/vecltrin-venta-terreno-villa-urquiza-1140-m-construibles-aprox.-59980403.html,2026-10-04
Villa Urquiza,Pacheco  al 2200,155,595500,3842,1200,496,usaa,zonaprop,https://www.zonaprop.com.ar/propiedades/clasificado/vecltrin-excelente-lote-para-desarrollo-1.200-m-sup2-59899225.html,2026-10-04
Villa Urquiza,Cullen al 5000,129,320000,2481,,,usaa,zonaprop,https://www.zonaprop.com.ar/propiedades/clasificado/vecltrin-excelente-terreno-en-villa-urquiza-lideres-en-59207702.html,2026-10-04
Villa Urquiza,Tomas Le Breton  al 5400,135,290000,2148,1460,199,,zonaprop,https://www.zonaprop.com.ar/propiedades/clasificado/vecltrin-venta-de-lote-en-villa-urquiza-485-m-sup2--vendibles-59588139.html,2026-10-04
Villa Urquiza,Pacheco al 3200,303,320000,1056,6316,51,pb + 4,zonaprop,https://www.zonaprop.com.ar/propiedades/clasificado/vecltrin-terreno-villa-urquiza-59735202.html,2026-10-04
Villa Urquiza,Achega al 3200,441,390000,884,880,443,usab2,zonaprop,https://www.zonaprop.com.ar/propiedades/clasificado/vecltrin-amplio-terreno-a-6-cuadras-de-gral-paz-y-59737208.html,2026-10-04
Villa Urquiza,Nahuel Huapi  al 5200,131,305000,2328,630,484,usam ,zonaprop,https://www.zonaprop.com.ar/propiedades/clasificado/vecltrin-lote-en-villa-urquiza-usam-pb-5-pisos-2-retiros-59692011.html,2026-10-04
Villa Urquiza,Monroe  al 5700,232,630000,2716,1650,382,pb + 7,zonaprop,https://www.zonaprop.com.ar/propiedades/clasificado/vecltrin-terreno-doble-frente-en-villa-urquiza-60001093.html,2026-10-04
Villa Urquiza,Alvarez Thomas 2400,367,499000,1360,1087.3,459,usab2,zonaprop,https://www.zonaprop.com.ar/propiedades/clasificado/vecltrin-lote-venta-villa-urquiza-60007076.html,2026-10-04
Villa Urquiza,TAMBORINI 5200. Entre Capdevila y Av Triunvirato,399,410000,1028,895,458,pb + 4,zonaprop,https://www.zonaprop.com.ar/propiedades/clasificado/vecltrin-venta-de-lote-8-70-m-x-45-92-m-en-villa-urquiza-57110682.html,2026-10-04
Villa Urquiza,Burela al 2600,312,400000,1282,16.02,24969,,zonaprop,https://www.zonaprop.com.ar/propiedades/clasificado/vecltrin-venta-terreno-en-villa-urquiza-burala-2600-58510972.html,2026-10-04
Villa Urquiza,Rivera al 5800,132,275000,2083,,,usam,zonaprop,https://www.zonaprop.com.ar/propiedades/clasificado/vecltrin-terreno-usam-a-la-venta-en-villa-urquiza-54096178.html,2026-10-04
Villa Urquiza,Donado  al 2600,400,430000,1075,14.2,30282,usam ,zonaprop,https://www.zonaprop.com.ar/propiedades/clasificado/vecltrin-terreno-en-villa-urquiza-8.95-x-44-58078575.html,2026-10-04
Villa Urquiza,Capdevila  al 3500,889,880000,990,,,Usab 2,zonaprop,https://www.zonaprop.com.ar/propiedades/clasificado/vecltrin-doble-frente-excelente-terreno-en-villa-urquiza-59216027.html,2026-10-04
Villa Urquiza,Nahuel Huapi al 4400,376,380000,1011,,,usab 2,zonaprop,https://www.zonaprop.com.ar/propiedades/clasificado/vecltrin-excelente-terreno-en-villa-urquiza-lideres-en-59207753.html,2026-10-04
Villa Urquiza,Nahuel Huapi al 4400,376,380000,1011,,,usab 2,zonaprop,https://www.zonaprop.com.ar/propiedades/clasificado/vecltrin-excelente-terreno-en-villa-urquiza-lideres-en-59455344.html,2026-10-04
Villa Urquiza,Mariano Acha  al 2100,175,280000,1600,,,usab 2,zonaprop,https://www.zonaprop.com.ar/propiedades/clasificado/vecltrin-excelente-terreno-en-villa-urquiza-lideres-en-60187696.html,2026-10-04
Villa Urquiza,Alvarez Thomas AV.  al 1600,368,990000,2690,,,usam,zonaprop,https://www.zonaprop.com.ar/propiedades/clasificado/vecltrin-alvarez-thomas-esquina-estomba-excelente-terreno-en-59839098.html,2026-10-04
Villa Urquiza,Barzana 1800,172,269000,1564,,,,zonaprop,https://www.zonaprop.com.ar/propiedades/clasificado/vecltrin-terreno-6-ambientes-venta-villa-urquiza-60032774.html,2026-10-04
Villa Urquiza,LA Pampa  al 5100,160,590000,3688,,,usaa,zonaprop,https://www.zonaprop.com.ar/propiedades/clasificado/vecltrin-excelente-terreno-en-villa-urquiza-lideres-en-60070475.html,2026-10-04
Villa Urquiza,"Foullier, Felix O. al 5800",181,450000,2486,,,usaa,zonaprop,https://www.zonaprop.com.ar/propiedades/clasificado/vecltrin-excelente-terreno-en-villa-urquiza-lideres-en-60118261.html,2026-10-04
Villa Urquiza,Monroe 4084/ 90,275,530000,1927,,,usam,zonaprop,https://www.zonaprop.com.ar/propiedades/clasificado/vecltrin-excelente-terreno-en-villa-urquiza-lideres-en-59679263.html,2026-10-04
Villa Urquiza,Triunvirato 4200,401,1049000,2616,,,,zonaprop,https://www.zonaprop.com.ar/propiedades/clasificado/vecltrin-terreno-con-amplias-posibilidades-venta-vlilla-60228358.html,2026-10-04
Villa Urquiza,Quesada  al 5800,141,398000,2823,609,654,usab 2,zonaprop,https://www.zonaprop.com.ar/propiedades/clasificado/vecltrin-terreno-a-la-venta-en-villa-urquiza-57833805.html,2026-10-04
Villa Urquiza,Triunvirato AV.  al 4200,226,980000,4336,,,usaa,zonaprop,https://www.zonaprop.com.ar/propiedades/clasificado/vecltrin-excelente-terreno-en-villa-urquiza-lideres-en-60150251.html,2026-10-04
Villa Urquiza,Bucarelli al 1200,244,280000,1148,,,usab 2,zonaprop,https://www.zonaprop.com.ar/propiedades/clasificado/vecltrin-excelente-terreno-en-parque-chas-lideres-en-terrenos-59966869.html,2026-10-04
Villa Urquiza,Donado  al 2500,375,360000,960,,,usab 2,zonaprop,https://www.zonaprop.com.ar/propiedades/clasificado/vecltrin-excelente-terreno-en-villa-urquiza-lideres-en-59206099.html,2026-10-04
Villa Urquiza,Triunvirato 5600,184,350000,1902,,,,zonaprop,https://www.zonaprop.com.ar/propiedades/clasificado/vecltrin-local-sobre-av-terreno-propio-apto-todo-destino-60257940.html,2026-10-04
Villa Urquiza,Pacheco al 2500,130,420000,3231,,,usaa,zonaprop,https://www.zonaprop.com.ar/propiedades/clasificado/vecltrin-pacheco-esquina-roosevelt-excelente-terreno-en-villa-59977225.html,2026-10-04
Villa Urquiza,Av. Congreso al 4400,188,395000,2101,1154,342,,zonaprop,https://www.zonaprop.com.ar/propiedades/clasificado/vecltrin-excelente-lote-para-desarrollo-en-sobre-av-congreso-59169592.html,2026-10-04
Villa Urquiza,Diaz Colodrero al 3300,111,230000,2072,190,1211,usab 2,zonaprop,https://www.zonaprop.com.ar/propiedades/clasificado/vecltrin-casa-en-de-4-ambientes-a-la-venta-sobre-diaz-57229221.html,2026-10-04
Villa Urquiza,Blanco Encalada  al 4200,214,340000,1589,,,usab 2,zonaprop,https://www.zonaprop.com.ar/propiedades/clasificado/vecltrin-excelente-terreno-en-villa-urquiza-lideres-en-59207681.html,2026-10-04
Villa Urquiza,Av. Congreso 4419/21,226,490000,2168,1205.1,407,,zonaprop,https://www.zonaprop.com.ar/propiedades/clasificado/vecltrin-terreno-a-la-venta-en-villa-urquiza-sobre-av-congreso-59146826.html,2026-10-04
Villa Urquiza,Triunvirato 4100,417,1100000,2638,560,1964,usam ,zonaprop,https://www.zonaprop.com.ar/propiedades/clasificado/vecltrin-terreno-venta-villa-urquiza-60266815.html,2026-10-04
Villa Urquiza,Quesada  al 6000,374,338000,904,,,usab 2,zonaprop,https://www.zonaprop.com.ar/propiedades/clasificado/vecltrin-excelente-terreno-en-villa-urquiza-lideres-en-59206116.html,2026-10-04
Villa Urquiza,Aizpurua 3281/ 83,140,180000,1286,,,usab 2,zonaprop,https://www.zonaprop.com.ar/propiedades/clasificado/vecltrin-excelente-terreno-en-villa-urquiza-lideres-en-59589056.html,2026-10-04
Villa Urquiza,Monroe 4400,379,870000,2296,606,1436,pb + 5,zonaprop,https://www.zonaprop.com.ar/propiedades/clasificado/vecltrin-lote-venta-en-v-urquiza-1414-m-sup2--vendibles-usam-60278603.html,2026-10-04
Villa Urquiza,Pacheco al 3000,159,350000,2201,,,usam,zonaprop,https://www.zonaprop.com.ar/propiedades/clasificado/vecltrin-excelente-terreno-en-villa-urquiza-lideres-en-59589066.html,2026-10-04
Villa Urquiza,Behring  al 2500,281,380000,1352,,,,zonaprop,https://www.zonaprop.com.ar/propiedades/clasificado/vecltrin-excelente-terreno-en-parque-chas-lideres-en-terrenos-59206507.html,2026-10-04
Villa Urquiza,Triunvirato 3300,379,1100000,2902,1945.6,565,usam ,zonaprop,https://www.zonaprop.com.ar/propiedades/clasificado/vecltrin-terreno-venta-urquiza-salida-a-dos-calles-59996615.html,2026-10-04
Villa Urquiza,Echeverria  al 4900,214,660000,3084,,,usam ,zonaprop,https://www.zonaprop.com.ar/propiedades/clasificado/vecltrin-excelente-terreno-en-villa-urquiza-lideres-en-60298354.html,2026-10-04
Villa Urquiza,Mendoza al 4600,157,445000,2834,,,usaa,zonaprop,https://www.zonaprop.com.ar/propiedades/clasificado/vecltrin-excelente-terreno-en-villa-urquiza-lideres-en-59727166.html,2026-10-04
Villa Urquiza,Avenida Álvarez Thomas 3463 - Villa Urquiza,112,395000,3527,,,usaa ,zonaprop,https://www.zonaprop.com.ar/propiedades/clasificado/vecltrin-terreno-en-venta-de-7-x-16-55-zonificacion-usaa-59546173.html,2026-10-04
Villa Urquiza,Miller 2400,109,349000,3202,1137,307,Usaa,zonaprop,https://www.zonaprop.com.ar/propiedades/clasificado/vecltrin-terreno-lote-en-venta-en-villa-urquiza-capital-59529147.html,2026-10-04
Villa Urquiza,Juramento 5318,460,720000,1565,,,usab1,zonaprop,https://www.zonaprop.com.ar/propiedades/clasificado/vecltrin-lote-en-venta-villa-urquiza-460-m-sup2--ideal-59441183.html,2026-10-04
Villa Urquiza,LAVOISIER al 3300 . Entre M. Pedraza y J.p. Tamborini,202,318000,1574,,,usab,zonaprop,https://www.zonaprop.com.ar/propiedades/clasificado/vecltrin-villa-urquiza:-lote-zona-residencial-59453206.html,2026-10-04
Villa Urquiza,Alvarez Thomas al 3300,369,700000,1897,,,,zonaprop,https://www.zonaprop.com.ar/propiedades/clasificado/vecltrin-terreno-en-villa-urquiza-57128698.html,2026-10-04
Villa Urquiza,fernandez blanco 2026,215,290000,1349,,,,zonaprop,https://www.zonaprop.com.ar/propiedades/clasificado/vecltrin-terreno-lote-en-venta-de-215.6-m-sup2--ubicado-en-59798916.html,2026-10-04
Villa Urquiza,Mendoza  al 5700,156,490000,3141,850,576,usaa ,zonaprop,https://www.zonaprop.com.ar/propiedades/clasificado/vecltrin-venta-terreno-villa-urquiza-usaa-60137524.html,2026-10-04
Villa Urquiza,Mendoza 4676. Entre Av alvarez thomas y Miller,121,250000,2066,,,usab2,zonaprop,https://www.zonaprop.com.ar/propiedades/clasificado/vecltrin-lote-en-venta-en-villa-urquiza-mendoza-4676-usab2-59452046.html,2026-10-04
Villa Urquiza,ALTOLAGUIRRE 2300. Entre Av .monroe y Blanco Encalada,163,450000,2761,1100,409,pb + 7,zonaprop,https://www.zonaprop.com.ar/propiedades/clasificado/vecltrin-lote-venta-villa-urquiza-59471155.html,2026-10-04
Villa Urquiza,Andonaegui al 1200,956,1300000,1360,,,usab 2,zonaprop,https://www.zonaprop.com.ar/propiedades/clasificado/vecltrin-galpon-terreno-en-venta-en-villa-urquiza-60253440.html,2026-10-04
Villa Urquiza,La Pampa al 4700,918,950000,1035,1428,665,usab 2,zonaprop,https://www.zonaprop.com.ar/propiedades/clasificado/vecltrin-terreno-doble-frente-con-planos-aprobados-villa-60045673.html,2026-10-04
Villa Urquiza,Avenida General Paz 4970,205,269000,1312,,,,zonaprop,https://www.zonaprop.com.ar/propiedades/clasificado/vecltrin-lote-con-construccion-a-demoler-o-reciclar.-ideal-para-59768948.html,2026-10-04
Villa Urquiza,Av. Monroe 4443,380,1200000,3158,,,,zonaprop,https://www.zonaprop.com.ar/propiedades/clasificado/vecltrin-lote-8-66-x-44-con-planos-aprobados-av-monroe-4443-v.-49674481.html,2026-10-04
Villa Urquiza,Galvan 3400,254,340000,1339,,,,zonaprop,https://www.zonaprop.com.ar/propiedades/clasificado/vecltrin-venta-imperdible-terreno-en-una-de-las-zonas-mas-59517301.html,2026-10-04
Villa Urquiza,Pedro Rivera  al 5600,400,370000,925,,,,zonaprop,https://www.zonaprop.com.ar/propiedades/clasificado/vecltrin-terreno-en-villa-terreno-en-venta-para-desarrollo-59667606.html,2026-10-04
Villa Urquiza,Tomas Le Breton 4600,189,477000,2524,,,usam ,zonaprop,https://www.zonaprop.com.ar/propiedades/clasificado/vecltrin-lote-en-venta-villa-urquiza-excelente-ubicacion-60279605.html,2026-10-04
Villa Urquiza,AIZPURUA 3500. Entre Crisologo Larralde y Nuñez,132,310000,2348,950,326,,zonaprop,https://www.zonaprop.com.ar/propiedades/clasificado/vecltrin-lote-venta-villa-urquiza-58522957.html,2026-10-04
Villa Urquiza,AIZPURÚA 2400. Entre Franklin D. Roosevelt y Monroe,197,450000,2284,219,2055,,zonaprop,https://www.zonaprop.com.ar/propiedades/clasificado/vecltrin-lote-venta-villa-urquiza-59943668.html,2026-10-04
Villa Urquiza,LAVOISSIER 3500,168,440000,2619,354.827,1240,,zonaprop,https://www.zonaprop.com.ar/propiedades/clasificado/vecltrin-lote-venta-villa-urquiza-59471022.html,2026-10-04
Villa Urquiza,AIZPURÚA 2400. Entre Franklin D. Roosevelt y Monroe,121,350000,2893,,,,zonaprop,https://www.zonaprop.com.ar/propiedades/clasificado/vecltrin-lote-venta-villa-urquiza-59944445.html,2026-10-04
Villa Urquiza,Olazabal al 5600,1046,2095000,2003,22.8,91886,pb + 7,zonaprop,https://www.zonaprop.com.ar/propiedades/clasificado/vecltrin-interesante-garaje-terreno-para-construir-48520368.html,2026-10-04
Villa Urquiza,Burela e/ Cullen y Doctor Pedro Ignacio Rivera,350,500000,1429,,,,zonaprop,https://www.zonaprop.com.ar/propiedades/clasificado/vecltrin-terreno-en-venta-350-m-sup2--villa-urquiza-60272130.html,2026-10-04
Villa Urquiza,Pasaje Doctor Honorio Leguizamón e/ Thomas A. Le Breton y Quesada,190,250000,1316,,,,zonaprop,https://www.zonaprop.com.ar/propiedades/clasificado/vecltrin-terreno-en-venta-190-m-sup2--villa-urquiza-60271752.html,2026-10-04
Villa Urquiza,Achega al 3200,433,325000,751,608,535,usab 2,zonaprop,https://www.zonaprop.com.ar/propiedades/clasificado/vecltrin-terreno-en-venta-villa-urquiza-8-66-x-49-42-incidencia-52417179.html,2026-10-04
Villa Urquiza,Gamarra al 1800,147,600000,4082,850,706,usaa,zonaprop,https://www.zonaprop.com.ar/propiedades/clasificado/vecltrin-lote-de-terreno-de-8-69x17-32-zonificacion-usaa-59360498.html,2026-10-04
Villa Urquiza,Av. Olazabal,1949,4400000,2258,3000,1467,pb + 7,zonaprop,https://www.zonaprop.com.ar/propiedades/clasificado/vecltrin-terreno-de-35-m-sup2--de-frente-por-55-m-de-fondo-en-55610301.html,2026-10-04
Villa Urquiza,Pedro Ignacio Rivera al 5800,182,330000,1813,1151,287,pb+ 4,zonaprop,https://www.zonaprop.com.ar/propiedades/clasificado/vecltrin-terreno-construido-en-venta-en-villa-urquiza-caba-59596537.html,2026-10-04
Villa Urquiza,Mendoza al 5800,488,950000,1947,1600,594,usaa,zonaprop,https://www.zonaprop.com.ar/propiedades/clasificado/vecltrin-galpon-lote-de-8-70-x-56-zonificacion-usaa-1438-59808464.html,2026-10-04
Villa Urquiza,Av. Olazabal al 5600,1002,2200000,2196,3000,733,pb + 7,zonaprop,https://www.zonaprop.com.ar/propiedades/clasificado/vecltrin-terreno-zonificacion-usaa-pb-7-pisos-2-retiros-villa-55610320.html,2026-10-04
Villa Urquiza,Mariscal Antonio José de Sucre al 4600,131,235000,1794,14.6,16096,Pb + 4,zonaprop,https://www.zonaprop.com.ar/propiedades/clasificado/vecltrin-venta-terreno-apto-vivienda-o-desarrollo-sucre-4600-58659211.html,2026-10-04
Villa Urquiza,La Pampa 5815,158,300000,1899,,,usab 2,zonaprop,https://www.zonaprop.com.ar/propiedades/clasificado/vecltrin-lote-la-pampa-5815-usab-2-58835924.html,2026-10-04
Villa Urquiza,Miller 3500,368,350000,951,,,,zonaprop,https://www.zonaprop.com.ar/propiedades/clasificado/vecltrin-terreno-en-venta-villa-urquiza-367-m-sup2--apto-59232792.html,2026-10-04
Villa Urquiza,Nahuel Huapi 5732,425,540000,1271,1200,450,usab 2,zonaprop,https://www.zonaprop.com.ar/propiedades/clasificado/vecltrin-lote-10-x-40-m-zonif-usab-2-nahuel-huapi-al-5700-55657874.html,2026-10-04
Villa Urquiza,Donado 2600,576,549000,953,1328.46,413,usab 2,zonaprop,https://www.zonaprop.com.ar/propiedades/clasificado/vecltrpa-venta-terreno.-excepcional-terreno-12.66-44-villa-59462310.html,2026-10-04
Villa Urquiza,Capdevila  3400,266,320000,1203,532,602,usab 2,zonaprop,https://www.zonaprop.com.ar/propiedades/clasificado/vecltrin-terreno-en-venta-en-villa-urquiza-caba-58060221.html,2026-10-04
Villa Urquiza,Pirán 5700,225,269900,1200,,,usab ,zonaprop,https://www.zonaprop.com.ar/propiedades/clasificado/vecltrin-lote-8-66-x-26-07-m-en-villa-urquiza-usab-59289980.html,2026-10-04
Villa Urquiza,Zado 3632,277,310000,1119,,,usab 2,zonaprop,https://www.zonaprop.com.ar/propiedades/clasificado/vecltrin-lote-8-66-x-32-usab-2-zado-al-3600-60101184.html,2026-10-04
Villa Urquiza,Carbajal 4100,123,290000,2358,,,usam,zonaprop,https://www.zonaprop.com.ar/propiedades/clasificado/vecltrin-villa-urquiza-retasado-lote-8-80-x-14-apto-950-56907623.html,2026-10-04
Villa Urquiza,DR. Pedro I. Rivera 5039,406,1180000,2906,2280,518,usaa,zonaprop,https://www.zonaprop.com.ar/propiedades/clasificado/vecltrin-terreno-10.20-x-40.10.-usaa.-altura-edific.:-22.80-m-59847535.html,2026-10-04
Villa Urquiza,Avenida Combatientes de Malvinas 3731,550,469000,853,,,,zonaprop,https://www.zonaprop.com.ar/propiedades/clasificado/vecltrin-lote-propio-en-block-8-departamentos-59239195.html,2026-10-04
Villa Urquiza,Lugones al 2000,393,450000,1145,,,usab 2,zonaprop,https://www.zonaprop.com.ar/propiedades/clasificado/vecltrin-terreno-en-villa-urquiza-393-m-sup2-59623271.html,2026-10-04
Villa Urquiza,Iberá 5871,294,295000,1003,,,usab 2,zonaprop,https://www.zonaprop.com.ar/propiedades/clasificado/vecltrin-lote-8-66-x-33-80-m-zonif-usab-2-ibera-al-5800-60050875.html,2026-10-04
Villa Urquiza,Miller 3000,426,420000,986,676,621,usab 2,zonaprop,https://www.zonaprop.com.ar/propiedades/clasificado/vecltrin-lote-en-villa-urquiza-60026357.html,2026-10-04
Villa Urquiza,Pedro I. Rivera  al 5600,159,310000,1950,,,usab 2,zonaprop,https://www.zonaprop.com.ar/propiedades/clasificado/vecltrin-excelente-terreno-en-villa-urquiza-lideres-en-59519497.html,2026-10-04
Villa Urquiza,Mariano Acha  al 2600,374,379000,1013,,,usab 2,zonaprop,https://www.zonaprop.com.ar/propiedades/clasificado/vecltrin-excelente-terreno-en-villa-urquiza-lideres-en-59289045.html,2026-10-04
Villa Urquiza,Piran 6234,325,269000,828,,,,zonaprop,https://www.zonaprop.com.ar/propiedades/clasificado/vecltrin-venta-terreno-en-villa-urquiza-oportunidad-usab-2-56300589.html,2026-10-04
Villa Urquiza,Echeverria  al 4900,214,660000,3084,,,usam ,zonaprop,https://www.zonaprop.com.ar/propiedades/clasificado/vecltrin-excelente-terreno-en-villa-urquiza-lideres-en-60293817.html,2026-10-04
Villa Urquiza,Roosevelt al 4800,766,2000000,2611,1800,1111,,zonaprop,https://www.zonaprop.com.ar/propiedades/clasificado/vecltrin-terreno-en-villa-urquiza-58741942.html,2026-10-04
Villa Urquiza,Pacheco  al 2537 al 79,1132,3300000,2915,,,,zonaprop,https://www.zonaprop.com.ar/propiedades/clasificado/vecltrin-terreno-en-villa-urquiza-58741886.html,2026-10-04
Villa Urquiza,Av. Congreso 5600,384,775000,2018,12341,63,usaa,zonaprop,https://www.zonaprop.com.ar/propiedades/clasificado/vecltrin-lote-villa-urquiza-1234-m-sup2--vendibles-av-59004345.html,2026-10-04
Villa Urquiza,Olazabal al 5000,886,3700000,4176,,,usaa,zonaprop,https://www.zonaprop.com.ar/propiedades/clasificado/vecltrin-excelente-terreno-en-villa-urquiza-lideres-en-59207539.html,2026-10-04
Villa Urquiza,Av Congreso 5800,410,590000,1439,,,,zonaprop,https://www.zonaprop.com.ar/propiedades/clasificado/vecltrin-terreno-lote-en-venta-en-villa-urquiza-capital-60002642.html,2026-10-04
Villa Urquiza,Avenida Álvarez Thomas 3600,205,585000,2854,1430,409,usaa,zonaprop,https://www.zonaprop.com.ar/propiedades/clasificado/vecltrin-venta-lote-en-villa-urquiza-sobre-alvarez-thomas-60079299.html,2026-10-04
Villa Urquiza,Pedro I. Rivera al 5600,159,310000,1950,,,usab 2,zonaprop,https://www.zonaprop.com.ar/propiedades/clasificado/vecltrin-excelente-terreno-en-villa-urquiza-lideres-en-59819583.html,2026-10-04
Villa Urquiza,Emilio Civit  al 5557,179,480000,2682,1192,403,usaa,zonaprop,https://www.zonaprop.com.ar/propiedades/clasificado/vecltrin-lote-usaa-villa-urquiza:-gran-potencial-opcion-doble-58221060.html,2026-10-04
Villa Urquiza,Blanco encalada 5732,177,450000,2542,,,,zonaprop,https://www.zonaprop.com.ar/propiedades/clasificado/vecltrin-venta-terreno-en-villa-urquiza-1100-m-vendibles-acepta-59783638.html,2026-10-04
Villa Urquiza,"Barzana 2000, Villa Urquiza 2000",258,990000,3837,,,,zonaprop,https://www.zonaprop.com.ar/propiedades/clasificado/vecltrin-terreno-lote-en-venta-ubicado-en-villa-urquiza-55010096.html,2026-10-04
Villa Urquiza,Nahuel Huapi  al 4600,304,310000,1020,,,usab 2,zonaprop,https://www.zonaprop.com.ar/propiedades/clasificado/vecltrin-excelente-terreno-en-villa-urquiza-lideres-en-60303596.html,2026-10-04
Villa Urquiza,Pedro Ignacio Rivera al 4700,375,495000,1320,1235,401,usab 2,zonaprop,https://www.zonaprop.com.ar/propiedades/clasificado/vecltrin-venta-de-lote-premium-sin-plusvalia-villa-urquiza-60059316.html,2026-10-04
Villa Urquiza,Donado 2800,146,340000,2329,,,,zonaprop,https://www.zonaprop.com.ar/propiedades/clasificado/vecltrin-lote-en-venta-villa-urquiza-60166025.html,2026-10-04
Villa Urquiza,Burela al 2300,180,420000,2333,1208,348,usaa,zonaprop,https://www.zonaprop.com.ar/propiedades/clasificado/vecltrin-venta-terreno-en-villa-urquiza-60065919.html,2026-10-04
Villa Urquiza,Capdevilla 3500,339,280000,826,807.93,347,usab 2,zonaprop,https://www.zonaprop.com.ar/propiedades/clasificado/vecltrin-terreno-lote-en-venta-en-villa-urquiza-capital-60241429.html,2026-10-04
Villa Urquiza,"LE Breton, Tomas A. al 4400",126,338000,2683,,,usam,zonaprop,https://www.zonaprop.com.ar/propiedades/clasificado/vecltrin-excelente-terreno-en-villa-urquiza-lideres-en-59900083.html,2026-10-04
Villa Urquiza,zado 3632,412,300000,728,970,309,usab 2,zonaprop,https://www.zonaprop.com.ar/propiedades/clasificado/vecltrin-venta-lote-usab2-en-villa-urquiza-59856274.html,2026-10-04
Villa Urquiza,"Le Breton, Tomás, A.  al 5200",138,425000,3080,,,usam,zonaprop,https://www.zonaprop.com.ar/propiedades/clasificado/vecltrin-excelente-terreno-en-villa-urquiza-lideres-en-59207526.html,2026-10-04
Villa Urquiza,Monroe 4084/ 90,275,530000,1927,,,usam,zonaprop,https://www.zonaprop.com.ar/propiedades/clasificado/vecltrin-excelente-terreno-en-villa-urquiza-lideres-en-59664676.html,2026-10-04
Villa Urquiza,Mariano Acha  al 2100,175,280000,1600,,,usab 2,zonaprop,https://www.zonaprop.com.ar/propiedades/clasificado/vecltrin-excelente-terreno-en-villa-urquiza-lideres-en-59360510.html,2026-10-04
Villa Urquiza,Cullen al 4800,908,2500000,2753,3600,694,,zonaprop,https://www.zonaprop.com.ar/propiedades/clasificado/vecltrin-terreno-en-villa-urquiza-58653030.html,2026-10-04
Villa Urquiza,Av. Monroe al 4900,387,1700000,4393,3101,548,,zonaprop,https://www.zonaprop.com.ar/propiedades/clasificado/vecltrin-terreno-en-venta-villa-urquiza!-53473763.html,2026-10-04
Villa Urquiza,Barzana y Juramento,258,990000,3837,,,,zonaprop,https://www.zonaprop.com.ar/propiedades/clasificado/vecltrin-terreno-en-venta-258-77-m-sup2--villa-urquiza-59690525.html,2026-10-04
Villa Urquiza,Andonaegui al 3300,193,250000,1295,41400,6,usab 0,zonaprop,https://www.zonaprop.com.ar/propiedades/clasificado/vecltrin-excelente-terreno-en-villa-urquiza-lideres-en-59658691.html,2026-10-04
Villa Urquiza,Barzana Y Mendoza,258,990000,3837,1146,864,pb + 5,zonaprop,https://www.zonaprop.com.ar/propiedades/clasificado/vecltrin-terreno-en-barzana-y-mendoza-55900253.html,2026-10-04
Villa Urquiza,Avenida Constituyentes al 4600,304,730000,2401,,,,zonaprop,https://www.zonaprop.com.ar/propiedades/clasificado/vecltrin-terreno-en-villa-urquiza-60294397.html,2026-10-04
Villa Urquiza,Andonaegui 3378,158,220000,1392,,,,zonaprop,https://www.zonaprop.com.ar/propiedades/clasificado/vecltrin-venta-de-lote-en-villa-urquiza-excelente-ubicacion-y-57145588.html,2026-10-04
Villa Urquiza,Pasaje Achega 3000,189,255000,1349,724,352,usab 2,zonaprop,https://www.zonaprop.com.ar/propiedades/clasificado/vecltrin-venta-lote-en-villa-urquiza-605-m-sup2--vendibles-60308533.html,2026-10-04
Villa Urquiza,Lavoisier  al 3100,276,280000,1014,,,,zonaprop,https://www.zonaprop.com.ar/propiedades/clasificado/vecltrin-terreno-en-venta-villa-urquiza-casa-con-local-57583646.html,2026-10-04
Villa Urquiza,Avenida Congreso e/ Achega y Aizpurua,410,590000,1439,,,,zonaprop,https://www.zonaprop.com.ar/propiedades/clasificado/vecltrin-terreno-en-venta-410-m-sup2--villa-urquiza-59570471.html,2026-10-04
Villa Urquiza,Avenida de los Constituyentes e/ Blanco Encalada y Avenida Monroe al 4800,123,380000,3089,,,,zonaprop,https://www.zonaprop.com.ar/propiedades/clasificado/vecltrin-terreno-en-venta-123-m-sup2--villa-urquiza-59797091.html,2026-10-04
Villa Urquiza,Pasaje Doctor Honorio Leguizamon 3760,184,240000,1304,,,,zonaprop,https://www.zonaprop.com.ar/propiedades/clasificado/vecltrin-excelente-lote-en-villa-urquiza-ideal-para-desarrollo-58275373.html,2026-10-04
Villa Urquiza,Pacheco al 3582,298,340000,1141,1225,278,,zonaprop,https://www.zonaprop.com.ar/propiedades/clasificado/vecltrin-venta-lote-villa-urquiza-usab2-ideal-59047272.html,2026-10-04
Villa Urquiza,Av. de los Constituyentes  al 5600,359,520000,1448,,,usam,zonaprop,https://www.zonaprop.com.ar/propiedades/clasificado/vecltrin-lote-en-villa-urquiza-ideal-emprendimiento-59559200.html,2026-10-04
Villa Urquiza,Avenida de los Constituyentes 5637,550,850000,1545,,,,zonaprop,https://www.zonaprop.com.ar/propiedades/clasificado/vecltrin-terreno-en-venta-en-villa-pueyrredon-59330720.html,2026-10-04
Villa Urquiza,José Pascual Tamborini 4300,225,290000,1289,350,829,usab0,zonaprop,https://www.zonaprop.com.ar/propiedades/clasificado/vecltrin-lote-venta-villa-urquiza-60183466.html,2026-10-04
Villa Urquiza,Lugones  al 1508,242,225000,930,500,450,usab 2,zonaprop,https://www.zonaprop.com.ar/propiedades/clasificado/vecltrin-venta-lote-en-esquina-villa-urquiza-59605696.html,2026-10-04
Villa Urquiza,Iberá 4400,95,165000,1737,,,Usab2,zonaprop,https://www.zonaprop.com.ar/propiedades/clasificado/vecltrin-terreno-lote-en-venta-en-villa-urquiza-capital-59437809.html,2026-10-04
Villa Urquiza,Triunvirato al 4100,420,1500000,3571,,,,zonaprop,https://www.zonaprop.com.ar/propiedades/clasificado/vecltrin-excelente-lote-s-av-ideal-proyecto-comercial-mas-local-56186878.html,2026-10-04
Villa Urquiza,Lituania 5400,194,380000,1959,,,usab 2,zonaprop,https://www.zonaprop.com.ar/propiedades/clasificado/vecltrin-lote-construible-edificacion-nueva!-57402877.html,2026-10-04
Villa Urquiza,Valdenegro  al 3300,261,290000,1111,,,,zonaprop,https://www.zonaprop.com.ar/propiedades/clasificado/vecltrin-venta-lote-en-villa-urquiza-58911613.html,2026-10-04
Villa Urquiza,Galván 3228,282,395000,1401,282.313,1399,,zonaprop,https://www.zonaprop.com.ar/propiedades/clasificado/vecltrin-terreno-con-282-m-sup2--en-venta-en-villa-urquiza-57774605.html,2026-10-04
Villa Urquiza,Álvarez Thomas 3300,369,850000,2304,1735.43,490,usaa ,zonaprop,https://www.zonaprop.com.ar/propiedades/clasificado/vecltrin-lote-en-venta-58448292.html,2026-10-04
Villa Urquiza,Pje. Dr. Honorio Leguizamon,190,270000,1421,,,,zonaprop,https://www.zonaprop.com.ar/propiedades/clasificado/vecltrin-venta-de-terreno-190-m-sup2-en-villa-urquiza-listo-58863243.html,2026-10-04
Villa Urquiza,Juramento 4963,236,880000,3729,,,pb + 7,zonaprop,https://www.zonaprop.com.ar/propiedades/clasificado/vecltrin-lote-terreno-venta-villa-urquiza-u.-s.-a.-a-toma-m-59164780.html,2026-10-04
Villa Urquiza,Quesada 5800,169,275000,1627,,,pb + 4,zonaprop,https://www.zonaprop.com.ar/propiedades/clasificado/vecltrin-venta-lote-usab-2-en-villa-urquiza-60274972.html,2026-10-04
Villa Urquiza,Nuñez 5236,414,549000,1326,1149,478,usab 2,zonaprop,https://www.zonaprop.com.ar/propiedades/clasificado/vecltrin-lote-villa-urquiza-nunez-5236-p-1149-m-sup2-58663759.html,2026-10-04
Villa Urquiza,Monroe 4800,374,950000,2540,,,usaa ,zonaprop,https://www.zonaprop.com.ar/propiedades/clasificado/vecltrin-venta-lote-usaa-fot-4-villa-urquiza-sobre-monroe-60061699.html,2026-10-04
Villa Urquiza,Piran  al 5500,204,235000,1152,420.72,559,pb + 2,zonaprop,https://www.zonaprop.com.ar/propiedades/clasificado/vecltrin-venta-terreno-lote-en-villa-urquiza-permuta-59777728.html,2026-10-04
Villa Urquiza,DONADO 2500,152,295000,1941,,,,zonaprop,https://www.zonaprop.com.ar/propiedades/clasificado/vecltrin-terrenos-fracciones-loteos-terrenos-villa-urquiza-60294476.html,2026-10-04
Villa Urquiza,Av. Triunvirato 4258,539,1600000,2968,3373,474,pb + 7,zonaprop,https://www.zonaprop.com.ar/propiedades/clasificado/vecltrin-venta-terreno-villa-urquiza-2700-m-sup2--vendibles-60152202.html,2026-10-04
Villa Urquiza,Pasaje Pestalozzi 3474,141,195000,1383,,,usab 0,zonaprop,https://www.zonaprop.com.ar/propiedades/clasificado/vecltrin-terreno-calle-pestalozzi-villa-urquiza-57566704.html,2026-10-04
Villa Urquiza,Constituyentes 5123,199,390000,1960,,,,zonaprop,https://www.zonaprop.com.ar/propiedades/clasificado/vecltrin-terreno-8.80x24-aprox.-usaalta-60282450.html,2026-10-04
Villa Urquiza,Manuela Pedraza  al 4800,397,490000,1234,1703,288,usab2,zonaprop,https://www.zonaprop.com.ar/propiedades/clasificado/vecltrin-venta-terreno-8.66x46-1.406-vendibles-balcones-fondo-60238367.html,2026-10-04
Villa Urquiza,Donado  al 1000,134,260000,1940,657,396,pb + 2,zonaprop,https://www.zonaprop.com.ar/propiedades/clasificado/vecltrin-terreno-en-villa-urquiza-53859146.html,2026-10-04
Villa Urquiza,Echeverria al 5200,160,540000,3375,,,,zonaprop,https://www.zonaprop.com.ar/propiedades/clasificado/vecltrin-terreno-en-villa-urquiza-60313843.html,2026-10-04
Villa Urquiza,Avenida Constituyentes,301,790000,2625,1801,439,usaa ,zonaprop,https://www.zonaprop.com.ar/propiedades/clasificado/vecltrin-venta.-8.66-x-34.76.-301-m-sup2--usaa.-villa-59377059.html,2026-10-04
Villa Urquiza,Valdenegro  al 2600,1395,750000,538,212,3538,usab2,zonaprop,https://www.zonaprop.com.ar/propiedades/clasificado/vecltrin-venta-lote-villla-urquiza-en-oportunidad-59528524.html,2026-10-04
Villa Urquiza,Av. de los Constituyentes  al 3700,217,420000,1935,1342.64,313,usaa ,zonaprop,https://www.zonaprop.com.ar/propiedades/clasificado/vecltrin-terreno-a-la-venta-excelente-ubicacion-en-villa-59616057.html,2026-10-04
Villa Urquiza,Ceretti 2900,320,460000,1438,882,522,,zonaprop,https://www.zonaprop.com.ar/propiedades/clasificado/vecltrin-venta-lote-villa-urquiza-60182862.html,2026-10-04
Villa Urquiza,Quesada al 4600,200,380000,1900,,,usam,zonaprop,https://www.zonaprop.com.ar/propiedades/clasificado/vecltrin-venta-de-terreno-en-villa-urquiza-60128836.html,2026-10-04
Villa Urquiza,Tamborini 5300. Entre Av Triunvirato y Bucarelli,232,325000,1401,232.388,1399,,zonaprop,https://www.zonaprop.com.ar/propiedades/clasificado/vecltrin-tamborini-5300-v-urquiza-usab2-8.66-x-26.7-u$325.000-53902688.html,2026-10-04
Villa Urquiza,AVALOS 1200,167,220000,1317,680,324,,zonaprop,https://www.zonaprop.com.ar/propiedades/clasificado/vecltrin-terrenos-fracciones-loteos-terrenos-villa-urquiza-52289074.html,2026-10-04
Villa Urquiza,Constituyentes 4200,155,290000,1871,,,,zonaprop,https://www.zonaprop.com.ar/propiedades/clasificado/vecltrin-lote-propio-8-66-x-18-hoy-local-mas-departamento-60218437.html,2026-10-04
Villa Urquiza,Av De Los Constituyentes 4800,190,330000,1737,656,503,usaa ,zonaprop,https://www.zonaprop.com.ar/propiedades/clasificado/vecltrin-excelente-lote-en-villa-urquiza-60151406.html,2026-10-04
Villa Urquiza,Díaz Colodrero 2914,437,3600000,8238,5200,692,,zonaprop,https://www.zonaprop.com.ar/propiedades/clasificado/vecltrin-espectacular-doble-terreno-en-esquina-sobre-diaz-59273938.html,2026-10-04
Villa Urquiza,Pacheco 1824,1206,679900,564,1206,564,pb + 7,zonaprop,https://www.zonaprop.com.ar/propiedades/clasificado/vecltrin-se-vende-terreno-villa-urquiza:-1206-m-sup2--50226687.html,2026-10-04
Villa Urquiza,Mendoza 5800,946,470000,497,,,,zonaprop,https://www.zonaprop.com.ar/propiedades/clasificado/vecltrin-terreno-de-946-m-sup2--vendibles-en-venta-en-villa-57820167.html,2026-10-04
Villa Urquiza,Pacheco al 2800,120,300000,2500,,,,zonaprop,https://www.zonaprop.com.ar/propiedades/clasificado/vecltrin-terreno-en-para-construir-56420908.html,2026-10-04
Villa Urquiza,Alvarez Thomas Al 1900,179,590000,3296,1950,303,,zonaprop,https://www.zonaprop.com.ar/propiedades/clasificado/vecltrin-terreno-villa-urquiza-alvarez-thomas-excelente-51527646.html,2026-10-04
Villa Urquiza,Tamborini al 4900,190,320000,1684,650,492,Pb + 3,zonaprop,https://www.zonaprop.com.ar/propiedades/clasificado/vecltrin-terreno-en-venta-en-villa-urquiza-59986837.html,2026-10-04
Villa Urquiza,ZADO 3265,250,250000,1000,250.006,1000,,zonaprop,https://www.zonaprop.com.ar/propiedades/clasificado/vecltrin-lote-8-66-x-29-zonificacion-usab-2-56161578.html,2026-10-04
Villa Urquiza,Av. Alvarez Thomas 1700,171,500000,2924,1060,472,usam ,zonaprop,https://www.zonaprop.com.ar/propiedades/clasificado/vecltrin-terrenos-fracciones-loteos-terrenos-villa-urquiza-58321239.html,2026-10-04
Villa Urquiza,ECHEVERRIA 4900,263,930000,3536,1218,764,usam ,zonaprop,https://www.zonaprop.com.ar/propiedades/clasificado/vecltrin-excelente-terreno-en-echeverria-y-av-triunvirato-57364179.html,2026-10-04
Villa Urquiza,Rivera al 4500,375,750000,2000,1278,587,,zonaprop,https://www.zonaprop.com.ar/propiedades/clasificado/vecltrin-terreno-plusvalia-y-demolicion-pagos-48915784.html,2026-10-04
Villa Urquiza,AVENIDA CONGRESO 4900,746,1300000,1743,2133,609,pb + 10,zonaprop,https://www.zonaprop.com.ar/propiedades/clasificado/vecltrin-terrenos-fracciones-loteos-fracciones-urbanas-57240342.html,2026-10-04
Villa Urquiza,Nahuel Huapi al 5000,185,290000,1568,,,,zonaprop,https://www.zonaprop.com.ar/propiedades/clasificado/vecltrin-terreno-a-2-c-de-av-congreso-y-del-subte-59943708.html,2026-10-04
Villa Urquiza,Cullen 5000,560,1800000,3214,,,,zonaprop,https://www.zonaprop.com.ar/propiedades/clasificado/vecltrin-venta-de-terrenos-en-conjunto.-59774674.html,2026-10-04
Villa Urquiza,Avenida Monroe 4900,383,1600000,4178,3300,485,pb + 15,zonaprop,https://www.zonaprop.com.ar/propiedades/clasificado/vecltrin-lote-terreno-en-venta-urquiza-excelente-ubicacion-60078570.html,2026-10-04
Villa Urquiza,Capdevila 3525,360,280000,778,700,400,Usab 2,zonaprop,https://www.zonaprop.com.ar/propiedades/clasificado/vecltrin-lote-8.66-x-39-usab-2.-pb-4-pisos-58520447.html,2026-10-04
Villa Urquiza,Cullen 5880,175,309000,1766,880,351,usam,zonaprop,https://www.zonaprop.com.ar/propiedades/clasificado/vecltrin-venta-terreno-usam-8-66-x-20-880-m-sup2-60232427.html,2026-10-04
Villa Urquiza,Bauness 2000,1800,1350000,750,,,,zonaprop,https://www.zonaprop.com.ar/propiedades/clasificado/vecltrin-terreno-para-construir-en-villa-urquiza-58732748.html,2026-10-04
Villa Urquiza,Ibera  al 5000,388,450000,1160,1319,341,,zonaprop,https://www.zonaprop.com.ar/propiedades/clasificado/vecltrin-venta-de-terreno-en-villa-urquiza-57189464.html,2026-10-04
Villa Urquiza,Ceretti 3153,321,420000,1308,,,,zonaprop,https://www.zonaprop.com.ar/propiedades/clasificado/vecltrin-lote-terreno-8x42-estrenar-villa-urquiza-5-ambientes-59747005.html,2026-10-04
Villa Urquiza,"Aizpurua 3300. Entre Tamborini, jose p. y Pedraza, manuela",142,298000,2099,145,2055,,zonaprop,https://www.zonaprop.com.ar/propiedades/clasificado/vecltrin-lote-ideal-emprendedores-57389299.html,2026-10-04
Villa Urquiza,LLERENA 2813,157,270000,1720,,,usab 2,zonaprop,https://www.zonaprop.com.ar/propiedades/clasificado/vecltrin-lote-157-m-sup2--en-usab-2-58702345.html,2026-10-04
Villa Urquiza,Lugones 1414,163,340000,2086,790,430,usam,zonaprop,https://www.zonaprop.com.ar/propiedades/clasificado/vecltrin-lote-a-m-de-av-de-los-incas-y-triunvirato-58873903.html,2026-10-04
Villa Urquiza,Emilio Civit 5653,179,390000,2179,1535,254,,zonaprop,https://www.zonaprop.com.ar/propiedades/clasificado/vecltrin-venta-lote-en-villa-urquiza-58918828.html,2026-10-04
Villa Urquiza,Nahuel Huapi al 4400,439,987000,2248,,,usab 2,zonaprop,https://www.zonaprop.com.ar/propiedades/clasificado/vecltrin-excelente-doble-lote-terreno-17.32-m-de-frente!-56186901.html,2026-10-04
Villa Urquiza,Burela 1915,277,460000,1661,9032,51,usab1,zonaprop,https://www.zonaprop.com.ar/propiedades/clasificado/vecltrin-terreno-de-277-m-sup2--en-venta-villa-urquiza-con-58747460.html,2026-10-04
Villa Urquiza,OLAZABAL 4360,233,700000,3004,970,722,pb+4,zonaprop,https://www.zonaprop.com.ar/propiedades/clasificado/vecltrin-terreno-en-inmejorable-ubicacion-a-m-del-polo-47135783.html,2026-10-04
Villa Urquiza,Nuñez al 5200,409,550000,1345,1525.9,360,usab2,zonaprop,https://www.zonaprop.com.ar/propiedades/clasificado/vecltrin-villa-urquiza-terreno-en-de-409-m-sup2--nunez-5236-59704232.html,2026-10-04
Villa Urquiza,Valdenegro,200,320000,1600,,,,zonaprop,https://www.zonaprop.com.ar/propiedades/clasificado/vecltrin-venta-lote-villa-urquiza-50289437.html,2026-10-04
Villa Urquiza,Avenida Congreso 5134,366,1000000,2732,,,pb + 7,zonaprop,https://www.zonaprop.com.ar/propiedades/clasificado/vecltrin-excelente-terreno-en-venta-en-villa-urquiza-59128142.html,2026-10-04
Villa Urquiza,Av Alvarez Thomas al 3100,1299,5078160,3909,,,,zonaprop,https://www.zonaprop.com.ar/propiedades/clasificado/vecltrin-terreno-en-villa-urquiza-59081938.html,2026-10-04
Villa Urquiza,Avenida Congreso 4500,256,380000,1484,1100,345,usam ,zonaprop,https://www.zonaprop.com.ar/propiedades/clasificado/vecltrin-venta-lote-villa-urquiza-vendibles-1100-m-60078174.html,2026-10-04
Villa Urquiza,Iberá  al 5800,285,380000,1333,869,437,,zonaprop,https://www.zonaprop.com.ar/propiedades/clasificado/vecltrin-terreno-en-venta-60023400.html,2026-10-04
Villa Urquiza,AV. OLAZABAL 5600,1047,2100000,2006,3218,653,usaa ,zonaprop,https://www.zonaprop.com.ar/propiedades/clasificado/vecltrin-terrenos-fracciones-loteos-terrenos-villa-urquiza-54134396.html,2026-10-04
Villa Urquiza,Manuela Pedraza 5910,207,456000,2203,192.64,2367,usab2,zonaprop,https://www.zonaprop.com.ar/propiedades/clasificado/vecltrin-excepcional-lote-en-esquina-con-orientacion-este-59989289.html,2026-10-04
Villa Urquiza,Pacheco 1869,299,380000,1271,,,,zonaprop,https://www.zonaprop.com.ar/propiedades/clasificado/vecltrin-excelente-lote-en-venta-en-villa-urquiza-caba.-59979131.html,2026-10-04
Villa Urquiza,Mendoza al 5800,139,525000,3777,,,,zonaprop,https://www.zonaprop.com.ar/propiedades/clasificado/vecltrin-terreno-en-excelente-ubicacion.-proximo-al-boulevard-56325667.html,2026-10-04
Villa Urquiza,Vallejos al 2200,381,329000,864,,,,zonaprop,https://www.zonaprop.com.ar/propiedades/clasificado/vecltrin-lote-de-381-m-sup2-58740088.html,2026-10-04
Villa Urquiza,Avenida Olazábal 5630,383,870000,2272,1515,574,pb + 7,zonaprop,https://www.zonaprop.com.ar/propiedades/clasificado/vecltrin-venta-lote-de-383-m-sup2--en-villa-urquiza-59959972.html,2026-10-04
Villa Urquiza,"DE LOS INCAS, AVDA. 4243. Entre Donado y Acha, Mariano",316,700000,2215,1640,427,,zonaprop,https://www.zonaprop.com.ar/propiedades/clasificado/vecltrin-lote-terreno-venta-de-los-incas-4200-subte-b-incas-cha-59241425.html,2026-10-04
Villa Urquiza,Bauness y Echeverria,420,2100000,5000,,,,zonaprop,https://www.zonaprop.com.ar/propiedades/clasificado/vecltrin-terreno-en-villa-urquiza-60313842.html,2026-10-04
Villa Urquiza,Avenida Congreso,480,800000,1667,17.2,46512,pb + 7,zonaprop,https://www.zonaprop.com.ar/propiedades/clasificado/vecltrin-venta.-toma-canje-dptos-lote-12x40-m.-1390-57876449.html,2026-10-04
Villa Urquiza,Av. De Los Constituyentes 4900,119,329000,2765,1131,291,usaa,zonaprop,https://www.zonaprop.com.ar/propiedades/clasificado/vecltrin-lote-villa-urquiza-av-constituyentes-al-4900-50-58821863.html,2026-10-04
Villa Urquiza,Lugones al 3200,225,380000,1689,900,422,,zonaprop,https://www.zonaprop.com.ar/propiedades/clasificado/vecltrin-venta-de-terreno-900-m-sup2--villa-urquiza-obrador-y-60307574.html,2026-10-04
Villa Urquiza,NUÑEZ 5010. Entre Galvan y Pacheco,150,230000,1533,450,511,usab2,zonaprop,https://www.zonaprop.com.ar/propiedades/clasificado/vecltrin-venta-lote-usab2-villa-urquiza-58604377.html,2026-10-04
Villa Urquiza,Zado al 3200,220,249000,1132,714,349,usab2,zonaprop,https://www.zonaprop.com.ar/propiedades/clasificado/vecltrin-lote-en-villa-urquiza-59717035.html,2026-10-04
Villa Urquiza,Capdevila 3400,445,370000,831,756,489,usab 2,zonaprop,https://www.zonaprop.com.ar/propiedades/clasificado/vecltrin-venta-lote-en-villa-urquiza-usab-2-pb-y-4-pisos-60217634.html,2026-10-04
Villa Urquiza,Av. Congreso  al 4600,100,470000,4700,,,,zonaprop,https://www.zonaprop.com.ar/propiedades/clasificado/vecltrin-terreno-en-villa-urquiza-59916872.html,2026-10-04
Villa Urquiza,Mendoza al 5700,205,400000,1951,,,,zonaprop,https://www.zonaprop.com.ar/propiedades/clasificado/vecltrin-terreno-en-villa-urquiza-59633724.html,2026-10-04
Villa Urquiza,Av. Olazabal N° 4360,233,700000,3004,970,722,pb+4,zonaprop,https://www.zonaprop.com.ar/propiedades/clasificado/vecltrin-terreno-en-inmejorable-ubicacion-a-m-del-polo-45855970.html,2026-10-04
Villa Urquiza,Av. De Los Incas 4700,187,349000,1866,,,,zonaprop,https://www.zonaprop.com.ar/propiedades/clasificado/vecltrin-terreno-9-m-x-21-m-av-de-los-incas-60138542.html,2026-10-04
Villa Urquiza,AV OLAZABAL 5642. Entre Ceretti y Av De Los Constituyentes,1074,2200000,2048,,,pb + 7,zonaprop,https://www.zonaprop.com.ar/propiedades/clasificado/vecltrin-lote-en-venta-en-urquiza-57701976.html,2026-10-04
Villa Urquiza,Alvarez Thomas al 3300,369,700000,1897,,,,zonaprop,https://www.zonaprop.com.ar/propiedades/clasificado/vecltrin-terreno-en-villa-urquiza-57061630.html,2026-10-04
Villa Urquiza,Piran  al 6200,325,270000,831,,,,zonaprop,https://www.zonaprop.com.ar/propiedades/clasificado/vecltrin-lote-8-78-x-38-villa-urquiza-55806063.html,2026-10-04
Villa Urquiza,Holmberg 2400,242,1200000,4959,186.11,6448,usam,zonaprop,https://www.zonaprop.com.ar/propiedades/clasificado/vecltrin-venta-lote-doho-villa-urquiza-usam-60255762.html,2026-10-04
Villa Urquiza,Dr Pedro Rivera al 4700,372,495000,1331,1235,401,pb + 4,zonaprop,https://www.zonaprop.com.ar/propiedades/clasificado/vecltrin-lote-en-villa-urquiza-pb-4-sin-plusvalia-1235-58996174.html,2026-10-04
Villa Urquiza,Lugones 3200,208,385000,1851,980,393,usab 2,zonaprop,https://www.zonaprop.com.ar/propiedades/clasificado/vecltrin-lote-con-demolicion-en-villa-urquiza-usab2-57779665.html,2026-10-04
Villa Urquiza,Achega 3200,433,390000,901,950,411,usab 2,zonaprop,https://www.zonaprop.com.ar/propiedades/clasificado/vecltrin-venta-lote-villa-urquiza-43189073.html,2026-10-04
Villa Urquiza,La Pampa 5907,85,165000,1941,,,usab 2,zonaprop,https://www.zonaprop.com.ar/propiedades/clasificado/vecltrin-venta-de-casa-a-refaccionar-con-proyecto-aprobado-en-59614532.html,2026-10-04
Villa Urquiza,Avenida Alvarez Thomas 3400,112,395000,3527,800,494,,zonaprop,https://www.zonaprop.com.ar/propiedades/clasificado/vecltrin-terreno-con-salida-a-dos-calles-autorizado-sin-51889629.html,2026-10-04
Villa Urquiza,Manuela Pedraza 6000,433,340000,785,,,usab,zonaprop,https://www.zonaprop.com.ar/propiedades/clasificado/vecltrin-lote-premiun-en-villa-urquiza-8.66-x-49-50-m-sup2-60136067.html,2026-10-04
Villa Urquiza,Holmberg 2400,170,1000000,5882,142.15,7035,usam,zonaprop,https://www.zonaprop.com.ar/propiedades/clasificado/vecltrin-venta-lote-doho-villa-urquiza-60158239.html,2026-10-04
Villa Urquiza,CERETTI 3200,267,320000,1199,,,usab 0,zonaprop,https://www.zonaprop.com.ar/propiedades/clasificado/vecltrin-terrenos-fracciones-loteos-terrenos-villa-urquiza-59695791.html,2026-10-04
Villa Urquiza,Av. Triunvirato 3700,437,950000,2174,,,usam ,zonaprop,https://www.zonaprop.com.ar/propiedades/clasificado/vecltrin-terrenos-fracciones-loteos-terrenos-villa-urquiza-59615046.html,2026-10-04
Villa Urquiza,Gandara 3000. Entre Andonaegui y Barzana,1868,1300000,696,,,,zonaprop,https://www.zonaprop.com.ar/propiedades/clasificado/vecltrin-lote-de-26.29-x-35.53-en-venta-villa-urquiza-55122690.html,2026-10-04
Villa Urquiza,Zado 3326,292,285000,976,,,usab 2,zonaprop,https://www.zonaprop.com.ar/propiedades/clasificado/vecltrin-terreno-en-venta-en-villa-urquiza-usab-2-55803602.html,2026-10-04
Villa Urquiza,Gral Mariano Acha 900,200,349000,1745,900,388,,zonaprop,https://www.zonaprop.com.ar/propiedades/clasificado/vecltrin-lote-8-66-x-23.-u.-s.-a.-m-apto-5-pisos-2-retiros.-56289477.html,2026-10-04
Villa Urquiza,Alvarez Thomas Al 3400,357,729000,2042,949,768,,zonaprop,https://www.zonaprop.com.ar/propiedades/clasificado/vecltrin-lote-villa-urquiza-alvarez-thomas-3400-p-2372-47687367.html,2026-10-04
Villa Urquiza,Avenida Álvarez Thomas 3300,369,690000,1870,2100,329,usaa ,zonaprop,https://www.zonaprop.com.ar/propiedades/clasificado/vecltrin-venta-terreno-excelente-oportunidad-villa-urquiza-60099195.html,2026-10-04
Villa Urquiza,Plaza al 3400,119,330000,2773,1070.7,308,usam ,zonaprop,https://www.zonaprop.com.ar/propiedades/clasificado/vecltrin-lote-en-venta-villa-urquiza-usam-plaza-3400-60292384.html,2026-10-04
Villa Urquiza,Blanco Encalada 5100,404,980000,2426,2280,430,,zonaprop,https://www.zonaprop.com.ar/propiedades/clasificado/vecltrin-espectacular-lote-en-villa-urquiza-53681593.html,2026-10-04
Villa Urquiza,Combatientes De Malvinas 3800,230,550000,2391,,,usab2,zonaprop,https://www.zonaprop.com.ar/propiedades/clasificado/vecltrin-excelente-lote-en-villa-urquiza-58554159.html,2026-10-04
Villa Urquiza,Mendoza al 4900,373,1250000,3351,,,usam,zonaprop,https://www.zonaprop.com.ar/propiedades/clasificado/vecltrin-excelente-lote-terreno-en-venta-a-m-de-av-triunvirato-56186889.html,2026-10-04
Villa Urquiza,Triunvirato al 4100,420,1500000,3571,,,usaa,zonaprop,https://www.zonaprop.com.ar/propiedades/clasificado/vecltrin-excelente-lote-s-av-ideal-proyecto-comercial-mas-local-56186935.html,2026-10-04
Villa Urquiza,Lavoisier  al 3200,277,348000,1256,,,usab 2,zonaprop,https://www.zonaprop.com.ar/propiedades/clasificado/vecltrin-terreno-en-villa-urquiza-60231893.html,2026-10-04
Villa Urquiza,Ceretti al 3100,337,332000,985,580,572,usab 0,zonaprop,https://www.zonaprop.com.ar/propiedades/clasificado/vecltrin-terreno-en-venta-en-villa-urquiza-55248310.html,2026-10-04
Villa Urquiza,Roosevelt al 4400,375,620000,1653,1090,569,,zonaprop,https://www.zonaprop.com.ar/propiedades/clasificado/vecltrin-excelente-lote-46742991.html,2026-10-04
Villa Urquiza,Ceretti 3153,321,420000,1308,,,,zonaprop,https://www.zonaprop.com.ar/propiedades/clasificado/vecltrin-lote-terreno-villa-urquiza-8x42-4-5-ambientes-59747007.html,2026-10-04
Villa Urquiza,Ceretti 2700,422,560000,1327,1763,318,usab 2,zonaprop,https://www.zonaprop.com.ar/propiedades/clasificado/vecltrin-lote-en-venta-en-villa-urquiza-usab-2-1.253-60114968.html,2026-10-04
Coghlan,Washington al 3400,204,600000,2941,927,647,usam,zonaprop,https://www.zonaprop.com.ar/propiedades/clasificado/vecltrin-terreno-en-coghlan-para-pb-5pisos-2-retiros-usam-58254908.html,2026-10-04
Coghlan,Washington al 2800,244,460000,1885,408,1127,usab 1,zonaprop,https://www.zonaprop.com.ar/propiedades/clasificado/vecltrin-terreno-venta-usab-1-coghlan-59209460.html,2026-10-04
Coghlan,Dr. Pedro Ignacio Rivera 3200,312,1150000,3686,2207,521,,zonaprop,https://www.zonaprop.com.ar/propiedades/clasificado/vecltrin-venta-coghlan-lote-en-esquina-59537963.html,2026-10-04
Coghlan,Manuela Pedraza al 3700,271,300000,1107,500,600,,zonaprop,https://www.zonaprop.com.ar/propiedades/clasificado/vecltrin-lote-de-10-50-m-de-frente-500-m-sup2--vendibles-58786290.html,2026-10-04
Coghlan,Plaza al 2800,450,650000,1444,,,,zonaprop,https://www.zonaprop.com.ar/propiedades/clasificado/vecltrin-terreno-venta-1110-m-sup2--cubiertos-vendibles-59685985.html,2026-10-04
Coghlan,Washington al 3400,426,1150000,2700,2100,548,usam ,zonaprop,https://www.zonaprop.com.ar/propiedades/clasificado/vecltrin-doble-lote-en-coghlan-a-pasos-de-saavedra-2200-m-sup2-59786450.html,2026-10-04
Coghlan,Zapiola al 2600,175,1150000,6571,2115,544,,zonaprop,https://www.zonaprop.com.ar/propiedades/clasificado/vecltrin-terreno-en-venta-superficie-vendible-m-sup2--de-58786323.html,2026-10-04
Coghlan,Ibera al 3900,307,425000,1384,850,500,usab 1,zonaprop,https://www.zonaprop.com.ar/propiedades/clasificado/vecltrin-terreno-frente-a-pje-socrates-con-vista-abierta!-59658280.html,2026-10-04
Coghlan,Juana Azurduy al 3600,658,3000000,4559,335.7,8937,pb + 9,zonaprop,https://www.zonaprop.com.ar/propiedades/clasificado/vecltrin-terreno-coghlan-51702782.html,2026-10-04
Coghlan,Av. Congreso 3400,360,650000,1806,1428.8,455,usam,zonaprop,https://www.zonaprop.com.ar/propiedades/clasificado/vecltrin-venta-casas-terreno-apto-desarrollo.-coghlan-55062561.html,2026-10-04
Coghlan,Zapiola 3456,120,275000,2292,,,usab1,zonaprop,https://www.zonaprop.com.ar/propiedades/clasificado/vecltrin-terreno-excelente-usab1-60279966.html,2026-10-04
Coghlan,Av. Congreso 3626,1200,430000,358,168,2560,,zonaprop,https://www.zonaprop.com.ar/propiedades/clasificado/vecltrin-terreno-coghlan-8.65-37-4-pisos-680-m-sup2-60232624.html,2026-10-04
Coghlan,Franklin D. Roosevelt al 3100,132,340000,2576,685,496,cm,zonaprop,https://www.zonaprop.com.ar/propiedades/clasificado/vecltrin-terreno-a-m-balbin-zonificacion-cm-pb-y-10-pisos-60043986.html,2026-10-04
Coghlan,Av. Dr. Ricardo Balbín 3133,168,580000,3452,,,usam,zonaprop,https://www.zonaprop.com.ar/propiedades/clasificado/vecltrin-terreno-en-venta-av-ricardo-balbin-y-tamborini-59856459.html,2026-10-04
Coghlan,Av. Balbin 2800,87,470000,5402,,,usam,zonaprop,https://www.zonaprop.com.ar/propiedades/clasificado/vecltrin-lote-10-x-10-55431323.html,2026-10-04
Coghlan,Capitán General Ramón Freire AL 3100,235,290000,1234,,,pb +2,zonaprop,https://www.zonaprop.com.ar/propiedades/clasificado/vecltrin-capitan-general-ramon-freire-al-3100-e-tamborini-e-60122482.html,2026-10-04
Coghlan,Juana Azurduy,225,340000,1511,,,usam ,zonaprop,https://www.zonaprop.com.ar/propiedades/clasificado/vecltrin-lote-225-m-sup2--usam-17-20-m-altura-1.050-59982270.html,2026-10-04
Coghlan,Congreso  al 3900,260,350000,1346,1150,304,usab2,zonaprop,https://www.zonaprop.com.ar/propiedades/clasificado/vecltrin-deposito-en-coghlan-9.50-m-frente-x-22.50-m-fondo-59908236.html,2026-10-04
Coghlan,Rómulo Naon al 2900,280,500000,1786,1462,342,usam,zonaprop,https://www.zonaprop.com.ar/propiedades/clasificado/vecltrin-venta-lote-terreno-naon-y-congreso-planos-aprobados-57242678.html,2026-10-04
Coghlan,"Terreno EN Venta en Superi al 3000, Caba",155,360000,2323,14.6,24658,,zonaprop,https://www.zonaprop.com.ar/propiedades/clasificado/vecltrin-terreno-en-venta-en-esquina-coghlan-usab-2-818-60054234.html,2026-10-04
Coghlan,Juana Azurduy 3600,245,340000,1388,,,,zonaprop,https://www.zonaprop.com.ar/propiedades/clasificado/vecltrin-terreno-lote-en-venta-en-coghlan-capital-federal-59169676.html,2026-10-04
Coghlan,SUPERI 3008,155,360000,2323,662.77,543,pb +4,zonaprop,https://www.zonaprop.com.ar/propiedades/clasificado/vecltrin-lote-venta-u.-s.-a.-b.-2-en-esquina-coghlan-59428776.html,2026-10-04
Coghlan,Congreso 3194,195,650000,3333,1720,378,,zonaprop,https://www.zonaprop.com.ar/propiedades/clasificado/vecltrin-terreno-en-coghlan-en-venta-55882835.html,2026-10-04
Coghlan,Quesada 3500,682,399700,586,,,,zonaprop,https://www.zonaprop.com.ar/propiedades/clasificado/vecltrin-excelente-lote-en-coghlan-60185371.html,2026-10-04
Coghlan,Washington 2945  |   Usab2,355,570000,1606,1229,464,Usab 2,zonaprop,https://www.zonaprop.com.ar/propiedades/clasificado/vecltrin-terreno-usab-2-en-coghlan-lote-propio-59177118.html,2026-10-04
Coghlan,Ibera 3090 ||  Usab2,149,330000,2215,750,440,usab2,zonaprop,https://www.zonaprop.com.ar/propiedades/clasificado/vecltrin-casa-en-nunez-58862539.html,2026-10-04
Coghlan,M. Ugarte 3818 || Usab1,155,330000,2129,620,532,usab1,zonaprop,https://www.zonaprop.com.ar/propiedades/clasificado/vecltrin-terreno-venta-en-coghlan-59638097.html,2026-10-04
Coghlan,Congreso  al 3900,260,350000,1346,,,,zonaprop,https://www.zonaprop.com.ar/propiedades/clasificado/vecltrin-lote-coghlan-usab-2-pb-4-1.150-m-sup2-60147207.html,2026-10-04
Coghlan,Congreso 3322,207,399000,1928,1171,341,Usaa,zonaprop,https://www.zonaprop.com.ar/propiedades/clasificado/vecltrin-terreno-usaa-av-congreso-55317832.html,2026-10-04
Coghlan,Balbin 2700,277,799000,2884,17.8,44888,,zonaprop,https://www.zonaprop.com.ar/propiedades/clasificado/vecltrin-excelente-terreno-sobre-av-balbin-toma-100-46866111.html,2026-10-04
Coghlan,Superi 2500,239,690000,2887,2028,340,,zonaprop,https://www.zonaprop.com.ar/propiedades/clasificado/vecltrin-lote-coghlan-belgrano-superi-2500-para-2028-53496190.html,2026-10-04
Coghlan,Ugarte  al 3300,173,330000,1908,860,384,usab2,zonaprop,https://www.zonaprop.com.ar/propiedades/clasificado/vecltrin-terreno-venta-coghlan-59665304.html,2026-10-04
Coghlan,Avenida Congreso 3800,327,650000,1988,,,,zonaprop,https://www.zonaprop.com.ar/propiedades/clasificado/vecltrin-terreno-en-venta-en-coghlan-60141738.html,2026-10-04
Coghlan,Roosevelt al 3300,405,860000,2123,1900,453,usaa,zonaprop,https://www.zonaprop.com.ar/propiedades/clasificado/vecltrin-local-en-coghlan-55038702.html,2026-10-04
Coghlan,Iberá al 4000,1015,620000,611,1015,611,usab2,zonaprop,https://www.zonaprop.com.ar/propiedades/clasificado/vecltrin-venta-terreno-coghlan-58650099.html,2026-10-04
Coghlan,Nahuel Huapi al 4400,439,987000,2248,,,usab 2,zonaprop,https://www.zonaprop.com.ar/propiedades/clasificado/vecltrin-excelente-doble-lote-terreno-17.32-m-de-frente!-56186903.html,2026-10-04
Coghlan,Zapiola 3026,254,410000,1614,751,546,,zonaprop,https://www.zonaprop.com.ar/propiedades/clasificado/vecltrin-lote-en-venta-en-coghlan-limite-nunez-ideal-56344954.html,2026-10-04
Coghlan,Juana Azurduy 3667,225,340000,1511,,,,zonaprop,https://www.zonaprop.com.ar/propiedades/clasificado/vecltrin-terreno-de-225-m-sup2--en-venta-coghlan-59289170.html,2026-10-04
Coghlan,Avenida Congreso 3721,225,360000,1600,,,usab 2,zonaprop,https://www.zonaprop.com.ar/propiedades/clasificado/vecltrin-venta-oportunidad-terreno!-59738566.html,2026-10-04
Coghlan,Avenida Ricardo Balbin 2840,292,857000,2935,660,1298,usam,zonaprop,https://www.zonaprop.com.ar/propiedades/clasificado/vecltrin-venta-doble-frente-de-17.32-m-en-coghlan.-1400-57252266.html,2026-10-04
Coghlan,Congreso  al 3500,130,250000,1923,,,pb + 4,zonaprop,https://www.zonaprop.com.ar/propiedades/clasificado/vecltrin-casa-en-coghlan-58609958.html,2026-10-04
Coghlan,Ugarte 3319,105,280000,2667,500,560,,zonaprop,https://www.zonaprop.com.ar/propiedades/clasificado/vecltrin-lote-en-coghlan-58581305.html,2026-10-04
Coghlan,Roque Perez al 3400,233,490000,2103,17030,29,usam ,zonaprop,https://www.zonaprop.com.ar/propiedades/clasificado/vecltrin-terreno-en-coghlan-usam-59368989.html,2026-10-04
Coghlan,Holmberg 1500,275,750000,2727,1100,682,,zonaprop,https://www.zonaprop.com.ar/propiedades/clasificado/vecltrin-terreno-lote-en-venta-en-villa-ortuzar-capital-58516036.html,2026-10-04
Coghlan,Roque Perez Al 3200,237,779000,3287,2250,346,,zonaprop,https://www.zonaprop.com.ar/propiedades/clasificado/vecltrin-lote-coghlan-roque-perez-al-3200-para-2250-m-sup2-51433515.html,2026-10-04
Coghlan,MONROE 3200,1160,2900000,2500,,,,zonaprop,https://www.zonaprop.com.ar/propiedades/clasificado/vecltrin-terreno-en-venta-en-coghlan-59132178.html,2026-10-04
Coghlan,Avenida De Los Incas 3700,600,299000,498,120,2492,,zonaprop,https://www.zonaprop.com.ar/propiedades/clasificado/vecltrin-terreno-en-venta-en-belgrano-r-60171937.html,2026-10-04
Coghlan,MONROE 3200,450,1200000,2667,,,,zonaprop,https://www.zonaprop.com.ar/propiedades/clasificado/vecltrin-terreno-en-venta-en-coghlan-58598956.html,2026-10-04
Coghlan,MONROE 3200,450,1200000,2667,,,,zonaprop,https://www.zonaprop.com.ar/propiedades/clasificado/vecltrin-terreno-en-venta-en-coghlan-59132179.html,2026-10-04
Coghlan,Superi 2900,139,369000,2655,1040,355,usab 2,zonaprop,https://www.zonaprop.com.ar/propiedades/clasificado/vecltrin-lote-coghlan-belgrano-superi-2900-para-1040-58756478.html,2026-10-04
Coghlan,Quesada Al 3300,139,369900,2661,1015,364,,zonaprop,https://www.zonaprop.com.ar/propiedades/clasificado/vecltrin-lote-coghlan-quesada-al-3300-para-1015-m-sup2-58593483.html,2026-10-04
Coghlan,Naon 2900,420,1290000,3071,2600,496,,zonaprop,https://www.zonaprop.com.ar/propiedades/clasificado/vecltrin-lote-coghlan-naon-al-2900-usam-para-2.600-m-sup2-50020568.html,2026-10-04
Coghlan,Roque Perez Al 3100,369,640000,1734,1385,462,usaa,zonaprop,https://www.zonaprop.com.ar/propiedades/clasificado/vecltrin-lote-coghlan-roque-perez-3100-canje-p-1800-m-sup2-52347339.html,2026-10-04
Coghlan,Quesada Al 3900,267,350000,1311,1000,350,,zonaprop,https://www.zonaprop.com.ar/propiedades/clasificado/vecltrin-lote-coghlan-quesada-al-3900-para-1001-m-sup2-58562027.html,2026-10-04
Coghlan,Capitán General Ramón Freire 2500,242,600000,2479,1400,429,pb + 7,zonaprop,https://www.zonaprop.com.ar/propiedades/clasificado/vecltrin-venta-de-terreno-para-desarrollo-en-coghlan-60075855.html,2026-10-04
Coghlan,Melian Al 3500,96,399900,4166,813,492,usaa,zonaprop,https://www.zonaprop.com.ar/propiedades/clasificado/vecltrin-terreno-coghlan-melian-sl-3500-para-975-m-sup2-58562310.html,2026-10-04
Saavedra,AV. Cabildo  al 3800 Saavedra,387,2000000,5168,4524,442,,zonaprop,https://www.zonaprop.com.ar/propiedades/clasificado/vecltrin-venta-lote-av-cabildo-con-3759-m-sup2--vendibles-al-60041115.html,2026-10-04
Saavedra,Amenabar  al 3900,337,810000,2404,,,usam,zonaprop,https://www.zonaprop.com.ar/propiedades/clasificado/vecltrin-excelente-terreno-en-saavedra-lideres-en-terrenos-59289432.html,2026-10-04
Saavedra,Conesa 4800,152,238000,1566,,,usab 2,zonaprop,https://www.zonaprop.com.ar/propiedades/clasificado/vecltrin-venta-lote-en-saavedra-ideal-desarrolladores-59420401.html,2026-10-04
Saavedra,Conesa y Vedia * * * Destacado,127,310000,2441,500,620,,zonaprop,https://www.zonaprop.com.ar/propiedades/clasificado/vecltrin-terreno-conesa-esq-vedia-apto-construccion-con-vista-59140241.html,2026-10-04
Saavedra,Vilela al 2600,225,535000,2378,,,usam,zonaprop,https://www.zonaprop.com.ar/propiedades/clasificado/vecltrin-terreno-apto-1080-m-sup2--vendibles.-saavedra-59152162.html,2026-10-04
Saavedra,Pinto  al 4500,266,440000,1654,121.378,3625,,zonaprop,https://www.zonaprop.com.ar/propiedades/clasificado/vecltrin-venta-lote-multifamiliar-saavedra-57814319.html,2026-10-04
Saavedra,Vilela al 2500,136,380000,2794,945,402,usam ,zonaprop,https://www.zonaprop.com.ar/propiedades/clasificado/vecltrin-venta-terreno-en-saavedra-en-excelente-ubicacion-59857013.html,2026-10-04
Saavedra,Zapiola al 4600,149,240000,1611,507,473,usab 2,zonaprop,https://www.zonaprop.com.ar/propiedades/clasificado/vecltrin-saavedra-terreno-en-venta-apto-desarrollo-inmobiliario-60067402.html,2026-10-04
Saavedra,Superí 4847 - 4855,755,900000,1192,372.38,2417,usab 2,zonaprop,https://www.zonaprop.com.ar/propiedades/clasificado/vecltrin-terreno-en-venta-en-saavedra-caba-59472358.html,2026-10-04
Saavedra,Jaramillo al 3800,138,450000,3261,,,usaa,zonaprop,https://www.zonaprop.com.ar/propiedades/clasificado/vecltrin-terreno-u.-s.-a.-a-a-la-venta-en-saavedra-58328483.html,2026-10-04
Saavedra,Mariano Acha  4000,121,290000,2397,982,295,pb + 7,zonaprop,https://www.zonaprop.com.ar/propiedades/clasificado/vecltrin-terreno-en-venta!-saavedra-60193796.html,2026-10-04
Saavedra,"LUGONES 3672. Entre Larralde, Crisologo y Jaramillo",126,260000,2063,,,usab 2,zonaprop,https://www.zonaprop.com.ar/propiedades/clasificado/vecltrin-venta!-casa-a-reciclar-o-lote-apto-desarrollo!-58320268.html,2026-10-04
Saavedra,Vedia al 2400 + Av. Gral. Paz al 1100,469,1200000,2559,,,pb + 12,zonaprop,https://www.zonaprop.com.ar/propiedades/clasificado/vecltrin-excelente-terreno-en-saavedra-lideres-en-terrenos-59206088.html,2026-10-04
Saavedra,Zapiola al 4800 Saavedra,547,1145000,2093,327,3502,usab2,zonaprop,https://www.zonaprop.com.ar/propiedades/clasificado/vecltrin-terreno-en-venta-saavedra-apto-multifamiliar-54580637.html,2026-10-04
Saavedra,Lugones 4200,177,525000,2966,,,,zonaprop,https://www.zonaprop.com.ar/propiedades/clasificado/vecltrin-lote-de-terreno-venta-saavedra-59018943.html,2026-10-04
Saavedra,Superí 4440,200,328000,1640,360,911,,zonaprop,https://www.zonaprop.com.ar/propiedades/clasificado/vecltrin-lote-360-m-sup2--vendibles-saavedra-58454521.html,2026-10-04
Saavedra,Crisólogo Larralde  al 2900,363,900000,2479,1920,469,usam,zonaprop,https://www.zonaprop.com.ar/propiedades/clasificado/vecltrin-lote-8.66-x-43.30-larralde-y-cramer-usam-59743512.html,2026-10-04
Saavedra,Machain  al 4300,256,429000,1676,887,484,usab 2,zonaprop,https://www.zonaprop.com.ar/propiedades/clasificado/vecltrin-terreno-10-x-23.usab-2.-saavedra-55677550.html,2026-10-04
Saavedra,Deheza 4851,349,315000,903,578,545,usab 1,zonaprop,https://www.zonaprop.com.ar/propiedades/clasificado/vecltrin-terreno-en-saavedra!construibles-768-m-sup2-.-720-59979125.html,2026-10-04
Saavedra,Estomba - Próximo a Est. Saavedra,223,270000,1211,,,usab2,zonaprop,https://www.zonaprop.com.ar/propiedades/clasificado/vecltrin-casa-saavedra-59158155.html,2026-10-04
Saavedra,Besares 4711,103,275000,2670,,,usaa,zonaprop,https://www.zonaprop.com.ar/propiedades/clasificado/vecltrin-terreno-sobre-av-balbin-usaa-59427128.html,2026-10-04
Saavedra,Plaza  al 4500,254,209000,823,657,318,usab 2,zonaprop,https://www.zonaprop.com.ar/propiedades/clasificado/vecltrin-terreno-en-saavedra-57548693.html,2026-10-04
Saavedra,Pico 3386,159,350000,2201,,,,zonaprop,https://www.zonaprop.com.ar/propiedades/clasificado/vecltrin-terreno-de-159-m-sup2--en-venta-en-saavedra-59674234.html,2026-10-04
Saavedra,Conde 4600,225,330000,1467,550,600,Usab 1,zonaprop,https://www.zonaprop.com.ar/propiedades/clasificado/vecltrin-terreno-en-saavedra-59487356.html,2026-10-04
Saavedra,Correa 4600,112,219000,1955,,,,zonaprop,https://www.zonaprop.com.ar/propiedades/clasificado/vecltrin-venta-lote-en-saavedra-60061288.html,2026-10-04
Saavedra,Rómulo Naón 3900,114,410000,3596,,,pb + 7,zonaprop,https://www.zonaprop.com.ar/propiedades/clasificado/vecltrin-romulo-naon-3900-saavedra-excelente-terreno-en-58028282.html,2026-10-04
Saavedra,"García del Rio al 4309, Esquina Holmberg",131,520000,3969,1160,448,usaa ,zonaprop,https://www.zonaprop.com.ar/propiedades/clasificado/vecltrin-terreno-en-venta-esquina-premium-en-saavedra-usaa-60202635.html,2026-10-04
Saavedra,Manuela Pedraza 3720,516,300000,581,,,usab 1,zonaprop,https://www.zonaprop.com.ar/propiedades/clasificado/vecltrin-pque.-saavedra-lote-de-terreno-10-x-18-516-m-sup2-60179420.html,2026-10-04
Saavedra,Crisólogo Larralde 3700,375,1200000,3200,1980,606,usaa,zonaprop,https://www.zonaprop.com.ar/propiedades/clasificado/vecltrin-venta-terreno-usaa-saavedra-60144604.html,2026-10-04
Saavedra,Crisólogo Larralde 3700,409,750000,1834,1207,621,usab2,zonaprop,https://www.zonaprop.com.ar/propiedades/clasificado/vecltrin-venta-terreno-usab2-saavedra-60144603.html,2026-10-04
Saavedra,ZAPIOLA 3682. Entre Av. crisologo larralde y Jaramillo,249,480000,1928,1074,447,pb + 4,zonaprop,https://www.zonaprop.com.ar/propiedades/clasificado/vecltrin-lote-para-800-m-sup2--vendibles-59760321.html,2026-10-04
Saavedra,Holmberg 4100,122,220000,1803,,,usab 2,zonaprop,https://www.zonaprop.com.ar/propiedades/clasificado/vecltrin-lote-usab-2-en-saavedra-pb-6-pisos-448-m-sup2-59808354.html,2026-10-04
Saavedra,Zapiola 4600,147,230000,1565,700,329,Usab 2,zonaprop,https://www.zonaprop.com.ar/propiedades/clasificado/vecltrin-lote-8-66-x-17-m-zonif.-usab-2-zapiola-al-4600-57709767.html,2026-10-04
Saavedra,Rómulo Naon al 4200,225,290000,1289,,,usab 2,zonaprop,https://www.zonaprop.com.ar/propiedades/clasificado/vecltrin-terreno-en-saavedra-de-8.66x26-en-usab2-en-venta-47107965.html,2026-10-04
Saavedra,Conde al 4300,144,285000,1979,,,,zonaprop,https://www.zonaprop.com.ar/propiedades/clasificado/vecltrin-casa-en-lote-propio-ideal-para-edificar-59506186.html,2026-10-04
Saavedra,Paroissien 4600,350,435000,1243,,,,zonaprop,https://www.zonaprop.com.ar/propiedades/clasificado/vecltrin-terreno-lote-en-venta-ubicado-en-saavedra-capital-54257737.html,2026-10-04
Saavedra,Conesa al 4400,225,340000,1511,,,usab2,zonaprop,https://www.zonaprop.com.ar/propiedades/clasificado/vecltrin-lote-8.68-x-26-m-usab2-p-edif-814-m-sup2--plaza-58638401.html,2026-10-04
Saavedra,Arias 4928,202,299000,1480,632.35,473,usab2,zonaprop,https://www.zonaprop.com.ar/propiedades/clasificado/vecltrin-venta-lote-unico-a-m-de-parque-sarmiento-saavedra-60021440.html,2026-10-04
Saavedra,Avenida Gral PAZ  al 3326,217,260000,1198,800,325,usab2,zonaprop,https://www.zonaprop.com.ar/propiedades/clasificado/vecltrin-oportunidad-lote-permuta-usab2-oportunidad-acepta-m-58229153.html,2026-10-04
Saavedra,Vedia 4700,369,620000,1680,950,653,,zonaprop,https://www.zonaprop.com.ar/propiedades/clasificado/vecltrin-oportunidad-para-desarrolladores:-lote-en-saavedra-con-58748472.html,2026-10-04
Saavedra,Besares 4100,224,280000,1250,14.6,19178,usab 2,zonaprop,https://www.zonaprop.com.ar/propiedades/clasificado/vecltrin-terreno-lote-en-venta-en-saavedra-capital-federal-59267415.html,2026-10-04
Saavedra,Ramallo 4545,354,310000,876,960,323,usab 1,zonaprop,https://www.zonaprop.com.ar/propiedades/clasificado/vecltrin-terreno-8.66-x-41-en-zona-usab1-53754557.html,2026-10-04
Saavedra,Correa al 4300,238,500000,2101,,,,zonaprop,https://www.zonaprop.com.ar/propiedades/clasificado/vecltrin-estrategico-terreno-en-esquina-para-desarrollo-59474430.html,2026-10-04
Saavedra,Miller  al 4900,372,390000,1048,,,,zonaprop,https://www.zonaprop.com.ar/propiedades/clasificado/vecltrin-casa-en-saavedra-59347668.html,2026-10-04
Saavedra,Paroissien al 4500,187,449000,2401,,,usaa 1,zonaprop,https://www.zonaprop.com.ar/propiedades/clasificado/vecltrin-venta-lote-saavedra-paroissien-4565-usaa-59775655.html,2026-10-04
Saavedra,Av Melian  al 4200,233,412000,1768,674,611,usab2,zonaprop,https://www.zonaprop.com.ar/propiedades/clasificado/vecltrin-venta-terreno-en-saavedra-60166973.html,2026-10-04
Saavedra,Pinto al 4200,151,350000,2318,,,usab 2,zonaprop,https://www.zonaprop.com.ar/propiedades/clasificado/vecltrin-excelente-terreno-en-saavedra-lideres-en-terrenos-60120168.html,2026-10-04
Saavedra,Donado 3882,214,349000,1631,,,usab 2,zonaprop,https://www.zonaprop.com.ar/propiedades/clasificado/vecltrin-venta-terreno-en-saavedra-inmejorable-ubicacion-pb-60159318.html,2026-10-04
Saavedra,Crisólogo Larralde 4400,161,230000,1429,,,usab 1,zonaprop,https://www.zonaprop.com.ar/propiedades/clasificado/vecltrin-lote-8-66-x-18-70-total-161-m-sup2--exc.-zona-saavedra-60092817.html,2026-10-04
Saavedra,QUINTANA 4400,236,410000,1737,702.75,583,,zonaprop,https://www.zonaprop.com.ar/propiedades/clasificado/vecltrin-terreno-lote-en-venta-en-saavedra-capital-federal-60278244.html,2026-10-04
Saavedra,Posta al 4500,150,198000,1320,623,318,usab2,zonaprop,https://www.zonaprop.com.ar/propiedades/clasificado/vecltrin-terreno-en-venta-en-saavedra-atras-del-dot-coca-52414139.html,2026-10-04
Saavedra,"Saavedra, Vedia  al 3100",299,460000,1538,,,,zonaprop,https://www.zonaprop.com.ar/propiedades/clasificado/vecltrin-terreno-en-saavedra-58426536.html,2026-10-04
Saavedra,General PAZ  al 1100,255,550000,2157,,,pb + 12,zonaprop,https://www.zonaprop.com.ar/propiedades/clasificado/vecltrin-excelente-terreno-en-saavedra-lideres-en-terrenos-59207631.html,2026-10-04
Saavedra,Plaza al 4000,375,499000,1331,1005,497,pb + 3,zonaprop,https://www.zonaprop.com.ar/propiedades/clasificado/vecltrin-lote-terreno-saavedra-oportunidad-60011291.html,2026-10-04
Saavedra,Av. Dr Ricardo Balbín al 3675/77/81,433,2800000,6467,,,,zonaprop,https://www.zonaprop.com.ar/propiedades/clasificado/vecltrin-terreno-en-venta-en-saavedra-50187833.html,2026-10-04
Saavedra,Correa 4300,428,500000,1168,,,,zonaprop,https://www.zonaprop.com.ar/propiedades/clasificado/vecltrin-lote-a-la-venta-en-saavedra-apto-desarrollo-60248073.html,2026-10-04
Saavedra,Washington al 3400,426,1150000,2700,2100,548,usam ,zonaprop,https://www.zonaprop.com.ar/propiedades/clasificado/vecltrin-doble-lote-en-coghlan-a-pasos-de-saavedra-2200-m-sup2-59788845.html,2026-10-04
Saavedra,Nuñez al 4800,210,330000,1571,875,377,,zonaprop,https://www.zonaprop.com.ar/propiedades/clasificado/vecltrin-venta-de-lote-en-saavedra-700-m-sup2--vendibles-59844255.html,2026-10-04
Saavedra,Manzanares y Tronador,121,420000,3471,,,,zonaprop,https://www.zonaprop.com.ar/propiedades/clasificado/vecltrin-terreno-en-venta-121-m-sup2--saavedra-60238577.html,2026-10-04
Saavedra,Moldes 4100,150,350000,2333,1069,327,usam ,zonaprop,https://www.zonaprop.com.ar/propiedades/clasificado/vecltrin-terreno-venta-en-saavedra-u.-s.-a.-m-exc.-ubicacion-60201841.html,2026-10-04
Saavedra,Paroissien 4600,351,435000,1239,,,usab 2,zonaprop,https://www.zonaprop.com.ar/propiedades/clasificado/vecltrin-terreno-lote-en-venta-en-saavedra-capital-federal-59950130.html,2026-10-04
Saavedra,Paroissien al 4500,150,295000,1967,,,usaa,zonaprop,https://www.zonaprop.com.ar/propiedades/clasificado/vecltrin-excelente-terreno-en-saavedra-lideres-en-terrenos-60167666.html,2026-10-04
Saavedra,Deheza  al 3000  - Terreno,375,420000,1120,,,,zonaprop,https://www.zonaprop.com.ar/propiedades/clasificado/vecltrin-terreno-en-venta-de-375-m-sup2-.-deheza-3000-y-zapiola-60215816.html,2026-10-04
Saavedra,Zapiola  al 4600,149,850000,5705,,,,zonaprop,https://www.zonaprop.com.ar/propiedades/clasificado/vecltrin-terreno-en-saavedra-59507266.html,2026-10-04
Saavedra,Pinto al 4200,151,350000,2318,,,usab 2,zonaprop,https://www.zonaprop.com.ar/propiedades/clasificado/vecltrin-terreno-en-saavedra-60066076.html,2026-10-04
Saavedra,Vedia al 4700 en Saavedra,371,520000,1402,1050,495,pb + 3,zonaprop,https://www.zonaprop.com.ar/propiedades/clasificado/vecltrin-venta-terreno-en-vedia-saavedra-60132533.html,2026-10-04
Saavedra,Plaza al 4000,367,500000,1362,1270,394,usab 2,zonaprop,https://www.zonaprop.com.ar/propiedades/clasificado/vecltrin-terreno-en-venta-en-saavedra-56959525.html,2026-10-04
Saavedra,Ramallo  3685,225,295000,1311,750,393,,zonaprop,https://www.zonaprop.com.ar/propiedades/clasificado/vecltrin-terreno-en-saavedra-usab-51410303.html,2026-10-04
Saavedra,Manzanares 3500,148,320000,2162,,,,zonaprop,https://www.zonaprop.com.ar/propiedades/clasificado/vecltrin-venta-lote-en-saavedra-caba-oportunidad-60197543.html,2026-10-04
Saavedra,Estomba  al 4100,226,250000,1106,,,,zonaprop,https://www.zonaprop.com.ar/propiedades/clasificado/vecltrin-casa-ideal-emprendimiento-saavedra-60290200.html,2026-10-04
Saavedra,Vidal 4919,179,800000,4469,179.1,4467,pb + 12,zonaprop,https://www.zonaprop.com.ar/propiedades/clasificado/vecltrin-lote-calle-vidal-4819-saavedra-caba-c.-a.:-p.-b.-59714705.html,2026-10-04
Saavedra,Deheza 3600,290,505000,1741,1250,404,usab2,zonaprop,https://www.zonaprop.com.ar/propiedades/clasificado/vecltrin-venta-lote-8-66x30-26-saavedra-oportunidad-60273168.html,2026-10-04
Saavedra,RUIZ HUIDOBRO 3329. Entre Conde y Superi,230,340000,1478,416,817,usab 1,zonaprop,https://www.zonaprop.com.ar/propiedades/clasificado/vecltrin-venta-lote-en-saavedra-47217760.html,2026-10-04
Saavedra,Avenida San Isidro Labrador 4100,81,400000,4938,,,,zonaprop,https://www.zonaprop.com.ar/propiedades/clasificado/vecltrin-venta-lote-saavedra-besares-y-san-isidro-labrador-60306464.html,2026-10-04
Saavedra,Roque Pérez 3700,93,230000,2473,,,usab 2,zonaprop,https://www.zonaprop.com.ar/propiedades/clasificado/vecltrin-venta-de-lote-en-saavedra-60196268.html,2026-10-04
Saavedra,Holmberg 3700,200,350000,1750,,,usab 2,zonaprop,https://www.zonaprop.com.ar/propiedades/clasificado/vecltrin-lote-usab-2-en-saavedra-holmberg-al-3700-pb-4-59187422.html,2026-10-04
Saavedra,Cabildo al 4654,394,2950000,7487,39420,75,,zonaprop,https://www.zonaprop.com.ar/propiedades/clasificado/vecltrin-lote-sobre-av-cabildo-en-saavedra-venta-56347623.html,2026-10-04
Saavedra,VILELA 4090,138,270000,1957,549,492,usab2,zonaprop,https://www.zonaprop.com.ar/propiedades/clasificado/vecltrin-oportunidad-terreno-saavedra-55848748.html,2026-10-04
Saavedra,Manzanares 3919,150,350000,2333,810,432,pb + 7,zonaprop,https://www.zonaprop.com.ar/propiedades/clasificado/vecltrin-venta-de-lote-en-saavedra-excelente-ubicacion-capital-58871359.html,2026-10-04
Saavedra,Plaza 4589,139,280000,2014,500,560,usab2,zonaprop,https://www.zonaprop.com.ar/propiedades/clasificado/vecltrin-saavedra.-exc.-lote-zonificacion-usab2.-apto-500-44843518.html,2026-10-04
Saavedra,Vedia 2918,225,450000,2000,210,2143,,zonaprop,https://www.zonaprop.com.ar/propiedades/clasificado/vecltrin-lote-8-66-x-26-5-c.-av-cabildo-u.-s.-a.-b-2-44586375.html,2026-10-04
Saavedra,Jaramillo 2800,255,470000,1843,1296,363,usab 2,zonaprop,https://www.zonaprop.com.ar/propiedades/clasificado/vecltrin-terreno-saavedra-nunez-excelente-ubicacion-usab-2-60273914.html,2026-10-04
Saavedra,Vidal 4825,157,720000,4586,157.3,4577,pb + 12,zonaprop,https://www.zonaprop.com.ar/propiedades/clasificado/vecltrin-lote-calle-vidal-4825-saavedra-caba-c.-a.:-p.-b.-59715010.html,2026-10-04
Saavedra,Ruiz Huidobro 3900,230,335000,1457,14.6,22945,usab 2,zonaprop,https://www.zonaprop.com.ar/propiedades/clasificado/vecltrin-excelente-terreno-8-66-x-27-usab-2-muy-buena-ubicacion-59703636.html,2026-10-04
Saavedra,Estomba 3635,149,390000,2617,800,488,usaa ,zonaprop,https://www.zonaprop.com.ar/propiedades/clasificado/vecltrin-terreno-sobre-10-x-15-con-demolicion-usaa-55667439.html,2026-10-04
Saavedra,Paroissien  al 4100,165,250000,1515,615,407,usab2,zonaprop,https://www.zonaprop.com.ar/propiedades/clasificado/vecltrin-terreno-en-saavedra-59498297.html,2026-10-04
Saavedra,Terreno En Venta Ramallo Al 4200,115,290000,2522,,,,zonaprop,https://www.zonaprop.com.ar/propiedades/clasificado/vecltrin-terreno-saavedra-56487050.html,2026-10-04
Saavedra,Pinto 3800,284,700000,2465,,,,zonaprop,https://www.zonaprop.com.ar/propiedades/clasificado/vecltrin-venta-lote-saavedra-60220252.html,2026-10-04
Saavedra,Posta 4400,147,230000,1565,,,,zonaprop,https://www.zonaprop.com.ar/propiedades/clasificado/vecltrin-lote-con-garage-en-saavedra-60245038.html,2026-10-04
Saavedra,Plaza al 4400,318,270000,849,800,338,usab 2,zonaprop,https://www.zonaprop.com.ar/propiedades/clasificado/vecltrin-lote-u.-s.-a.-b-2-venta-saavedra-690-m-sup2-60065902.html,2026-10-04
Saavedra,Av Melian 4700,225,299000,1329,690,433,Usab2,zonaprop,https://www.zonaprop.com.ar/propiedades/clasificado/vecltrin-terreno-frente-dot-baires.-se-toman-m-en-saavedra-59267401.html,2026-10-04
Saavedra,Naon al 3800 - Usaa || Doble Frente ||,211,1400000,6635,3650,384,pb + 7,zonaprop,https://www.zonaprop.com.ar/propiedades/clasificado/vecltrin-terreno-doble-frente-venta-en-saavedra-59177277.html,2026-10-04
Saavedra,Valdenegro 4400,302,450000,1490,940,479,usab 1,zonaprop,https://www.zonaprop.com.ar/propiedades/clasificado/vecltrin-venta-doble-lote-saavedra-residencial-60060438.html,2026-10-04
Saavedra,Conesa  al 4800,276,429000,1554,614,699,usab 0,zonaprop,https://www.zonaprop.com.ar/propiedades/clasificado/vecltrin-venta-lote-doble-frente-en-saavedra-58940919.html,2026-10-04
Saavedra,Posta 4548 | Usab2,150,260000,1733,600,433,,zonaprop,https://www.zonaprop.com.ar/propiedades/clasificado/vecltrin-terreno-saavedra-usab2-47171422.html,2026-10-04
Saavedra,Vidal 3800,225,450000,2000,,,usab 2,zonaprop,https://www.zonaprop.com.ar/propiedades/clasificado/vecltrin-venta-lote-ideal-desarrollo-en-saavedra-59922759.html,2026-10-04
Saavedra,Garcia Del Rio Al 3200,514,1990000,3872,3082,646,,zonaprop,https://www.zonaprop.com.ar/propiedades/clasificado/vecltrin-lote-saavedra-garcia-del-rio-3200-frente-al-parque-56249995.html,2026-10-04
Saavedra,Plaza al 4400,318,270000,849,800,338,usab 2,zonaprop,https://www.zonaprop.com.ar/propiedades/clasificado/vecltrin-lote-de-318-m-sup2--en-venta-saavedra-60314985.html,2026-10-04
Saavedra,Nuñez 4100,698,1390000,1991,3938,353,,zonaprop,https://www.zonaprop.com.ar/propiedades/clasificado/vecltrin-lote-saavedra-nunez-4100-para-3838-m-sup2-59491798.html,2026-10-04
Saavedra,Deheza 3500,373,410000,1099,,,usab 1,zonaprop,https://www.zonaprop.com.ar/propiedades/clasificado/vecltrin-terreno-ideal-desarrollo-residencial-8-66x43-m-58984103.html,2026-10-04
Saavedra,Roque Pérez 4274,285,395000,1386,,,usab2,zonaprop,https://www.zonaprop.com.ar/propiedades/clasificado/vecltrin-excelente-terreno-a-m-de-parque-saavedra!-60211718.html,2026-10-04
Saavedra,Avenida Ruiz Huidobro 4400,156,250000,1603,613.5,407,pb + 4,zonaprop,https://www.zonaprop.com.ar/propiedades/clasificado/vecltrin-venta-lote-en-saavedra-58878731.html,2026-10-04
Saavedra,Miller al 4800 Entre Pico y Vedia,180,325000,1806,,,pb + 3,zonaprop,https://www.zonaprop.com.ar/propiedades/clasificado/vecltrin-terreno-venta-saavedra-59935017.html,2026-10-04
Saavedra,Vedia 4700,369,430000,1165,,,,zonaprop,https://www.zonaprop.com.ar/propiedades/clasificado/vecltrin-muy-buen-terreno-en-saavedra-excel-accesos-a-60066767.html,2026-10-04
Saavedra,Manzanares 3500,148,320000,2162,426,751,usab 2,zonaprop,https://www.zonaprop.com.ar/propiedades/clasificado/vecltrin-venta-terreno-usab-2-50-financiacion-56636069.html,2026-10-04
Saavedra,Valdenegro 4900,330,500000,1515,,,,zonaprop,https://www.zonaprop.com.ar/propiedades/clasificado/vecltrin-excelente-lote-con-pileta-60154448.html,2026-10-04
Saavedra,Avenida Ruiz Huidobro 4400,162,290000,1790,628.88,461,,zonaprop,https://www.zonaprop.com.ar/propiedades/clasificado/vecltrin-lote-terreno-en-venta-en-saavedra-usab2-60264460.html,2026-10-04
Saavedra,Quintana al 4800,231,450000,1948,21000,21,usab 2,zonaprop,https://www.zonaprop.com.ar/propiedades/clasificado/vecltrin-saavedra-casa-valor-lote-usab2-apto-1000-m-59661397.html,2026-10-04
Saavedra,Quintana  4600,150,350000,2333,,,usab 2,zonaprop,https://www.zonaprop.com.ar/propiedades/clasificado/vecltrin-terreno-venta-saavedra-usab-2-57393636.html,2026-10-04
Saavedra,Vidal,517,2320000,4487,516.7,4490,,zonaprop,https://www.zonaprop.com.ar/propiedades/clasificado/vecltrin-3-lotes-calle-vidal-4809-4819-4825-saavedra-caba-59715218.html,2026-10-04
Saavedra,Tronador 4145,320,350000,1094,,,usab 2,zonaprop,https://www.zonaprop.com.ar/propiedades/clasificado/vecltrin-lote-8-66-x-38-34-50811910.html,2026-10-04
Saavedra,Estomba 3683,139,395000,2842,,,usaa ,zonaprop,https://www.zonaprop.com.ar/propiedades/clasificado/vecltrin-usaa-7-pisos-2-retiros-aceptan-canje-en-m-sup2-55974831.html,2026-10-04
Saavedra,Argelia 2760,148,235000,1588,,,usab 0,zonaprop,https://www.zonaprop.com.ar/propiedades/clasificado/vecltrin-lote-8.50-x-17-con-2-viviendas.-60282777.html,2026-10-04
Saavedra,Conde 3500,381,480000,1260,,,,zonaprop,https://www.zonaprop.com.ar/propiedades/clasificado/vecltrin-venta-terreno-de-381-m-sup2--en-saavedra-47629479.html,2026-10-04
Saavedra,Vidal 4809,180,800000,4444,180.18,4440,pb + 12,zonaprop,https://www.zonaprop.com.ar/propiedades/clasificado/vecltrin-lote-calle-vidal-4809-saavedra-caba-c.-a.:-p.-b.-59714196.html,2026-10-04
Saavedra,Av. Melian al 3500   | Usaa,300,850000,2833,1200,708,,zonaprop,https://www.zonaprop.com.ar/propiedades/clasificado/vecltrin-terreno-lote-venta-saavedra-coghlan-nunez-usaa-59665987.html,2026-10-04
Saavedra,Ruiz Huidobro al 2600,300,440000,1467,1210,364,usam,zonaprop,https://www.zonaprop.com.ar/propiedades/clasificado/vecltrin-terreno-en-venta-saavedra-8-65-m-sup2--x-35-8-58573779.html,2026-10-04
Saavedra,Tronador 4500,190,169000,889,695,243,pb + 4,zonaprop,https://www.zonaprop.com.ar/propiedades/clasificado/vecltrin--retasado!-venta-de-lote-propio-usab-2-53845986.html,2026-10-04
Saavedra,VILELA 4738. Entre Lugones y Miller,357,380000,1064,950,400,usab2,zonaprop,https://www.zonaprop.com.ar/propiedades/clasificado/vecltrin-venta-lote-zonificacion-usab2-saavedra-59841826.html,2026-10-04
Saavedra,Conde 4800,225,268000,1191,158,1696,usab2,zonaprop,https://www.zonaprop.com.ar/propiedades/clasificado/vecltrin-terreno-lote-en-venta-en-saavedra-capital-federal-59557317.html,2026-10-04
Saavedra,pedro ignacio rivera,1772,820000,463,,,,zonaprop,https://www.zonaprop.com.ar/propiedades/clasificado/vecltrin-pedro-i.-rivera-2300-zona-cotizada-saavedra-lote-57307864.html,2026-10-04
Saavedra,Besares 4711,103,275000,2670,,,usaa,zonaprop,https://www.zonaprop.com.ar/propiedades/clasificado/vecltrin-terreno-sobre-av-balvin-58841242.html,2026-10-04
Saavedra,Zapiola 3456,120,275000,2292,,,usab1,zonaprop,https://www.zonaprop.com.ar/propiedades/clasificado/vecltrin-terreno-oportunidad!-60279960.html,2026-10-04
Saavedra,Av. Melián al 3600,238,270000,1134,,,pb + 3,zonaprop,https://www.zonaprop.com.ar/propiedades/clasificado/vecltrin-lote-apto-emprendimiento-a-1-c-de-av-balbin-59500786.html,2026-10-04
Saavedra,Deheza al 2900,376,469000,1247,1460,321,usab 2,zonaprop,https://www.zonaprop.com.ar/propiedades/clasificado/vecltrin-terreno-en-venta-saavedra-59510551.html,2026-10-04
Saavedra,Pinto 4478,262,480000,1832,,,usab 1,zonaprop,https://www.zonaprop.com.ar/propiedades/clasificado/vecltrin-saavedra-espectacular-lote-de-8-66-x-30-31-m-usab1-59512657.html,2026-10-04
Saavedra,Pinto 4500,266,450000,1692,121.378,3707,usab 2,zonaprop,https://www.zonaprop.com.ar/propiedades/clasificado/vecltrin-venta-lote-saavedra-58546517.html,2026-10-04
Saavedra,Vidal 4000,188,350000,1862,601,582,usab 2,zonaprop,https://www.zonaprop.com.ar/propiedades/clasificado/vecltrin-terreno-en-saavedra-excelente-ubicacion-y-orientacion!-59676778.html,2026-10-04
Saavedra,Arias al 3000  ||  Usab2,225,420000,1867,900,467,usab2,zonaprop,https://www.zonaprop.com.ar/propiedades/clasificado/vecltrin-terreno-en-saavedra-54078563.html,2026-10-04
Saavedra,Besares 2700,254,450000,1772,885,508,usam ,zonaprop,https://www.zonaprop.com.ar/propiedades/clasificado/vecltrin-venta-terreno-nunez-saavedra-usam-3cuadras-cabildoy-59187936.html,2026-10-04
Saavedra,Mariano Acha 4000,121,290000,2397,770,377,usaa,zonaprop,https://www.zonaprop.com.ar/propiedades/clasificado/vecltrin-terreno-lote-en-venta-en-saavedra-capital-federal-60187212.html,2026-10-04
Saavedra,Saavedra,132,195000,1477,670,291,usab2,zonaprop,https://www.zonaprop.com.ar/propiedades/clasificado/vecltrin-terreno-en-saavedra-60217837.html,2026-10-04
Saavedra,Pinto al 3400,223,560000,2511,604,927,usab1,zonaprop,https://www.zonaprop.com.ar/propiedades/clasificado/vecltrin-terreno-lote-en-venta-en-el-barrio-de-saavedra-60314964.html,2026-10-04
Saavedra,Besares 4565,224,339000,1513,,,usab 2,zonaprop,https://www.zonaprop.com.ar/propiedades/clasificado/vecltrin-terreno-en-saavedra-con-1.000-m-construibles-usab-2-60277912.html,2026-10-04
Saavedra,Holmberg 4241,266,269000,1011,164,1640,usab2,zonaprop,https://www.zonaprop.com.ar/propiedades/clasificado/vecltrin-lote-en-saavedra-apto-pb-4-pisos-58159400.html,2026-10-04
Saavedra,Superi  al 4800,740,990000,1338,1900,521,pb + 4,zonaprop,https://www.zonaprop.com.ar/propiedades/clasificado/vecltrin-terreno-en-saavedra-doble-frente-17-32-m-x-43-m-1900-59629712.html,2026-10-04
Saavedra,Deheza 3500,375,490000,1307,,,,zonaprop,https://www.zonaprop.com.ar/propiedades/clasificado/vecltrin-terreno-de-375-m-sup2--en-venta-en-saavedra.-675-58869254.html,2026-10-04
Saavedra,Deheza  al 3600,180,309000,1717,,,pb + 3,zonaprop,https://www.zonaprop.com.ar/propiedades/clasificado/vecltrin-venta-de-terreno-saavedra-de-180-m-aproximados-sobre-59278543.html,2026-10-04
Saavedra,TRONADOR 4700,384,600000,1562,1967.8,305,pb + 3,zonaprop,https://www.zonaprop.com.ar/propiedades/clasificado/vecltrin-venta-terreno-tronador-y-deheza-saavedra-caba-45887731.html,2026-10-04
Saavedra,PICO 4875,222,275000,1239,,,usab1,zonaprop,https://www.zonaprop.com.ar/propiedades/clasificado/vecltrin-lote-de-8.66-x-26.70-en-zonificacion-usab-1-56348401.html,2026-10-04
Saavedra,PICO 4867,352,330000,938,,,usab 1,zonaprop,https://www.zonaprop.com.ar/propiedades/clasificado/vecltrin-lote-de-8.63-x-40-62-en-zonificacion-usab-1-56348533.html,2026-10-04
Saavedra,Mariano Acha al 4000,121,290000,2397,982,295,pb + 7,zonaprop,https://www.zonaprop.com.ar/propiedades/clasificado/vecltrin-excelente-terreno-en-saavedra-altura-pb-7-pisos-60070256.html,2026-10-04
Saavedra,Freire al 3400,140,295000,2107,14010,21,usab1,zonaprop,https://www.zonaprop.com.ar/propiedades/clasificado/vecltrin-venta-lote-140-m-sup2--de-8.92-m-x-16.52-m-sup-59556569.html,2026-10-04
Saavedra,"RAMALLO 4673. Entre Lugones y Acha, mariano",217,380000,1751,217.51,1747,,zonaprop,https://www.zonaprop.com.ar/propiedades/clasificado/vecltrin-venta-de-lote-en-saavedra-capital-federal-59674432.html,2026-10-04
Saavedra,Vedia 3590,1850,1100000,595,1850,595,,zonaprop,https://www.zonaprop.com.ar/propiedades/clasificado/vecltrin-venta-terreno-saavedra-zona-dot-53662776.html,2026-10-04
Saavedra,Avenida De Los Incas 3700,600,299000,498,120,2492,,zonaprop,https://www.zonaprop.com.ar/propiedades/clasificado/vecltrin-terreno-en-venta-en-belgrano-r-59454578.html,2026-10-04
Saavedra,Crisologo Larralde 4500,500,1100000,2200,2000,550,usam,zonaprop,https://www.zonaprop.com.ar/propiedades/clasificado/vecltrin-lote-saavedra-gran-frente-para-2000-m-sup2-50020618.html,2026-10-04
Saavedra,Vedia 4500,347,449000,1294,,,,zonaprop,https://www.zonaprop.com.ar/propiedades/clasificado/vecltrin-lote-saavedra-vedia-4500-mucho-canje-para-1032-49970056.html,2026-10-04
Saavedra,Zapiola Al 4500,139,590000,4245,850,694,,zonaprop,https://www.zonaprop.com.ar/propiedades/clasificado/vecltrin-lote-saavedra-zapiola-al-4500-para-1020-m-sup2-50938282.html,2026-10-04
Saavedra,Correa 2900,179,490000,2737,800,612,usam,zonaprop,https://www.zonaprop.com.ar/propiedades/clasificado/vecltrin-terreno-saavedra-usam-para-800-m-sup2--vendibles-50595977.html,2026-10-04
Saavedra,Besares 2700,339,699000,2062,1471,475,,zonaprop,https://www.zonaprop.com.ar/propiedades/clasificado/vecltrin-lote-saavedra-besares-al-2700-para-1471-m-sup2-54549840.html,2026-10-04
Saavedra,Av Balbin Al 4300,383,999000,2608,2851,350,usaa,zonaprop,https://www.zonaprop.com.ar/propiedades/clasificado/vecltrin-lote-saavedra-balbin-4300-vista-abierta-frente-a-53286844.html,2026-10-04
Saavedra,Av Cabildo 4700,389,2390000,6144,4734,505,,zonaprop,https://www.zonaprop.com.ar/propiedades/clasificado/vecltrin-lote-nunez-av-cabildo-4700-para-4734-m-sup2-48986770.html,2026-10-04
Saavedra,Conde 3600,698,1350000,1934,2444,552,,zonaprop,https://www.zonaprop.com.ar/propiedades/clasificado/vecltrin-lote-saavedra-conde-al-3600-doble-frente-y-muy-buen-54950854.html,2026-10-04
Saavedra,Arias Al 4700,349,330000,946,1100,300,usab 2,zonaprop,https://www.zonaprop.com.ar/propiedades/clasificado/vecltrin-lote-saavedra-arias-al-4700-para-1100-m-sup2-53538686.html,2026-10-04
Saavedra,Vedia 2700,119,390000,3277,750,520,,zonaprop,https://www.zonaprop.com.ar/propiedades/clasificado/vecltrin-lote-saavedra-vedia-2700-a-1-cuadra-de-colectora-51739532.html,2026-10-04
Saavedra,Conde 4800,225,259000,1151,611,424,usab 2,zonaprop,https://www.zonaprop.com.ar/propiedades/clasificado/vecltrin-terreno.-venta.-225-m-sup2-.-saavedra-58173716.html,2026-10-04
Saavedra,Garcia Del Rio Al 3900,98,409000,4173,1272,322,,zonaprop,https://www.zonaprop.com.ar/propiedades/clasificado/vecltrin-lote-saavedra-garcia-del-rio-3900-para-1272-m-sup2-58708202.html,2026-10-04
Saavedra,Av Balbin Al 4500,585,1590000,2718,4574,348,usaa,zonaprop,https://www.zonaprop.com.ar/propiedades/clasificado/vecltrin-lote-saavedra-balbin-4500-frente-a-plaza-vista-53849337.html,2026-10-04
Saavedra,Amenabar 4000,175,599000,3423,1226,489,,zonaprop,https://www.zonaprop.com.ar/propiedades/clasificado/vecltrin-lote-saavedra-nunez-amenabar-al-4000-mucho-canje-51065587.html,2026-10-04
Saavedra,Jaramillo Al 2800,698,1199900,1719,2490,482,,zonaprop,https://www.zonaprop.com.ar/propiedades/clasificado/vecltrin-lote-saavedra-jaramillo-2800-doble-frente-2490-59379280.html,2026-10-04
Saavedra,Miller Al 3700,189,490000,2593,628,780,usab 2,zonaprop,https://www.zonaprop.com.ar/propiedades/clasificado/vecltrin-terreno-saavedra-miller-al-3700-usab-2-para-628-51433584.html,2026-10-04
Saavedra,Plaza 4100,298,549000,1842,1215,452,,zonaprop,https://www.zonaprop.com.ar/propiedades/clasificado/vecltrin-lote-saavedra-plaza-al-4100-50-canje-para-1215-50542701.html,2026-10-04
Saavedra,Valdenegro 4500,289,525000,1817,1000,525,usab2,zonaprop,https://www.zonaprop.com.ar/propiedades/clasificado/vecltrin-lote-saavedra-doble-frente-para-1.000-m-sup2-52728401.html,2026-10-04
Saavedra,Avenida Crámer 4800,155,545000,3516,950,574,usam,zonaprop,https://www.zonaprop.com.ar/propiedades/clasificado/vecltrin-venta-de-lote-con-proyecto-aprobado-cramer-4800-60079652.html,2026-10-04
Saavedra,Jaramillo Al 2700,237,469000,1979,2.104,222909,usab 2,zonaprop,https://www.zonaprop.com.ar/propiedades/clasificado/vecltrin-lote-saavedra-jaramillo-2700-p-1040-m-sup2-60011579.html,2026-10-04
Saavedra,Vedia Al 4500,349,449000,1287,792,567,,zonaprop,https://www.zonaprop.com.ar/propiedades/clasificado/vecltrin-lote-saavedra-vedia-al-4500-mucho-canje-50938149.html,2026-10-04
Saavedra,Vedia Al 3600,400,1600000,4000,300,5333,,zonaprop,https://www.zonaprop.com.ar/propiedades/clasificado/vecltrin-lote-saavedra-gral-paz-esquina-para-2400-m-sup2-53663406.html,2026-10-04
Saavedra,Vedia Al 2600,189,999900,5290,990,1010,,zonaprop,https://www.zonaprop.com.ar/propiedades/clasificado/vecltrin-lote-saavedra-vedia-2600-p-1740-m-sup2--vendibles-50938058.html,2026-10-04
Saavedra,Jaramillo Al 3500,369,549000,1488,675,813,usab 2,zonaprop,https://www.zonaprop.com.ar/propiedades/clasificado/vecltrin-lote-saavedra-jaramillo-al-3600-cerca-del-parque-55720863.html,2026-10-04
Saavedra,Machain 4600,210,275000,1310,11.2,24554,usab2,zonaprop,https://www.zonaprop.com.ar/propiedades/clasificado/vecltrin-terreno-lote-en-venta-en-saavedra-capital-federal-59984085.html,2026-10-04
Saavedra,Plaza Al 3900,359,549000,1529,1206,455,,zonaprop,https://www.zonaprop.com.ar/propiedades/clasificado/vecltrin-lote-saavedra-plaza-3900-casi-todo-canje-para-1206-53492590.html,2026-10-04
Saavedra,Vilela 2900,698,1399000,2004,354,3952,,zonaprop,https://www.zonaprop.com.ar/propiedades/clasificado/vecltrin-lote-saavedra-vilela-2900-dobl-frente-p-2000-m-sup2-58131794.html,2026-10-04
Saavedra,General Paz 1200,245,599000,2445,3285,182,,zonaprop,https://www.zonaprop.com.ar/propiedades/clasificado/vecltrin-lote-saavedra-av-gral-paz-al-1200-mucho-canje-58595639.html,2026-10-04
Saavedra,Avenida Melián 4400,214,220000,1028,410,537,pb + 2,zonaprop,https://www.zonaprop.com.ar/propiedades/clasificado/vecltrin-venta-lote-214-m-410-vendibles-aprox-60135020.html,2026-10-04
Saavedra,Vedia 2500,698,1799000,2577,8649,208,,zonaprop,https://www.zonaprop.com.ar/propiedades/clasificado/vecltrin-lote-saavedra-vedia-al-2500-para-8649-m-sup2-58300610.html,2026-10-04
Saavedra,Chajarí 4300,171,290000,1696,748.33,388,usab 2,zonaprop,https://www.zonaprop.com.ar/propiedades/clasificado/vecltrin-lote-en-venta-usab2-corredor-doho-saavedra-60209072.html,2026-10-04
Saavedra,Quintana Al 4600,187,559000,2989,1215,460,,zonaprop,https://www.zonaprop.com.ar/propiedades/clasificado/vecltrin-lote-saavedra-quintana-al-4600-mucho-canje-56940278.html,2026-10-04
Saavedra,Estomba 4000,343,345000,1006,700,493,usab 2,zonaprop,https://www.zonaprop.com.ar/propiedades/clasificado/vecltrin-lote-saavedra-estomba-4000-para-875-m-sup2-56093529.html,2026-10-04
Saavedra,Plaza 4700,112,183000,1634,,,pb + 4,zonaprop,https://www.zonaprop.com.ar/propiedades/clasificado/vecltrin-venta-lote-saavedra-con-proyecto-aprobado-60104454.html,2026-10-04
Saavedra,Avenida General Paz 3000,314,369000,1175,,,,zonaprop,https://www.zonaprop.com.ar/propiedades/clasificado/vecltrin-venta-lote-saavedra-excelente-ubicacion-60061709.html,2026-10-04
Saavedra,Vedia 2500,398,1390000,3492,4862,286,,zonaprop,https://www.zonaprop.com.ar/propiedades/clasificado/vecltrin-lote-saavedra-vedia-al-2500-para-4862-m-sup2-50542560.html,2026-10-04
Saavedra,Mariano Acha 4800,126,285000,2262,,,usab 1,zonaprop,https://www.zonaprop.com.ar/propiedades/clasificado/vecltrin-excelente-lote-en-esquina-saavedra-580-m-vendibles-60208792.html,2026-10-04
Saavedra,Ruiz Huidobro Al 3800,347,519000,1496,1000,519,usab 2,zonaprop,https://www.zonaprop.com.ar/propiedades/clasificado/vecltrin-lote-saavedra-ruiz-huidobro-al-3800-para-1000-m-sup2-58464499.html,2026-10-04
Saavedra,Alfredo Guttero 3666,250,395000,1580,,,,zonaprop,https://www.zonaprop.com.ar/propiedades/clasificado/vecltrpa-lote-en-venta-en-excelente-ubicacion-barrio-parque-59423304.html,2026-10-04
Saavedra,Quintana 4435,236,410000,1737,702.75,583,,zonaprop,https://www.zonaprop.com.ar/propiedades/clasificado/vecltrpa-terreno-236-m-sup2--dueno-directo-832-m-sup2-60234790.html,2026-10-04
Villa Pueyrredon,Gavilan al 4800,150,260000,1733,983,264,usaa,zonaprop,https://www.zonaprop.com.ar/propiedades/clasificado/vecltrin-terreno-de-8.79-x-17.45-en-villa-pueyrredon-58583469.html,2026-10-04
Villa Pueyrredon,Albarellos al 2800,578,280000,484,,,,zonaprop,https://www.zonaprop.com.ar/propiedades/clasificado/vecltrin-casa-en-venta-con-deposito-taller-58284939.html,2026-10-04
Villa Pueyrredon,Condarco  al 4500,261,420000,1609,888,473,,zonaprop,https://www.zonaprop.com.ar/propiedades/clasificado/vecltrin-venta-terreno-en-villa-pueyrredon-60044427.html,2026-10-04
Villa Pueyrredon,Zamudio al 3900,264,295000,1117,700,421,usab 1,zonaprop,https://www.zonaprop.com.ar/propiedades/clasificado/vecltrin-terreno-en-agronomia-de-8-66-x-30-26-zonificacion-58898147.html,2026-10-04
Villa Pueyrredon,JOSE CUBAS 2100. Entre Av Constituyentes y Gavilan,113,260000,2301,785,331,,zonaprop,https://www.zonaprop.com.ar/propiedades/clasificado/vecltrin-venta-de-lote-8.66-x-19.52-en-villa-pueyrredon-56971573.html,2026-10-04
Villa Pueyrredon,"Bolivia 4333, C1419DTQ Cdad. Autónoma de Buenos Aires, Argentina, Villa Pueyrredón, Capital Federal, Argentina.",264,285000,1080,261.926,1088,,zonaprop,https://www.zonaprop.com.ar/propiedades/clasificado/vecltrin-terreno-con-3-ph-edificados-8.66x30.32-57606125.html,2026-10-04
Villa Pueyrredon,Larsen al 2300,131,275000,2099,,,pb + 7,zonaprop,https://www.zonaprop.com.ar/propiedades/clasificado/vecltrin-venta-terreno-villa-pueyrredon-60314800.html,2026-10-04
Villa Pueyrredon,Carlos Antonio López 2900,663,319000,481,663,481,usab 1,zonaprop,https://www.zonaprop.com.ar/propiedades/clasificado/vecltrin-venta-lote-de-terreno-en-villa-pueyrredon-49177063.html,2026-10-04
Villa Pueyrredon,Mosconi al 3500,640,1290000,2016,2850,453,usam 2,zonaprop,https://www.zonaprop.com.ar/propiedades/clasificado/vecltrin-venta-doble-lote-2850-m-vendibles-640-m-lote-usam-60281312.html,2026-10-04
Villa Pueyrredon,Nueva York al 2300,259,530000,2046,,,,zonaprop,https://www.zonaprop.com.ar/propiedades/clasificado/vecltrin-terreno-edificio-en-block-tres-plantas-sobre-lote-59233899.html,2026-10-04
Villa Pueyrredon,GABRIELA MISTRAL 3200. Entre Cuenca y Campana,356,400000,1124,,,Usab1,zonaprop,https://www.zonaprop.com.ar/propiedades/clasificado/vecltrin-lote-venta-villa-pueyrredon-58016115.html,2026-10-04
Villa Pueyrredon,Campana al 5000,250,290000,1160,13.75,21091,usab0,zonaprop,https://www.zonaprop.com.ar/propiedades/clasificado/vecltrin-terreno-en-villa-pueyrredon-de-8-66-x-28-78-58608480.html,2026-10-04
Villa Pueyrredon,Av. Del Fomentista al 3100,163,197000,1209,14.6,13493,usab 2,zonaprop,https://www.zonaprop.com.ar/propiedades/clasificado/vecltrin-lote-irregular-casa-a-la-venta-con-salida-a-dos-calles-56149704.html,2026-10-04
Villa Pueyrredon,Gabriela Mistral al 2400,590,690000,1169,1000,690,usab 1,zonaprop,https://www.zonaprop.com.ar/propiedades/clasificado/vecltrin-lote-13x45-usab-1-casa-5-ambientes-jardin-pileta-59788671.html,2026-10-04
Villa Pueyrredon,Obispo San Alberto  2981,305,315000,1033,650,485,usab 0,zonaprop,https://www.zonaprop.com.ar/propiedades/clasificado/vecltrin-terreno-8-66-x-35-17-m-usab-0-650-m-sup2-57459156.html,2026-10-04
Villa Pueyrredon,Gavilan al 4600,296,360000,1216,,,,zonaprop,https://www.zonaprop.com.ar/propiedades/clasificado/vecltrin-venta-de-local-terreno-en-villa-pueyrredon-59103554.html,2026-10-04
Villa Pueyrredon,José Cubas al 2700,336,300000,893,590,508,usab1,zonaprop,https://www.zonaprop.com.ar/propiedades/clasificado/vecltrin-terreno-en-villa-pueyrredon-59114750.html,2026-10-04
Villa Pueyrredon,Gavilan al 4400,170,240000,1412,680,353,usab 1,zonaprop,https://www.zonaprop.com.ar/propiedades/clasificado/vecltrin-lote-en-venta-700-m-sup2--construibles-56025513.html,2026-10-04
Villa Pueyrredon,Escobar al 2900,170,199000,1171,520,383,usab 1,zonaprop,https://www.zonaprop.com.ar/propiedades/clasificado/vecltrin-venta-casa-o-lote-8-66x19-66-usab-1-58075209.html,2026-10-04
Villa Pueyrredon,AV. NAZCA 5600. Entre Escobar y Larsen,226,360000,1593,,,,zonaprop,https://www.zonaprop.com.ar/propiedades/clasificado/vecltrin-lote-8.66-x-26.16-venta-villa-pueyrredon-55016434.html,2026-10-04
Villa Pueyrredon,HABANA 2200. Entre Caracas y Gavilan,356,270000,758,780,346,,zonaprop,https://www.zonaprop.com.ar/propiedades/clasificado/vecltrin-lote-venta-villa-pueyrredon-52835975.html,2026-10-04
Villa Pueyrredon,PEDRO MORAN 2200. Entre Caracas y Gavilan,338,320000,947,,,,zonaprop,https://www.zonaprop.com.ar/propiedades/clasificado/vecltrin-lote-venta-villa-pueyrredon-47195006.html,2026-10-04
Villa Pueyrredon,Bolivia 4300. Entre Habana y Jose Cubas,208,290000,1394,,,,zonaprop,https://www.zonaprop.com.ar/propiedades/clasificado/vecltrin-lote-venta-villa-pueyrredon-58207785.html,2026-10-04
Villa Pueyrredon,AV DE LOS CONSTITUYENTES 4700. Entre Av Mosconi y Carlos .a Lopez,260,280000,1077,,,,zonaprop,https://www.zonaprop.com.ar/propiedades/clasificado/vecltrin-lote-venta-villa-pueyrredon-55044845.html,2026-10-04
Villa Pueyrredon,CARLOS A LOPEZ 3000. Entre Agustin Alvarez y Argerich,155,200000,1290,370,541,,zonaprop,https://www.zonaprop.com.ar/propiedades/clasificado/vecltrin-reservado-ph-block-venta-villa-pueyrredon-55049095.html,2026-10-04
Villa Pueyrredon,Albarellos 2800,390,360000,923,483,745,usab 1,zonaprop,https://www.zonaprop.com.ar/propiedades/clasificado/vecltrin-venta-lote-villa-pueyrredon-57663228.html,2026-10-04
Villa Pueyrredon,Av. Mosconi al 2600,170,620000,3647,1000,620,usam,zonaprop,https://www.zonaprop.com.ar/propiedades/clasificado/vecltrin-local-en-lote-propio-sobre-lote-de-8-66-x-x20-zonif.-58732507.html,2026-10-04
Villa Pueyrredon,Av. Gral. Mosconi 2337,599,1520000,2538,,,,zonaprop,https://www.zonaprop.com.ar/propiedades/clasificado/vecltrin-terreno-en-venta-en-villa-pueyrredon-59330572.html,2026-10-04
Villa Pueyrredon,zamudio 4892,155,235000,1516,,,pb + 5,zonaprop,https://www.zonaprop.com.ar/propiedades/clasificado/vecltrin-venta-con-local-patio-y-terraza-en-villa-pueyrredon-59367847.html,2026-10-04
Villa Pueyrredon,Zamudio 5032,360,500000,1389,1696,295,usam,zonaprop,https://www.zonaprop.com.ar/propiedades/clasificado/vecltrin-venta-lote-10-mt-frente-usam-p.-b.-5-pisos-2-59210973.html,2026-10-04
Villa Pueyrredon,Gabriela Mistral 3000,357,300000,840,690,435,,zonaprop,https://www.zonaprop.com.ar/propiedades/clasificado/vecltrin-lote-8-66-x-41-23-vendibles-690-m-sup2--villa-60104142.html,2026-10-04
Villa Pueyrredon,Avenida de los Constituyentes al 5100,253,340000,1344,1161,293,usaa ,zonaprop,https://www.zonaprop.com.ar/propiedades/clasificado/vecltrin-terreno-en-venta-en-villa-pueyrredon-57317246.html,2026-10-04
Villa Pueyrredon,Zamudio al 4200,262,315000,1202,,,usab 1,zonaprop,https://www.zonaprop.com.ar/propiedades/clasificado/vecltrin-venta-lote-de-262-5-m-sup2--usab-1-en-villa-pueyrredon-59793983.html,2026-10-04
Villa Pueyrredon,Habana 2290,169,360000,2130,171.626,2098,usab 2,zonaprop,https://www.zonaprop.com.ar/propiedades/clasificado/vecltrin-terreno-en-villa-pueyrredon-60228991.html,2026-10-04
Villa Pueyrredon,Bazurco 2595,290,320000,1103,290,1103,usab 1,zonaprop,https://www.zonaprop.com.ar/propiedades/clasificado/vecltrin-lote-en-esquina-17-x-17-en-villa-pueyrredon-usab-1-60113169.html,2026-10-04
Villa Pueyrredon,Avenida de los Constituyentes 4700,200,380000,1900,,,,zonaprop,https://www.zonaprop.com.ar/propiedades/clasificado/vecltrin-lote-venta-villa-pueyrredon-1450-m-tot-incid-baja-60113544.html,2026-10-04
Villa Pueyrredon,Av. San Martin 6079,297,650000,2189,1900,342,usaa,zonaprop,https://www.zonaprop.com.ar/propiedades/clasificado/vecltrin-lote-av-san-martin-al-6000.-a-m-de-est.-libertador-52784533.html,2026-10-04
Villa Pueyrredon,Zamudio  al 4200,262,315000,1202,,,,zonaprop,https://www.zonaprop.com.ar/propiedades/clasificado/vecltrin-lote-en-venta-para-desarrollo-inmobiliario-villa-60259667.html,2026-10-04
Villa Pueyrredon,Jose Leon Cabezon 3300,392,330000,842,,,usab1,zonaprop,https://www.zonaprop.com.ar/propiedades/clasificado/vecltrin-gran-lote-de-8.66-x-45.27-usab1-12-m-altura-56505171.html,2026-10-04
Villa Pueyrredon,Constituyentes 5123,199,390000,1960,,,,zonaprop,https://www.zonaprop.com.ar/propiedades/clasificado/vecltrin-terreno-8.86x24-aprox.-usaalta-60282454.html,2026-10-04
Villa Pueyrredon,Vallejos 3000,225,240000,1067,483.6,496,,zonaprop,https://www.zonaprop.com.ar/propiedades/clasificado/vecltrin-vendo-lote-8.66-x-26-mt-en-villa-pueyrredon-calle-58579496.html,2026-10-04
Villa Pueyrredon,Nazca 5652,375,300000,800,,,usab 1,zonaprop,https://www.zonaprop.com.ar/propiedades/clasificado/vecltrin-lote-8-66-x-40-m-aprox-usab-1-58866545.html,2026-10-04
Villa Pueyrredon,José Cubas 2700,336,300000,893,590,508,usab 1,zonaprop,https://www.zonaprop.com.ar/propiedades/clasificado/vecltrin-terreno-de-8.23-x-41-superficie-edificable-654-56568377.html,2026-10-04
Villa Pueyrredon,Av. Salvador Maria Del Carril 2900,775,390000,503,,,,zonaprop,https://www.zonaprop.com.ar/propiedades/clasificado/vecltrin-venta-terreno.-8-66x38-89-59269255.html,2026-10-04
Villa Pueyrredon,Avenida Salvador María del Carril 2123,253,235000,929,395,595,Usab1,zonaprop,https://www.zonaprop.com.ar/propiedades/clasificado/vecltrin-terreno-253-m-sup2--s-av-estudio-de-prefactivilidad.-59556929.html,2026-10-04
Villa Pueyrredon,Carlos Antonio Lopez al 3500,123,229000,1862,,,usam ,zonaprop,https://www.zonaprop.com.ar/propiedades/clasificado/vecltrin-lote-terreno-venta-ex-e3-actual:-usam-59271960.html,2026-10-04
Villa Pueyrredon,Habana 3256,714,600000,840,,,usab 0,zonaprop,https://www.zonaprop.com.ar/propiedades/clasificado/vecltrin-doble-lote-en-una-excelente-ubicacion-17-30-x-41-m-56047896.html,2026-10-04
Villa Pueyrredon,Gavilán 4600,147,339000,2306,1053.74,322,pb + 7,zonaprop,https://www.zonaprop.com.ar/propiedades/clasificado/vecltrin-lote-venta-villa-pueyrredon-1050-m-sup2--vendibles-60058331.html,2026-10-04
Villa Pueyrredon,Bolivia,257,240000,934,,,usab 1,zonaprop,https://www.zonaprop.com.ar/propiedades/clasificado/vecltrin-lote-8-66-x-30-m-aprox-zonificacion-usab-1-56830240.html,2026-10-04
Villa Pueyrredon,Gavilán 4600,305,440000,1443,,,,zonaprop,https://www.zonaprop.com.ar/propiedades/clasificado/vecltrin-venta-terreno-59714103.html,2026-10-04
Villa Pueyrredon,Gabriela Mistral 2751,400,370000,925,,,,zonaprop,https://www.zonaprop.com.ar/propiedades/clasificado/vecltrin-lote-terreno-7-pisos-por-enrase-en-villa-pueyrredon-58708655.html,2026-10-04
Villa Pueyrredon,Av. Gral. Mosconi 2648,469,800000,1706,,,,zonaprop,https://www.zonaprop.com.ar/propiedades/clasificado/vecltrin-terreno-en-villa-pueyrredon-para-construir-60150008.html,2026-10-04
Villa Pueyrredon,Terrada 5100,523,500000,956,1911,262,usab 1,zonaprop,https://www.zonaprop.com.ar/propiedades/clasificado/vecltrin-venta-terreno-villa-pueyrredon-extenso-60136747.html,2026-10-04
Villa Pueyrredon,Griveo 2112,233,450000,1931,1600,281,usaa,zonaprop,https://www.zonaprop.com.ar/propiedades/clasificado/vecltrin-importante-esquina-apto-8-pisos-2-retiros-57914816.html,2026-10-04
Villa Pueyrredon,Gabriela Mistral al 2700,400,370000,925,,,usab 1,zonaprop,https://www.zonaprop.com.ar/propiedades/clasificado/vecltrin-lote-de-8-66-x-45-50-m-usab-1-villa-pueyrredon-58795763.html,2026-10-04
Villa Pueyrredon,Habana 2200,356,270000,758,650,415,,zonaprop,https://www.zonaprop.com.ar/propiedades/clasificado/vecltrin-venta-lote-en-v.-pueyrredon-a-2-cuadras-de-58983612.html,2026-10-04
Villa Pueyrredon,Caracas,360,320000,889,,,,zonaprop,https://www.zonaprop.com.ar/propiedades/clasificado/vecltrin-terreno-en-venta-en-villa-pueyrredon.-caracas-4760-60151872.html,2026-10-04
Villa Pueyrredon,Vallejos 2930,242,220000,909,,,usab 0,zonaprop,https://www.zonaprop.com.ar/propiedades/clasificado/vecltrin-lote-8-66x28-a-m-de-nazca-usab-0-60121987.html,2026-10-04
Villa Pueyrredon,Ezeiza 2782,221,250000,1131,,,,zonaprop,https://www.zonaprop.com.ar/propiedades/clasificado/vecltrin-venta-en-block-lote-8-66-x-25-m-4-unidades-sin-59989992.html,2026-10-04
Villa Pueyrredon,Helguera 4900,242,239000,988,416,575,usab 0,zonaprop,https://www.zonaprop.com.ar/propiedades/clasificado/vecltrin-excelente-lote-en-el-barrio-de-villa-pueyrredon.-zona-59855202.html,2026-10-04
Villa Pueyrredon,GRIVEO 2112,233,450000,1931,1600,281,usaa,zonaprop,https://www.zonaprop.com.ar/propiedades/clasificado/vecltrin-lote-15-36-x-16-villa-pueyrredon-51363750.html,2026-10-04
Villa Pueyrredon,Jose Leon Cabezon 2300,167,359000,2150,1233,291,,zonaprop,https://www.zonaprop.com.ar/propiedades/clasificado/vecltrin-lote-villa-pueyrredon-j.-l.-cabezon-al-2300-p-1233-55409126.html,2026-10-04
Villa Pueyrredon,Gavilan 4600,298,540000,1812,1380,391,,zonaprop,https://www.zonaprop.com.ar/propiedades/clasificado/vecltrin-lote-villa-pueyrredon-gavilan-al-4600-51777720.html,2026-10-04
Villa Pueyrredon,Avenida Salvador María del Carril 3100,224,275000,1228,685,401,,zonaprop,https://www.zonaprop.com.ar/propiedades/clasificado/vecltrin-venta-lote-villa-pueyrredon-60192863.html,2026-10-04
Caballito,Yerbal al 800,1300,580000,446,,,,zonaprop,https://www.zonaprop.com.ar/propiedades/clasificado/vecltrin-terreno-en-venta-en-caballito-sur-60007568.html,2026-10-04
Caballito,General Venancio Flores 0,433,425000,982,1200,354,usab2,zonaprop,https://www.zonaprop.com.ar/propiedades/clasificado/vecltrin-venta-terreno-caballito-norte-lote-940-m-vendibles-60124054.html,2026-10-04
Caballito,Rosario al 700,149,650000,4362,,,,zonaprop,https://www.zonaprop.com.ar/propiedades/clasificado/vecltrin-terreno-en-caballito-53230474.html,2026-10-04
Caballito,Mendez de Andes al 1800,268,540000,2015,100,5400,pb + 7,zonaprop,https://www.zonaprop.com.ar/propiedades/clasificado/vecltrin-terreno-en-flores-norte-venta-limite-caballito-60112079.html,2026-10-04
Caballito,Viel al 200,300,980000,3267,,,,zonaprop,https://www.zonaprop.com.ar/propiedades/clasificado/vecltrin-terreno-inmejorable-ubicacion-en-la-mejor-zona-de-56614521.html,2026-10-04
Caballito,Condarco al 800,421,499000,1185,257.5,1938,usam,zonaprop,https://www.zonaprop.com.ar/propiedades/clasificado/vecltrin-terreno-flores-excelente-ubicacion-y-oportunidad-60125856.html,2026-10-04
Caballito,Rosario 600,168,760000,4524,1805,421,cm,zonaprop,https://www.zonaprop.com.ar/propiedades/clasificado/vecltrin-terreno-lote-en-venta-en-caballito-capital-federal-59529171.html,2026-10-04
Caballito,Juan Jose Biedma 55,1021,2800000,2742,,,,zonaprop,https://www.zonaprop.com.ar/propiedades/clasificado/vecltrin-terreno-venta-caballito-59376811.html,2026-10-04
Caballito,Av. Gaona al 1700,299,590000,1973,1917,308,pb + 7,zonaprop,https://www.zonaprop.com.ar/propiedades/clasificado/vecltrin-terreno-en-venta-en-caballito-59771096.html,2026-10-04
Caballito,Emilio Mitre al 500,408,1120000,2745,1800,622,usaa7,zonaprop,https://www.zonaprop.com.ar/propiedades/clasificado/vecltrin-terreno-en-caballito-sur-para-1800-m-sup2--vendibles-59036066.html,2026-10-04
Caballito,"MALVINAS ARGENTINAS 400. Entre Directorio, avda. y Bonifacio, jose",234,710000,3034,,,,zonaprop,https://www.zonaprop.com.ar/propiedades/clasificado/vecltrin-venta-lote-en-caballito-55505504.html,2026-10-04
Caballito,J.b.ambrosetti  al 900,270,595000,2204,1289,462,pb + 4,zonaprop,https://www.zonaprop.com.ar/propiedades/clasificado/vecltrin-terreno-en-caballito-60046079.html,2026-10-04
Caballito,Hidalgo 900,168,590000,3512,,,usaa,zonaprop,https://www.zonaprop.com.ar/propiedades/clasificado/vecltrin-terreno-con-planos-aprobados-9-pisos.-caballito.-60160406.html,2026-10-04
Caballito,Valle al 800,436,740000,1697,933,793,usam 2,zonaprop,https://www.zonaprop.com.ar/propiedades/clasificado/vecltrin-terreno-en-venta-en-caballito.-lote-de-8.66-x-35-58859035.html,2026-10-04
Caballito,Morelos al 400,273,398000,1458,934,426,,zonaprop,https://www.zonaprop.com.ar/propiedades/clasificado/vecltrin-lote-propio-de-8.66x31.53-m-en-morelos-al-400-a-57329336.html,2026-10-04
Caballito,Donato Álvarez al 1500,245,350000,1429,1191,294,,zonaprop,https://www.zonaprop.com.ar/propiedades/clasificado/vecltrin-terreno-en-venta-en-donato-alvarez-al-1500-53446546.html,2026-10-04
Caballito,Espinosa 100,198,890000,4495,1159,768,cm,zonaprop,https://www.zonaprop.com.ar/propiedades/clasificado/vecltrin-terreno-caballito-venta-efectivo-m-sup2--60099293.html,2026-10-04
Caballito,Almte. F. J Seguí  al 500,475,550000,1158,,,usab 2,zonaprop,https://www.zonaprop.com.ar/propiedades/clasificado/vecltrin-excelente-lote-en-inmejorable-ubicacion-de-caballito-60089333.html,2026-10-04
Caballito,Paysandu al 1900,613,750000,1223,,,usam,zonaprop,https://www.zonaprop.com.ar/propiedades/clasificado/vecltrin-excelente-terreno-en-paternal-lideres-en-terrenos-59206019.html,2026-10-04
Caballito,Espinosa 75,198,950000,4798,2376,400,,zonaprop,https://www.zonaprop.com.ar/propiedades/clasificado/vecltrin-terreno-en-caballito-59863639.html,2026-10-04
Caballito,Hidalgo al 900,1250,599000,479,,,,zonaprop,https://www.zonaprop.com.ar/propiedades/clasificado/vecltrin-terreno-en-caballito-con-planos-aprobados!-1250-58950757.html,2026-10-04
Caballito,Guayaquil al 500,933,420000,450,10033,42,usaa ,zonaprop,https://www.zonaprop.com.ar/propiedades/clasificado/vecltrin-venta-terreno-usaa-746-m-sup2--vendibles-10-pisos-59639662.html,2026-10-04
Caballito,Manuel Trelles al 1000,142,250000,1761,926,270,,zonaprop,https://www.zonaprop.com.ar/propiedades/clasificado/vecltrin-lote-de-142-m-sup2--en-trelles-y-av-gaona-a-60212638.html,2026-10-04
Caballito,Gaona AV. al 2500,386,720000,1865,,,usaa,zonaprop,https://www.zonaprop.com.ar/propiedades/clasificado/vecltrin-excelente-terreno-en-av-gaona-2500-lideres-en-59909442.html,2026-10-04
Caballito,Martin de Gainza 300,232,328500,1416,,,pb + 7,zonaprop,https://www.zonaprop.com.ar/propiedades/clasificado/vecltrin-terreno-lote-en-venta-en-caballito-capital-federal-59529154.html,2026-10-04
Caballito,Craig al 700,289,349000,1208,850,411,,zonaprop,https://www.zonaprop.com.ar/propiedades/clasificado/vecltrin-lote-de-8.66x33.37-en-craig-al-700-850-m-sup2--a-57948736.html,2026-10-04
Caballito,Morelos al 400,101,200000,1980,564,355,,zonaprop,https://www.zonaprop.com.ar/propiedades/clasificado/vecltrin-lote-de-8.60x11.74-m-en-morelos-y-av-avellaneda-58743424.html,2026-10-04
Caballito,Paysandu al 1600,338,590000,1746,1439,410,,zonaprop,https://www.zonaprop.com.ar/propiedades/clasificado/vecltrin-lote-de-8.66x39-m-en-paysandu-al-1600-a-construir-58195372.html,2026-10-04
Caballito,Victor Martinez al 200,384,1100000,2865,8.68,126728,usam,zonaprop,https://www.zonaprop.com.ar/propiedades/clasificado/vecltrin-venta-de-terreno-de-8-x-41-usam-en-caballito-59106067.html,2026-10-04
Caballito,Malvinas Argentinas al 300,300,1300000,4333,1709,761,usaa,zonaprop,https://www.zonaprop.com.ar/propiedades/clasificado/vecltrin-venta-de-lote-de-8.60-x-35.40-usaa-en-caballito-59106063.html,2026-10-04
Caballito,Apolinario figueroa 1300,372,360000,968,760,474,,zonaprop,https://www.zonaprop.com.ar/propiedades/clasificado/vecltrin-terreno-lote-en-venta-ubicado-en-caballito-capital-48027614.html,2026-10-04
Caballito,Yerbal al 1044,162,490000,3025,1300,377,cm,zonaprop,https://www.zonaprop.com.ar/propiedades/clasificado/vecltrin-terreno-para-1300-m-sup2--vend-no-da-hacia-el-tren-59908467.html,2026-10-04
Caballito,Av. Diaz Velez al 5100,533,800000,1501,1861,430,usam 4,zonaprop,https://www.zonaprop.com.ar/propiedades/clasificado/vecltrin-oportunidad-terreno-edificable-en-venta-en-caballito-59465839.html,2026-10-04
Caballito,Riglos al 500,223,840000,3767,,,usaa ,zonaprop,https://www.zonaprop.com.ar/propiedades/clasificado/vecltrin-venta-terreno-en-caballito-59661006.html,2026-10-04
Caballito,Tres Arroyos al 1300,239,267000,1117,459,582,usab1,zonaprop,https://www.zonaprop.com.ar/propiedades/clasificado/vecltrin-lote-en-venta-tres-arroyos-1319-caballito-59209735.html,2026-10-04
Caballito,Malvinas Argentinas 300,300,1300000,4333,1628,799,usaa2,zonaprop,https://www.zonaprop.com.ar/propiedades/clasificado/vecltrin-excelente-terreno-de-8.66x34.64-en-lo-mejor-de-60284214.html,2026-10-04
Caballito,Avenida Gaona 1500,203,390000,1921,1400,279,,zonaprop,https://www.zonaprop.com.ar/propiedades/clasificado/vecltrin-lote-de-terreno-para-emprendimiento-60064420.html,2026-10-04
Caballito,Víctor Martínez 238,352,1100000,3125,1400,786,pb + 5,zonaprop,https://www.zonaprop.com.ar/propiedades/clasificado/vecltrin-venta-lote-352-m-sup2--caballito-sur-8-66x41-m-p-1400-58415604.html,2026-10-04
Caballito,Dr. Eleodoro Lobos al 200,806,850000,1055,3037.8,280,usab1,zonaprop,https://www.zonaprop.com.ar/propiedades/clasificado/vecltrin-terreno-en-caballito-doble-frente-y-gran-fondo-17.3-x-59047796.html,2026-10-04
Caballito,Directorio Av. 900,97,425000,4381,956,445,,zonaprop,https://www.zonaprop.com.ar/propiedades/clasificado/vecltrin-terreno-lote-en-venta-en-caballito-capital-federal-60316014.html,2026-10-04
Caballito,Bacacay 600,186,380000,2043,,,usaa,zonaprop,https://www.zonaprop.com.ar/propiedades/clasificado/vecltrin-caballito-lote-a-200-m-rivadavia-y-150-acoyte-60079628.html,2026-10-04
Caballito,Acoyte al 1200,130,430000,3308,,,,zonaprop,https://www.zonaprop.com.ar/propiedades/clasificado/vecltrin-terreno-en-venta-caballito-60315741.html,2026-10-04
Caballito,Fragata Presidente Sarmiento 1400,481,400000,832,,,,zonaprop,https://www.zonaprop.com.ar/propiedades/clasificado/vecltrin-excelente-terreno-en-venta-8.71-m-x-55-m-para-58872231.html,2026-10-04
Caballito,AV. DIRECTORIO 400. Entre Beauchef y Av. Jose M. Moreno,807,1150000,1425,2054,560,pb + 10,zonaprop,https://www.zonaprop.com.ar/propiedades/clasificado/vecltrin-lote.-av-directorio-al-400-47538409.html,2026-10-04
Caballito,JUAN BAUTISTA ALBERDI 286. Entre Viel y Doblas,1577,585000,371,1577,371,pb + 11,zonaprop,https://www.zonaprop.com.ar/propiedades/clasificado/vecltrin-venta-de-lote-en-caballito-sur-59470199.html,2026-10-04
Caballito,Arengreen 624,124,335000,2702,,,usaa ,zonaprop,https://www.zonaprop.com.ar/propiedades/clasificado/vecltrin-arengreen-624-terreno-en-venta-822-m-sup2-58575227.html,2026-10-04
Caballito,Viel al 800,271,980000,3616,,,pb +7,zonaprop,https://www.zonaprop.com.ar/propiedades/clasificado/vecltrin-terreno-emplazado-en-el-barrio-de-caballito-sobre-la-59334454.html,2026-10-04
Caballito,Yerbal al 1600,592,1200000,2027,3840,312,usaa ,zonaprop,https://www.zonaprop.com.ar/propiedades/clasificado/vecltrin-yerbal-1601-53230223.html,2026-10-04
Caballito,Formosa 54,349,1050000,3009,2979.1,352,cm,zonaprop,https://www.zonaprop.com.ar/propiedades/clasificado/vecltrin-terreno-en-caballito-para-desarrollo-residencial-y-57898034.html,2026-10-04
Caballito,Sor Juana Inés de la Cruz 1400,221,230000,1041,,,usab1,zonaprop,https://www.zonaprop.com.ar/propiedades/clasificado/vecltrin-lote-8-66-x-25-53-usab1-plaza-irlanda-caballito-60115514.html,2026-10-04
Caballito,"AV Donato Alvarez 1689, Casi AV.  J, B, Justo",220,370000,1682,1500,247,usam ,zonaprop,https://www.zonaprop.com.ar/propiedades/clasificado/vecltrin-terreno-en-caballito-59933715.html,2026-10-04
Caballito,Av. Donato Álvarez al 1500,245,350000,1429,1191,294,,zonaprop,https://www.zonaprop.com.ar/propiedades/clasificado/vecltrin-excelente-lote-apto-emprendimiento-59144218.html,2026-10-04
Caballito,Bogota al 2000,1600,480000,300,,,,zonaprop,https://www.zonaprop.com.ar/propiedades/clasificado/vecltrin-lote-en-venta-c-proyecto-caballito-ferro-excelente-60277732.html,2026-10-04
Caballito,Cnel. Ramon Falcon 1400,120,236000,1967,995,237,pb + 10,zonaprop,https://www.zonaprop.com.ar/propiedades/clasificado/vecltrin-caballito-lote-para-desarrollo-pb-10-pisos-2-60074243.html,2026-10-04
Caballito,Valentin Virasoro  al 900,308,820000,2662,1454,564,,zonaprop,https://www.zonaprop.com.ar/propiedades/clasificado/vecltrin-terreno-en-caballito-57262533.html,2026-10-04
Caballito,Acoyte 867,180,600000,3333,,,,zonaprop,https://www.zonaprop.com.ar/propiedades/clasificado/vecltrin-caballito-lote-en-acoyte-para-construir-pb-10-pisos-58637640.html,2026-10-04
Caballito,Valentín Virasoro 1080,260,550000,2115,1280,430,,zonaprop,https://www.zonaprop.com.ar/propiedades/clasificado/vecltrin-venta-lote-barrio-caballito-residencial-premiun-59160783.html,2026-10-04
Caballito,Neuquén 1016,588,750000,1276,2972,252,Pb + 4,zonaprop,https://www.zonaprop.com.ar/propiedades/clasificado/vecltrin-lote-doble-frente-en-caballito-p-2.972-m-sup2--baja-59613505.html,2026-10-04
Caballito,JOSE MARIA MORENO 700. Entre Bonifacio y Av directorio,330,920000,2788,2080,442,,zonaprop,https://www.zonaprop.com.ar/propiedades/clasificado/vecltrin-venta-de-lote-en-caballito-54116416.html,2026-10-04
Caballito,Hidalgo 700,1533,900000,587,1533,587,usaa,zonaprop,https://www.zonaprop.com.ar/propiedades/clasificado/vecltrin-vendibles-1533-m-sup2--y-salida-a-2-calles-57063848.html,2026-10-04
Caballito,Valentín Virasoro 700,1533,900000,587,1533,587,usaa,zonaprop,https://www.zonaprop.com.ar/propiedades/clasificado/vecltrin-vendibles-1533-m-sup2--y-salida-a-2-calles-57063790.html,2026-10-04
Caballito,Acoyte al 1200,397,700000,1763,1256,557,,zonaprop,https://www.zonaprop.com.ar/propiedades/clasificado/vecltrin-venta-de-lote-1256-m-sup2--vendibles.-excelente-59294865.html,2026-10-04
Caballito,Fragata Presidente Sarmiento 1100,1880,2400000,1277,,,,zonaprop,https://www.zonaprop.com.ar/propiedades/clasificado/vecltrin-terreno-lote-en-venta-en-caballito-capital-federal-59410626.html,2026-10-04
Caballito,Valentin Virasoro  al 1000,259,650000,2510,1276,509,pb + 4 + 2,zonaprop,https://www.zonaprop.com.ar/propiedades/clasificado/vecltrin-venta-terreno-en-caballito-58029212.html,2026-10-04
Caballito,"BEAUCHEF 756. Entre Av Pedro Goyena y Bonifacio, Jose",252,950000,3770,2251,422,usaa,zonaprop,https://www.zonaprop.com.ar/propiedades/clasificado/vecltrin-lote.-beauchef-al-700-58118631.html,2026-10-04
Caballito,Bogota  al 300,117,480000,4103,2.56,187500,,zonaprop,https://www.zonaprop.com.ar/propiedades/clasificado/vecltrin-casa-en-caballito-58584081.html,2026-10-04
Caballito,Av. Directorio  al 400,259,750000,2896,2143,350,pb + 10,zonaprop,https://www.zonaprop.com.ar/propiedades/clasificado/vecltrin-terreno-en-venta-en-caballito-apto-desarrollo-59913666.html,2026-10-04
Caballito,Yerbal al 1600,600,1550000,2583,3880,399,,zonaprop,https://www.zonaprop.com.ar/propiedades/clasificado/vecltrin-terreno-en-venta-sobre-la-calle-yerbal-con-planos-57399497.html,2026-10-04
Caballito,Bogota al 300,135,549000,4067,1312,418,,zonaprop,https://www.zonaprop.com.ar/propiedades/clasificado/vecltrin-lote-de-8.84x15.27-m-en-bogota-al-300-a-construir-59467457.html,2026-10-04
Caballito,Apolinario Figueroa 1837,1100,1150000,1045,,,,zonaprop,https://www.zonaprop.com.ar/propiedades/clasificado/vecltrin-terreno-en-venta-en-caballito-59094298.html,2026-10-04
Caballito,Nicasio Oroño 0,323,999000,3093,,,,zonaprop,https://www.zonaprop.com.ar/propiedades/clasificado/vecltrin-venta-de-lote-en-caballito-para-desarrollo-59913950.html,2026-10-04
Caballito,Valentín Virasoro 721,109,290000,2661,828,350,usaa 3,zonaprop,https://www.zonaprop.com.ar/propiedades/clasificado/vecltrin-terreno-en-venta-en-caballito-58846115.html,2026-10-04
Caballito,Cnel. Ramón L. Falcón Cercano a Av. Carabobo,350,800000,2286,,,usaa ,zonaprop,https://www.zonaprop.com.ar/propiedades/clasificado/vecltrin-venta-terreno-en-cnel.-ramon-l.-falcon-cercano-a-av-59996714.html,2026-10-04
Caballito,"Vallese, Felipe  al 500",239,1100000,4603,,,pb + 10,zonaprop,https://www.zonaprop.com.ar/propiedades/clasificado/vecltrin-excelente-terreno-en-caballito-lideres-en-terrenos-59842957.html,2026-10-04
Caballito,Segui 331,270,300000,1111,2068,145,,zonaprop,https://www.zonaprop.com.ar/propiedades/clasificado/vecltrin-venta-terreno-caballito-permuta-lote-60052531.html,2026-10-04
Caballito,Avenida Teniente General Donato Álvarez e/ Tres Arroyos y Dr. Luis Beláustegui,244,350000,1434,,,,zonaprop,https://www.zonaprop.com.ar/propiedades/clasificado/vecltrin-terreno-en-venta-244-m-sup2--caballito-59871668.html,2026-10-04
Caballito,"Biedma, Juan Jose 100. Entre Av Rivadavia y Yerbal",1038,2800000,2697,,,,zonaprop,https://www.zonaprop.com.ar/propiedades/clasificado/vecltrin-venta-lote-apto-desarrollo-doble-frente-caballito-56517150.html,2026-10-04
Caballito,Av. Juan Bautista Alberdi al 2100,205,450000,2195,1383,325,pb + 10,zonaprop,https://www.zonaprop.com.ar/propiedades/clasificado/vecltrin-terreno-en-venta-en-flores-alberdi-2100-55891956.html,2026-10-04
Caballito,"Alberdi, Juan Bautista AV.  al 300",332,550000,1657,,,,zonaprop,https://www.zonaprop.com.ar/propiedades/clasificado/vecltrin-excelente-terreno-en-caballito-lideres-en-terrenos-59207573.html,2026-10-04
Caballito,Juan B. Ambrosetti  800,225,490000,2178,988,496,,zonaprop,https://www.zonaprop.com.ar/propiedades/clasificado/vecltrin-ambrosetti-800-excelente-lote-225-m-sup2--vend.988-57775017.html,2026-10-04
Caballito,Beauchef 200,153,750000,4902,,,,zonaprop,https://www.zonaprop.com.ar/propiedades/clasificado/vecltrin-venta-lote-terreno-caballito-1230-m-sup2--vendibles-60140382.html,2026-10-04
Caballito,Avenida Directorio 1600,515,1150000,2233,3119.34,369,pb + 10,zonaprop,https://www.zonaprop.com.ar/propiedades/clasificado/vecltrin-venta-lote-terreno-caballito-3119-m-sup2--vendibles-60076508.html,2026-10-04
Caballito,Ramon Falcon al 1800,175,930000,5314,,,,zonaprop,https://www.zonaprop.com.ar/propiedades/clasificado/vecltrin-venta-proyecto-de-edificio-de-viviendas-con-planos-59516962.html,2026-10-04
Caballito,Malvinas Argentinas al 400,233,710000,3047,,,,zonaprop,https://www.zonaprop.com.ar/propiedades/clasificado/vecltrin-venta-terreno-de-8.66-m-x-27.02-m-planta-baja-9-58898159.html,2026-10-04
Caballito,Ampere al 800,307,450000,1466,,,,zonaprop,https://www.zonaprop.com.ar/propiedades/clasificado/vecltrin-terreno-en-caballito-58424018.html,2026-10-04
Caballito,Av. Cobo al 600,125,149000,1192,,,usam,zonaprop,https://www.zonaprop.com.ar/propiedades/clasificado/vecltrin-av-cobo-600-local-en-lote-propio-terreno-usam-acepta-60278617.html,2026-10-04
Caballito,Juan B. Ambrosetti al 800,227,485000,2137,,,usam ,zonaprop,https://www.zonaprop.com.ar/propiedades/clasificado/vecltrin-terreno-en-venta-en-caballito-zonificacion-u.-s.-a.-59508411.html,2026-10-04
Caballito,FELIPEVALLESE,588,720000,1224,,,,zonaprop,https://www.zonaprop.com.ar/propiedades/clasificado/vecltrin-lotes-en-venta-caballito-57406109.html,2026-10-04
Caballito,Nicasio Oroño 97,250,395000,1580,,,,zonaprop,https://www.zonaprop.com.ar/propiedades/clasificado/vecltrin-terreno-en-importante-esquina-del-barrio-de-caballito-59215714.html,2026-10-04
Caballito,Rio de Janeiro  al 200,1150,1600000,1391,,,,zonaprop,https://www.zonaprop.com.ar/propiedades/clasificado/vecltrin-terreno-en-venta-en-caballito-rio-de-janeiro-al-200-59327843.html,2026-10-04
Caballito,Ramos Mejia al 600,147,370000,2517,740,500,usam ,zonaprop,https://www.zonaprop.com.ar/propiedades/clasificado/vecltrin-terreno-en-caballito-59891599.html,2026-10-04
Caballito,Espinosa 916,216,270000,1250,,,,zonaprop,https://www.zonaprop.com.ar/propiedades/clasificado/vecltrin-excelente-terreno-sobre-lote-propio-en-zona-57519637.html,2026-10-04
Caballito,AVENIDA EVA PERON 1000,142,450000,3169,,,,zonaprop,https://www.zonaprop.com.ar/propiedades/clasificado/vecltrin-terreno-lote-en-venta-ubicado-en-parque-chacabuco-47762023.html,2026-10-04
Caballito,Otamendi 100,1258,680000,541,,,,zonaprop,https://www.zonaprop.com.ar/propiedades/clasificado/vecltrin-terreno-urbano-en-venta-en-parque-rivadavia-59161762.html,2026-10-04
Caballito,AV PEDRO GOYENA 254,300,1700000,5667,1900,895,,zonaprop,https://www.zonaprop.com.ar/propiedades/clasificado/vecltrin-venta-lote-comercial-local.-pedro-goyena-200.-59692078.html,2026-10-04
Caballito,Guayaquil 30. Entre Av la plata y Senillosa,87,400000,4598,441,907,usaa ,zonaprop,https://www.zonaprop.com.ar/propiedades/clasificado/vecltrin-caballito-lote-edificable-guayaquil-30-usaa-87-59247951.html,2026-10-04
Caballito,Calle Doctor Juan F. Aranguren 328,153,320000,2092,,,,zonaprop,https://www.zonaprop.com.ar/propiedades/clasificado/vecltrin-aranguren-328.-lote-de-6.61-x-22.80.-casa-59517655.html,2026-10-04
Caballito,Eduardo Acevedo 212,196,259900,1326,,,,zonaprop,https://www.zonaprop.com.ar/propiedades/clasificado/vecltrin-venta-lote-caballito-parque-rivadavia-para-realizar-59050754.html,2026-10-04
Caballito,GAONA 1600,389,890000,2288,5210,171,pb + 7,zonaprop,https://www.zonaprop.com.ar/propiedades/clasificado/vecltrin-terreno-en-venta-en-caballito-58208691.html,2026-10-04
Caballito,Avenida José María Moreno 700,478,990000,2071,2953,335,cm,zonaprop,https://www.zonaprop.com.ar/propiedades/clasificado/vecltrin-lote-en-venta-ideal-desarrollo-av-j.-m.-moreno-60264452.html,2026-10-04
Caballito,Otamendi 100,1258,680000,541,,,,zonaprop,https://www.zonaprop.com.ar/propiedades/clasificado/vecltrin-terreno-urbano-en-venta-en-parque-rivadavia-59278751.html,2026-10-04
Caballito,"Antezana al 400: Terreno de 8.7 x 10.78 Sup. Vendible 819,70 M2.-",93,350000,3763,,,,zonaprop,https://www.zonaprop.com.ar/propiedades/clasificado/vecltrin-terreno-en-caballito:-8-70-x-10-78.-se-puede-construir-57654466.html,2026-10-04
Caballito,Angel Gallardo 974. Entre Valentin Virasoro y Olaya,187,850000,4545,1800,472,,zonaprop,https://www.zonaprop.com.ar/propiedades/clasificado/vecltrin-venta-de-lote-apto-desarrollo-55966898.html,2026-10-04
Caballito,Avenida Avellaneda 1125,450,1300000,2889,,,,zonaprop,https://www.zonaprop.com.ar/propiedades/clasificado/vecltrin-lote-para-desarrollo-caballito-59893036.html,2026-10-04
Caballito,Fragata Pres. Sarmiento,806,700000,868,534.31,1310,,zonaprop,https://www.zonaprop.com.ar/propiedades/clasificado/vecltrin-terreno-en-venta-caballito-56499379.html,2026-10-04
Caballito,"ARAOZ ALFARO GREGORIO, DR. 200. Entre Campichuelo y Lobos, Eleodoro, Dr.",520,320000,615,702,456,usab0,zonaprop,https://www.zonaprop.com.ar/propiedades/clasificado/vecltrin-lote.-araoz-alfaro-gregorio-dr.-al-200-59866081.html,2026-10-04
Caballito,Achával 200,328,640000,1951,,,,zonaprop,https://www.zonaprop.com.ar/propiedades/clasificado/vecltrin-venta-casona-sobre-lote-propio-con-jardin-y-potencial-59316334.html,2026-10-04
Caballito,Otamendi 100,1258,680000,541,,,,zonaprop,https://www.zonaprop.com.ar/propiedades/clasificado/vecltrin-terreno-urbano-en-venta-en-parque-lezica-caballito-59299295.html,2026-10-04
Caballito,Virasoro al 900,308,750000,2435,2500,300,usaa ,zonaprop,https://www.zonaprop.com.ar/propiedades/clasificado/vecltrin-venta-lote-terreno-parque-centenario-caballito-58809128.html,2026-10-04
Caballito,Castillo al 135,307,750000,2443,,,,zonaprop,https://www.zonaprop.com.ar/propiedades/clasificado/vecltrin-nuevo-valor-importante-terreno-59019754.html,2026-10-04
Caballito,Fragata Presidente Sarmiento 1100,1880,2400000,1277,,,,zonaprop,https://www.zonaprop.com.ar/propiedades/clasificado/vecltrin-terreno-en-venta-caballito-norte-59671147.html,2026-10-04
Caballito,Avenida Rivadavia 5900,617,1500000,2431,,,,zonaprop,https://www.zonaprop.com.ar/propiedades/clasificado/vecltrin-caballito-petit-hotel-617-m-sup2--lote-13x48-56171908.html,2026-10-04
Caballito,Av. Dr. Honorio Puyrredón 1076,255,850000,3333,,,,zonaprop,https://www.zonaprop.com.ar/propiedades/clasificado/vecltrin-lote-8-7x30-p-1653-m-sup2--vendibles!-cid-campeador-56657904.html,2026-10-04
Caballito,Mendez de Andes al 1800 Esquina Calcena,1570,1990000,1268,6500,306,,zonaprop,https://www.zonaprop.com.ar/propiedades/clasificado/vecltrin-venta-terreno-con-renta-en-flores-caballito-58288482.html,2026-10-04
Caballito,Senillosa 400,220,700000,3182,,,usaa ,zonaprop,https://www.zonaprop.com.ar/propiedades/clasificado/vecltrin-espectacular-terreno-en-caballito.-excelente-58939936.html,2026-10-04
Caballito,Yerbal 820,250,550000,2200,174,3161,,zonaprop,https://www.zonaprop.com.ar/propiedades/clasificado/vecltrin-excelente-lote-8-27-x-21-06-c.-m-pb-mas-10-pisos-59907525.html,2026-10-04
Caballito,Rio de Janeiro al 300,1290,450000,349,337.4,1334,usaa2,zonaprop,https://www.zonaprop.com.ar/propiedades/clasificado/vecltrin-rio-de-janeiro-300-lote-propio-apto-930-m-sup2-57713522.html,2026-10-04
Caballito,Av. Rivadavia al 4000,912,1180000,1294,3574.6,330,,zonaprop,https://www.zonaprop.com.ar/propiedades/clasificado/vecltrin-excelente-lote-con-locales-comerciales-en-av-rivadavia-58594151.html,2026-10-04
Caballito,ALBERDI JUAN BAUTISTA AV. 300,338,535000,1583,,,usam,zonaprop,https://www.zonaprop.com.ar/propiedades/clasificado/vecltrin-lote-en-caballiuto-apto-1.200-m-sup2-60303162.html,2026-10-04
Caballito,Bogota al 800,875,1490000,1703,,,,zonaprop,https://www.zonaprop.com.ar/propiedades/clasificado/vecltrin-unico-terreno-a-m-del-club-ferro-59842398.html,2026-10-04
Caballito,Yapeyú 452,1300,1200000,923,,,,zonaprop,https://www.zonaprop.com.ar/propiedades/clasificado/vecltrin-terreno-en-venta-caballito-58847193.html,2026-10-04
Caballito,VALLE 739,178,420000,2360,,,usab 2,zonaprop,https://www.zonaprop.com.ar/propiedades/clasificado/vecltrin-magnifico-lote-de-terreno-55522547.html,2026-10-04
Caballito,"BELAUSTEGUI, LUIS DR. 1223. Entre Paysandú y Fragata Pte. Sarmiento",168,250000,1488,,,,zonaprop,https://www.zonaprop.com.ar/propiedades/clasificado/vecltrin-lote.-belaustegui-luis-dr.-1223-59195144.html,2026-10-04
Caballito,Avenida Avellaneda 1541,540,1099000,2035,2245,490,,zonaprop,https://www.zonaprop.com.ar/propiedades/clasificado/vecltrin-lote-de-terreno-caballito-10x54-3070-m-construibles-59242051.html,2026-10-04
Caballito,Videla Castillo al 800,152,229000,1507,,,usab 0,zonaprop,https://www.zonaprop.com.ar/propiedades/clasificado/vecltrin-terreno-en-venta-en-caballito-56432594.html,2026-10-04
Caballito,Avenida Juan Bautista Alberdi 1200,328,1500000,4573,3388,443,,zonaprop,https://www.zonaprop.com.ar/propiedades/clasificado/vecltrin-venta-lote-ideal-desarrollo-av-alberdi-caballito-60220606.html,2026-10-04
Caballito,Bacacay al 900,190,280000,1474,,,,zonaprop,https://www.zonaprop.com.ar/propiedades/clasificado/vecltrin-bacacay-al-900-caballito-cap-fed-lote-en-venta-43158368.html,2026-10-04
Caballito,Bogota al 800,875,1500000,1714,,,,zonaprop,https://www.zonaprop.com.ar/propiedades/clasificado/vecltrin-venta-de-terreno-en-caballito-57965814.html,2026-10-04
Caballito,Avenida Rivadavia 5928,337,800000,2374,1755,456,,zonaprop,https://www.zonaprop.com.ar/propiedades/clasificado/vecltrin-lote-sobre-av-zonificacion-c.-a.-c3i-2737-m.-59325667.html,2026-10-04
Caballito,Colpayo 83,254,890000,3504,2887,308,,zonaprop,https://www.zonaprop.com.ar/propiedades/clasificado/vecltrin-lote-en-caballito-zona-muy-buscada-por-desarrolladoras-57966799.html,2026-10-04
Caballito,Valentin Virasoro al 800,316,630000,1994,1700,371,,zonaprop,https://www.zonaprop.com.ar/propiedades/clasificado/vecltrin-terreno-en-caballito-60313786.html,2026-10-04
Caballito,Doblas 167-173,137,500000,3650,,,,zonaprop,https://www.zonaprop.com.ar/propiedades/clasificado/vecltrin-venta-lote-doblas-caballito-56920178.html,2026-10-04
Caballito,Miró 480,138,680000,4928,,,,zonaprop,https://www.zonaprop.com.ar/propiedades/clasificado/vecltrin-lote-miro-al-400-59190081.html,2026-10-04
Caballito,Guayaquil  al 800,205,270000,1317,,,usab 2,zonaprop,https://www.zonaprop.com.ar/propiedades/clasificado/vecltrin-deposito-en-caballito-58741014.html,2026-10-04
Caballito,Nicasio Oroño 1652,446,320000,717,1720,186,usam ,zonaprop,https://www.zonaprop.com.ar/propiedades/clasificado/vecltrin-gran-terreno-lote-en-caballito-de-7.80-x-57.31-muy-59908795.html,2026-10-04
Caballito,Apolinario Figueroa  al 200,319,338000,1060,1094,309,usab 2,zonaprop,https://www.zonaprop.com.ar/propiedades/clasificado/vecltrin-terreno-villa-crespo-usab-2-8-88-m-x-35-90-m-de-59717377.html,2026-10-04
Caballito,PASAJE CRAIG 786,108,295000,2731,524,563,,zonaprop,https://www.zonaprop.com.ar/propiedades/clasificado/vecltrin-lote-en-venta-en-craig-al-700-caballito-sur-59838495.html,2026-10-04
Caballito,Yerbal al 500,1046,3900000,3728,6300,619,,zonaprop,https://www.zonaprop.com.ar/propiedades/clasificado/vecltrin-venta-lote-terreno-en-caballito-57990147.html,2026-10-04
Caballito,AV. Donato Alvarez 1739,385,690000,1792,1300,531,,zonaprop,https://www.zonaprop.com.ar/propiedades/clasificado/vecltrin-terreno-sobre-av-donato-alvarez-casi-esquina-juan-b-56329869.html,2026-10-04
Caballito,Avenida José María Moreno 300,172,850000,4942,1498,567,pb + 10,zonaprop,https://www.zonaprop.com.ar/propiedades/clasificado/vecltrin-lote-de-172-m-sup2--en-caballito-1.498-m-sup2-60288008.html,2026-10-04
Caballito,AV. Donato Alvarez 1515,683,1090000,1596,3915,278,,zonaprop,https://www.zonaprop.com.ar/propiedades/clasificado/vecltrin-oportunidad-unica-para-desarrolladores-lote-apto-58703766.html,2026-10-04
Caballito,VALLE 100,290,520000,1793,960,542,,zonaprop,https://www.zonaprop.com.ar/propiedades/clasificado/vecltrin-960-m-sup2--vendibles-valle-y-senillosa-lote-en-60180033.html,2026-10-04
Caballito,AV. Rivadavia 6116,380,1200000,3158,3132,383,pb + 12,zonaprop,https://www.zonaprop.com.ar/propiedades/clasificado/vecltrin-terreno-sobre-av-rivadavia-al-6100-en-venta-en-56329829.html,2026-10-04
Caballito,donato alvarez 1514,245,350000,1429,,,,zonaprop,https://www.zonaprop.com.ar/propiedades/clasificado/vecltrin-lote.-donato-alvarez-al-1500-56721235.html,2026-10-04
Caballito,"AV Donato Alvarez 1689, Casi AV.  J, B, Justo",220,370000,1682,,,,zonaprop,https://www.zonaprop.com.ar/propiedades/clasificado/vecltrin-terreno-en-caballito-57701572.html,2026-10-04
Caballito,José Bonifacio al 100,332,720000,2169,1270,567,usam,zonaprop,https://www.zonaprop.com.ar/propiedades/clasificado/vecltrin-lote-en-venta-caballito-57233197.html,2026-10-04
Caballito,Avenida Directorio 900,238,650000,2731,1724.2,377,,zonaprop,https://www.zonaprop.com.ar/propiedades/clasificado/vecltrin-lote-esquina-premium-en-caballito-sur-60279801.html,2026-10-04
Caballito,Hidalgo 400,180,450000,2500,1154,390,Pb + 7,zonaprop,https://www.zonaprop.com.ar/propiedades/clasificado/vecltrin-caballito.-lote-en-venta.-sup-vendible-58329728.html,2026-10-04
Caballito,Avenida San Martín 1300,250,500000,2000,1825,274,,zonaprop,https://www.zonaprop.com.ar/propiedades/clasificado/vecltrin-terreno-250-m-sup2--u83-us4-1400-m-sup2--vendibles-60274874.html,2026-10-04
Caballito,Jose Marmol al 300,207,375000,1812,418,897,,zonaprop,https://www.zonaprop.com.ar/propiedades/clasificado/vecltrin-lote-en-venta-a-2-cuadras-de-av-la-plata-y-3-de-av-59690877.html,2026-10-04
Caballito,Otamendi 100,1258,680000,541,,,,zonaprop,https://www.zonaprop.com.ar/propiedades/clasificado/vecltrin-terreno-urbano-en-venta-en-parque-rivadavia-59279264.html,2026-10-04
Caballito,Virasoro 800,316,630000,1994,1200,525,,zonaprop,https://www.zonaprop.com.ar/propiedades/clasificado/vecltrin-terreno-en-caballito-8.66-x-36-57646616.html,2026-10-04
Caballito,Valle 1500,98,849000,8663,1276,665,,zonaprop,https://www.zonaprop.com.ar/propiedades/clasificado/vecltrin-lote-caballito-sur-valle-1500-para-1276-m-sup2-58131757.html,2026-10-04
Caballito,VALENTIN VIRASORO 900,306,740000,2418,,,,zonaprop,https://www.zonaprop.com.ar/propiedades/clasificado/vecltrin-terreno-en-venta-en-caballito-50637418.html,2026-10-04
Caballito,Puan 200,259,779000,3008,1600,487,,zonaprop,https://www.zonaprop.com.ar/propiedades/clasificado/vecltrin-lote-caballito-sur-puan-200-para-1596-m-sup2-59255160.html,2026-10-04
Caballito,Doblas Al 900,387,949000,2452,2211,429,,zonaprop,https://www.zonaprop.com.ar/propiedades/clasificado/vecltrin-lote-caballito-sur-doblas-900-muy-cerca-de-pedro-50938692.html,2026-10-04
Caballito,Valle 100,239,849000,3552,1500,566,,zonaprop,https://www.zonaprop.com.ar/propiedades/clasificado/vecltrin-lote-caballito-sur-valle-al-100-para-1500-m-sup2-55318038.html,2026-10-04
Caballito,Eduardo acevedo 0,1050,550000,524,1050,524,,zonaprop,https://www.zonaprop.com.ar/propiedades/clasificado/vecltrin-terreno-en-venta-ubicado-en-caballito-capital-60311626.html,2026-10-04
Caballito,DIAZ VELEZ 5200,175,1500000,8571,2080,721,,zonaprop,https://www.zonaprop.com.ar/propiedades/clasificado/vecltrin-terreno-en-venta-en-caballito-56608284.html,2026-10-04
Caballito,Jose Bonifacio 900,193,590000,3057,1248,473,,zonaprop,https://www.zonaprop.com.ar/propiedades/clasificado/vecltrin-lote-caballito-sur-jose-bonifacio-p-1248-m-sup2-58595615.html,2026-10-04
Caballito,VALENTIN VIRASORO 800,346,690000,1994,,,,zonaprop,https://www.zonaprop.com.ar/propiedades/clasificado/vecltrin-terreno-en-venta-en-caballito-53302199.html,2026-10-04
Caballito,Riglos 800,475,900000,1895,1864,483,,zonaprop,https://www.zonaprop.com.ar/propiedades/clasificado/vecltrin-terreno-campo-en-venta-en-caballito-capital-federal-60211110.html,2026-10-04
Caballito,"Morelos 300, Caballito, Capital Federal, Argentina.",180,219000,1217,,,,zonaprop,https://www.zonaprop.com.ar/propiedades/clasificado/vecltrin-morelos-300!-terreno-para-edificio-56182229.html,2026-10-04
Caballito,EDUARDO ACEVEDO 0,195,750000,3846,1050,714,usaa ,zonaprop,https://www.zonaprop.com.ar/propiedades/clasificado/vecltrin-terreno-en-venta-en-caballito-50637424.html,2026-10-04
Caballito,MALVINAS ARGENTINAS 300,306,1300000,4248,1709,761,Usaa,zonaprop,https://www.zonaprop.com.ar/propiedades/clasificado/vecltrin-terreno-en-venta-en-caballito-60219693.html,2026-10-04
Caballito,Colpayo al 100,254,890000,3504,2887,308,,zonaprop,https://www.zonaprop.com.ar/propiedades/clasificado/vecltrin-venta-terreno-en-caballito.-9.59-x-26.49-corredor-57481339.html,2026-10-04
Caballito,Beauchef 600,337,779000,2312,1560,499,,zonaprop,https://www.zonaprop.com.ar/propiedades/clasificado/vecltrin-lote-caballito-sur-beauchef-600-para-1560-m-sup2-58595604.html,2026-10-04
Caballito,Valle 100,179,599000,3346,1588,377,,zonaprop,https://www.zonaprop.com.ar/propiedades/clasificado/vecltrin-lote-caballito-sur-valle-90-para-1588-m-sup2-58131746.html,2026-10-04
Caballito,DIAZ VELEZ 5200,1287,3600000,2797,,,,zonaprop,https://www.zonaprop.com.ar/propiedades/clasificado/vecltrin-terreno-en-venta-en-caballito-50637630.html,2026-10-04
Caballito,VALENTIN VIRASORO 800,316,690000,2184,,,,zonaprop,https://www.zonaprop.com.ar/propiedades/clasificado/vecltrin-terreno-en-venta-en-caballito-52297542.html,2026-10-04
Caballito,Mendez De Andes 700,215,549900,2558,650,846,,zonaprop,https://www.zonaprop.com.ar/propiedades/clasificado/vecltrin-lote-caballito-norte-mendez-de-andes-700-51387631.html,2026-10-04
Caballito,VALLE,244,900000,3689,1550,581,,zonaprop,https://www.zonaprop.com.ar/propiedades/clasificado/vecltrin-terreno-8-66x28-valle-al-400-47182957.html,2026-10-04
Caballito,Bogota Al 400,129,649900,5038,1574,413,usam,zonaprop,https://www.zonaprop.com.ar/propiedades/clasificado/vecltrin-lote-caballito-norte-bogota-400-para-1574-m-sup2-54795950.html,2026-10-04
Caballito,"Neuquén 2100, C1406FOL Cdad. Autónoma de Buenos Aires, Argentina, Caballito, Capital Federal, Argentina.",1200,490000,408,1150,426,,zonaprop,https://www.zonaprop.com.ar/propiedades/clasificado/vecltrin-lote-flores-apto1150-m-sup2--cocheras-se-aceptan-55585332.html,2026-10-04
Caballito,Hortiguera 600,229,869000,3795,1695,513,,zonaprop,https://www.zonaprop.com.ar/propiedades/clasificado/vecltrin-lote-caballito-sur-hortiguera-600-cerca-de-pedro-53445018.html,2026-10-04
Caballito,Morelos 500,169,389000,2302,1235,315,,zonaprop,https://www.zonaprop.com.ar/propiedades/clasificado/vecltrin-lote-caballito-norte-morelos-500-para-1235-m-sup2-51527699.html,2026-10-04
Caballito,Neuquen 900,475,799000,1682,1900,421,usab 2,zonaprop,https://www.zonaprop.com.ar/propiedades/clasificado/vecltrin-caballito-neuquen-al-900-doble-frente-usab-2-para-50155502.html,2026-10-04
Caballito,Doblas 892,124,700000,5645,,,,zonaprop,https://www.zonaprop.com.ar/propiedades/clasificado/vecltrin-venta-lote-terreno.-doblas-800-900.-caballito.-caba-55785024.html,2026-10-04
Caballito,Senillosa Al 900,359,999999,2786,2400,417,,zonaprop,https://www.zonaprop.com.ar/propiedades/clasificado/vecltrin-caballito-sur-senillosa-al-900-cerca-de-boca-de-55052449.html,2026-10-04
Caballito,Bogota Al 900,189,490000,2593,1000,490,usaa,zonaprop,https://www.zonaprop.com.ar/propiedades/clasificado/vecltrin-terrenol-caballito-bogota-al-900-para-1000-m-sup2-44935620.html,2026-10-04
Caballito,Avellaneda 300,145,280000,1931,758,369,,zonaprop,https://www.zonaprop.com.ar/propiedades/clasificado/vecltrin-venta-lote-avellaneda-300-caballito-59911111.html,2026-10-04
Caballito,Emilio Mitre 600,397,849000,2139,2138,397,,zonaprop,https://www.zonaprop.com.ar/propiedades/clasificado/vecltrin-lote-caballito-sur-emilio-mitre-al-600-para-2138-56688529.html,2026-10-04
Caballito,"AVENIDA JUAN B JUSTO 4200. Entre Nicasio OroÑo y Segui, F.",179,280000,1564,,,usaa ,zonaprop,https://www.zonaprop.com.ar/propiedades/clasificado/vecltrin-lote.-av-juan-b-justo-4200-60193618.html,2026-10-04
Caballito,Hidalgo Al 200,349,690000,1977,3125,221,,zonaprop,https://www.zonaprop.com.ar/propiedades/clasificado/vecltrin-lote-caballito-norte-hidalgo-al-200-plano-aprobado-55409334.html,2026-10-04
Caballito,Avenida Pedro Goyena 1400,145,2000000,13793,,,,zonaprop,https://www.zonaprop.com.ar/propiedades/clasificado/vecltrin-venta-de-lote-de-145-m-sup2--en-caballito-59930309.html,2026-10-04
Caballito,Donato Alvarez Al 1500,260,790000,3038,1493,529,usam,zonaprop,https://www.zonaprop.com.ar/propiedades/clasificado/vecltrin-lote-caballito-norte-donato-alvarez-al-1500-para-51307982.html,2026-10-04
Caballito,AV PEDRO GOYENA 1400. Entre Hortiguera y Puan,1422,1950000,1371,1556,1253,usaa,zonaprop,https://www.zonaprop.com.ar/propiedades/clasificado/vecltrin-lote.-av-pedro-goyena-al-1400-60045236.html,2026-10-04
Caballito,RODRIGUEZ MANUEL 1800,232,350000,1509,,,,zonaprop,https://www.zonaprop.com.ar/propiedades/clasificado/vecltrin-terreno-en-venta-en-caballito-56185614.html,2026-10-04
Caballito,Av. Avellaneda 400,179,549000,3067,1017,540,,zonaprop,https://www.zonaprop.com.ar/propiedades/clasificado/vecltrin-lote-caballito-norte-av-avellaneda-400-para-1017-57613237.html,2026-10-04
Caballito,Valentin Virasoro Al 900,249,650000,2610,,,,zonaprop,https://www.zonaprop.com.ar/propiedades/clasificado/vecltrin-lote-caballito-valentin-virasoro-al-900-mucho-canje-51978479.html,2026-10-04
Caballito,Av Rivadavia 6200,503,1600000,3181,3179.2,503,,zonaprop,https://www.zonaprop.com.ar/propiedades/clasificado/vecltrin-vta-av-rivadavia-6200-2-locales-3343-m-sup2-60195887.html,2026-10-04
Caballito,"Méndez de Andés 1600, C1406FUD Cdad. Autónoma de Buenos Aires, Argentina, Caballito, Capital Federal, Argentina.",227,410000,1806,,,,zonaprop,https://www.zonaprop.com.ar/propiedades/clasificado/vecltrin-lote-en-venta-caballito-58514449.html,2026-10-04
Caballito,Valle 900,329,1299000,3948,1936,671,,zonaprop,https://www.zonaprop.com.ar/propiedades/clasificado/vecltrin-lote-caballito-sur-valle-900-vista-muy-abierta-al-55318021.html,2026-10-04
Caballito,Nicasio Oroño 600,240,475000,1979,238.778,1989,,zonaprop,https://www.zonaprop.com.ar/propiedades/clasificado/vecltrin-lote-9-x-26-56-excelente-ubicacion-60169578.html,2026-10-04
Caballito,Emilio Mitre 500,399,1100000,2757,1600,688,usaa,zonaprop,https://www.zonaprop.com.ar/propiedades/clasificado/vecltrin-venta.-permuta.-terreno.-1600-mt.-emilio-mitre-500.-59889889.html,2026-10-04
Caballito,Av. Gaona 1600,295,650000,2203,2103,309,pb + 7,zonaprop,https://www.zonaprop.com.ar/propiedades/clasificado/vecltrin-venta-lote-sup-295-m-sup2--gaona-1600-59910971.html,2026-10-04
Caballito,Av. Directorio al 1100,200,1200000,6000,,,,zonaprop,https://www.zonaprop.com.ar/propiedades/clasificado/vecltrin-venta-terreno-en-caballito-con-planos-aprobados-57648500.html,2026-10-04
Villa Crespo,Humboldt al 300,83,300000,3614,625,480,,zonaprop,https://www.zonaprop.com.ar/propiedades/clasificado/vecltrin--planos-aprobados-lote-propio-de-8.10x10.25-m-en-60087872.html,2026-10-04
Villa Crespo,Pringles al 1200,950,1000000,1053,2200,455,usaa ,zonaprop,https://www.zonaprop.com.ar/propiedades/clasificado/vecltrin-terreno-en-villa-crespo-57430846.html,2026-10-04
Villa Crespo,Gral. Manuel A Rodriguez 2154,436,590000,1353,,,,zonaprop,https://www.zonaprop.com.ar/propiedades/clasificado/vecltrin-excelente-terreno-en-venta-en-villa-crespo!-54135077.html,2026-10-04
Villa Crespo,Darwin  al 200,112,300000,2679,840,357,pb + 7,zonaprop,https://www.zonaprop.com.ar/propiedades/clasificado/vecltrin-propiedad-para-demoler-ideal-proyecto-constructor-59477476.html,2026-10-04
Villa Crespo,Camargo al 900,378,720000,1905,,,usaa,zonaprop,https://www.zonaprop.com.ar/propiedades/clasificado/vecltrin-excelente-terreno-en-villa-crespo-lideres-en-59207656.html,2026-10-04
Villa Crespo,Ramirez de Velazco al 800,186,440000,2366,,,usab2,zonaprop,https://www.zonaprop.com.ar/propiedades/clasificado/vecltrin-ramirez-de-velazco-855-53230402.html,2026-10-04
Villa Crespo,Jufre y Uriarte,1217,4600000,3780,8817.8,522,pb+5,zonaprop,https://www.zonaprop.com.ar/propiedades/clasificado/vecltrin-venta-5-lotes-en-esquina-villa-crespo-8.800-58525429.html,2026-10-04
Villa Crespo,Juan Ramirez de Velasco al 500,265,650000,2453,,,pb + 7,zonaprop,https://www.zonaprop.com.ar/propiedades/clasificado/vecltrin-excelente-terreno-en-villa-crespo!-a-m-de-scalabrini-59630501.html,2026-10-04
Villa Crespo,Aguirre al 1000 | Lote Ideal Inversor. 1150 mts Edificables.,286,450000,1573,,,usam ,zonaprop,https://www.zonaprop.com.ar/propiedades/clasificado/vecltrin-terreno-lote-en-villa-crespo-para-desarrollo-60303245.html,2026-10-04
Villa Crespo,Serrano al 400,689,3000000,4354,,,cm,zonaprop,https://www.zonaprop.com.ar/propiedades/clasificado/vecltrin-serrano-al-400-terreno-en-venta-villa-crespo-59459982.html,2026-10-04
Villa Crespo,Estado De Israel 4700,220,899000,4086,,,,zonaprop,https://www.zonaprop.com.ar/propiedades/clasificado/vecltrin-terreno-villa-crespo-venta-59569148.html,2026-10-04
Villa Crespo,Aguirre 769,777,1700000,2188,2111,805,pb + 4,zonaprop,https://www.zonaprop.com.ar/propiedades/clasificado/vecltrin-aguirre-al-700-villa-crespo-importante-propiedad-58921201.html,2026-10-04
Villa Crespo,ROCAMORA 4327. Entre Pringles y Estado de palestina,264,490000,1856,1836,267,pb + 5,zonaprop,https://www.zonaprop.com.ar/propiedades/clasificado/vecltrin-venta-de-lote-villa-crespo-58329937.html,2026-10-04
Villa Crespo,Juan B. Justo al 2800,334,599000,1793,,,,zonaprop,https://www.zonaprop.com.ar/propiedades/clasificado/vecltrin-juan-b.-justo-2896-terreno-lote-en-venta-en-villa-58943263.html,2026-10-04
Villa Crespo,Padilla  al 1000,234,440000,1880,1160,379,usab2,zonaprop,https://www.zonaprop.com.ar/propiedades/clasificado/vecltrin-oportunidad-lote-con-inc-454-usd-m-sup2--en-villa-59558712.html,2026-10-04
Villa Crespo,Juan B Justo 2195,216,1200000,5556,2328,515,pb + 5,zonaprop,https://www.zonaprop.com.ar/propiedades/clasificado/vecltrin-lote-villa-crespo-59447181.html,2026-10-04
Villa Crespo,Humboldt 300,83,290000,3494,,,,zonaprop,https://www.zonaprop.com.ar/propiedades/clasificado/vecltrin-terreno-lote-en-venta-en-villa-crespo-capital-59715154.html,2026-10-04
Villa Crespo,Gurrachaga 600,157,548000,3490,1350,406,usaa ,zonaprop,https://www.zonaprop.com.ar/propiedades/clasificado/vecltrin-terreno-venta-villa-crespo-59802036.html,2026-10-04
Villa Crespo,MARTINEZ ROSAS 1037. Entre Av. juan b justo y Thames,272,440000,1618,2676,164,usaa,zonaprop,https://www.zonaprop.com.ar/propiedades/clasificado/vecltrin-venta-de-lote-villa-crespo-58329863.html,2026-10-04
Villa Crespo,LAVALLEJA 124/126. Entre Camargo y Luis maria drago,236,550000,2331,1500,367,pb + 7,zonaprop,https://www.zonaprop.com.ar/propiedades/clasificado/vecltrin-venta-lote-villa-crespo-60099074.html,2026-10-04
Villa Crespo,Castillo al 700,206,410000,1990,680,603,,zonaprop,https://www.zonaprop.com.ar/propiedades/clasificado/vecltrin-lote-de-8.66x23.77-m-en-castillo-al-700-a-construir-59696280.html,2026-10-04
Villa Crespo,Paysandu al 1600,338,590000,1746,1439,410,,zonaprop,https://www.zonaprop.com.ar/propiedades/clasificado/vecltrin-lote-de-8.66x39-m-en-paysandu-al-1600-a-construir-58195384.html,2026-10-04
Villa Crespo,Pringles  al 1200,106,560000,5283,,,pb + 10,zonaprop,https://www.zonaprop.com.ar/propiedades/clasificado/vecltrin-excelente-terreno-en-villa-crespo-lideres-en-59810114.html,2026-10-04
Villa Crespo,"Avenida Raúl Scalabrini Ortiz 700, Villa Crespo",260,949900,3653,1531,620,,zonaprop,https://www.zonaprop.com.ar/propiedades/clasificado/vecltrin-villa-crespo-venta-terreno-edificio-58993482.html,2026-10-04
Villa Crespo,Padilla 600,216,550000,2546,1392,395,usaa,zonaprop,https://www.zonaprop.com.ar/propiedades/clasificado/vecltrin-venta-terreno-superficie-vendible-1392-padilla-59660743.html,2026-10-04
Villa Crespo,Acevedo 800,159,299950,1886,613,489,Usab 2,zonaprop,https://www.zonaprop.com.ar/propiedades/clasificado/vecltrin-venta-terreno-villa-crespo-8-62-x-18-m-usab2-59587867.html,2026-10-04
Villa Crespo,Acevedo al 1000,230,570000,2478,1150,496,pb + 5,zonaprop,https://www.zonaprop.com.ar/propiedades/clasificado/vecltrin-acevedo-entre-jufre-y-lerma-villa-crespo-terreno-59507465.html,2026-10-04
Villa Crespo,Juan Ramírez de Velasco 900,135,580000,4296,,,,zonaprop,https://www.zonaprop.com.ar/propiedades/clasificado/vecltrin-lote-en-venta-villa-crespo-8-m-sup2--ancho-x-17-60070135.html,2026-10-04
Villa Crespo,Jufré 200,310,640000,2065,,,,zonaprop,https://www.zonaprop.com.ar/propiedades/clasificado/vecltrin-venta-terreno-8-13x39-20-m-sup2--jufre-al-200-e-j.-48216974.html,2026-10-04
Villa Crespo,Nicasio Oroño  2400,303,500000,1650,1100,455,usam ,zonaprop,https://www.zonaprop.com.ar/propiedades/clasificado/vecltrin-terreno-en-venta-en-el-barrio-villa-crespo-60138338.html,2026-10-04
Villa Crespo,Ferrari,132,250000,1894,445,562,pb + 5,zonaprop,https://www.zonaprop.com.ar/propiedades/clasificado/vecltrin-terreno-en-villa-crespo-excelente-ubicacion-ideal-59815714.html,2026-10-04
Villa Crespo,Gral Manuel Rodriguez al 1800,407,450000,1106,2035,221,usaa ,zonaprop,https://www.zonaprop.com.ar/propiedades/clasificado/vecltrin-lote-8.70-x-46.7-apto-para-desarrolo-de-2050-m-sup2-59146806.html,2026-10-04
Villa Crespo,Camargo 200,1879,550000,293,1460,377,,zonaprop,https://www.zonaprop.com.ar/propiedades/clasificado/vecltrin-venta-lote-en-villa-crespo-8-64-x-25-50-edif-7-pisos-59784041.html,2026-10-04
Villa Crespo,Araoz al 1000,194,550000,2835,,,,zonaprop,https://www.zonaprop.com.ar/propiedades/clasificado/vecltrin-lote-en-villa-crespo-exclente-ubicacion-8-x-25-m!-56318945.html,2026-10-04
Villa Crespo,Olaya 1639,416,320000,769,185,1730,,zonaprop,https://www.zonaprop.com.ar/propiedades/clasificado/vecltrin-terreno-de-8-66x48-desarrollo-de-4-pisos-amplios-58499994.html,2026-10-04
Villa Crespo,Serrano 1010,346,730000,2110,,,,zonaprop,https://www.zonaprop.com.ar/propiedades/clasificado/vecltrin-excelente-lote-de-terreno-en-villa-crespo-58922863.html,2026-10-04
Villa Crespo,HIDALGO 1705. Entre Galicia,117,330000,2821,,,,zonaprop,https://www.zonaprop.com.ar/propiedades/clasificado/vecltrin-lote-en-esquina-3-pisos-en-block-59578442.html,2026-10-04
Villa Crespo,Lerma 300,240,850000,3542,,,usaa,zonaprop,https://www.zonaprop.com.ar/propiedades/clasificado/vecltrin-terreno-villa-crespo-55102760.html,2026-10-04
Villa Crespo,GURRUCHAGA 649. Entre Vera y Juan ramirez de velasco,216,499000,2310,1770,282,usaa ,zonaprop,https://www.zonaprop.com.ar/propiedades/clasificado/vecltrin-venta-lote-zonificacion-usaa-villa-crespo-58285310.html,2026-10-04
Villa Crespo,Vera 1327,155,390000,2516,1314,297,pb + 9,zonaprop,https://www.zonaprop.com.ar/propiedades/clasificado/vecltrin-lote-en-venta-en-villa-crespo-con-plano-unico-aprobado-59440331.html,2026-10-04
Villa Crespo,"CAMARGO 157. Entre Lavalleja y Frias, Eustaquio",240,695000,2896,,,usaa ,zonaprop,https://www.zonaprop.com.ar/propiedades/clasificado/vecltrin-lote.-camargo-al-100-57852827.html,2026-10-04
Villa Crespo,Martínez Rosas 1000,222,400000,1802,222,1802,usaa,zonaprop,https://www.zonaprop.com.ar/propiedades/clasificado/vecltrin-lote-en-venta-en-villa-crespo-60120837.html,2026-10-04
Villa Crespo,Humboldt 20,143,285000,1993,,,usam,zonaprop,https://www.zonaprop.com.ar/propiedades/clasificado/vecltrin-excelente-terreno-en-villa-crespo-lideres-en-59207744.html,2026-10-04
Villa Crespo,Serrano al 100,193,400000,2073,,,usaa,zonaprop,https://www.zonaprop.com.ar/propiedades/clasificado/vecltrin-excelente-terreno-en-villa-crespo-lideres-en-59589139.html,2026-10-04
Villa Crespo,Murillo al 1000,198,750000,3788,,,,zonaprop,https://www.zonaprop.com.ar/propiedades/clasificado/vecltrin-murillo-1086-58227895.html,2026-10-04
Villa Crespo,Jufré y Thames,216,649000,3005,,,,zonaprop,https://www.zonaprop.com.ar/propiedades/clasificado/vecltrin-terreno-doble-en-venta-216-m-sup2--villa-crespo-59249674.html,2026-10-04
Villa Crespo,Jufré e/ Uriarte y Thames,316,646000,2044,,,,zonaprop,https://www.zonaprop.com.ar/propiedades/clasificado/vecltrin-terreno-en-venta-316-m-villa-crespo-59961430.html,2026-10-04
Villa Crespo,Scalabrini Ortiz al 600,266,720000,2707,1974,365,,zonaprop,https://www.zonaprop.com.ar/propiedades/clasificado/vecltrin-venta-terreno-9x30-m-sup2--en-villa-crespo-59341925.html,2026-10-04
Villa Crespo,Fitz Roy 700,270,300000,1111,850,353,usab2,zonaprop,https://www.zonaprop.com.ar/propiedades/clasificado/vecltrin-terreno-lote-en-venta-en-villa-crespo-capital-57609837.html,2026-10-04
Villa Crespo,araoz 832,255,540000,2118,1285,420,pb + 7,zonaprop,https://www.zonaprop.com.ar/propiedades/clasificado/vecltrin-venta-lote-en-araoz-800.-villa-crespo-50120982.html,2026-10-04
Villa Crespo,Avenida Dorrego  al 200,250,399000,1596,1720,232,usam,zonaprop,https://www.zonaprop.com.ar/propiedades/clasificado/vecltrin-terreno-en-villa-crespo-54066308.html,2026-10-04
Villa Crespo,Vera 1147,371,645000,1739,2100,307,,zonaprop,https://www.zonaprop.com.ar/propiedades/clasificado/vecltrin-terreno-en-villa-crespo-53844679.html,2026-10-04
Villa Crespo,Casafoust 730,100,225000,2250,605,372,,zonaprop,https://www.zonaprop.com.ar/propiedades/clasificado/vecltrin-lote-en-venta-paternal-usos-3-con-proyecto-aprobado!-59944454.html,2026-10-04
Villa Crespo,Juan Ramirez de Velasco 1161,446,590000,1323,,,usam,zonaprop,https://www.zonaprop.com.ar/propiedades/clasificado/vecltrin-unico-lote-en-venta-51-m!-de-fondo-villa-crespo-56043310.html,2026-10-04
Villa Crespo,Darwin y Padilla,200,330000,1650,22.8,14474,,zonaprop,https://www.zonaprop.com.ar/propiedades/clasificado/vecltrin-terreno-en-venta-excelente-ubicacion-en-villa-crespo-59602785.html,2026-10-04
Villa Crespo,Avenida Juan B. Justo 3174,251,580000,2311,,,,zonaprop,https://www.zonaprop.com.ar/propiedades/clasificado/vecltrin-excelente.-terreno.-para-desarrollo-inmobiliario-59772743.html,2026-10-04
Villa Crespo,Darwin al 200,198,290000,1465,1298.05,223,usaa ,zonaprop,https://www.zonaprop.com.ar/propiedades/clasificado/vecltrin-terreno-en-villa-crespo-a-la-venta-59028532.html,2026-10-04
Villa Crespo,Aguirre al 1100,246,380000,1545,1192.78,319,,zonaprop,https://www.zonaprop.com.ar/propiedades/clasificado/vecltrin-terreno-en-villa-crespo-57978736.html,2026-10-04
Villa Crespo,CUCHA CUCHA 1788,153,450000,2941,1260,357,,zonaprop,https://www.zonaprop.com.ar/propiedades/clasificado/vecltrin-cucha-cucha-1788-41016176.html,2026-10-04
Villa Crespo,Malabia  al 1700,381,2000000,5249,,,,zonaprop,https://www.zonaprop.com.ar/propiedades/clasificado/vecltrin-local-en-venta-lote-propio-8.66-x-44-malabia-y-55392281.html,2026-10-04
Villa Crespo,Acevedo 975,163,320000,1963,613,522,usab 2,zonaprop,https://www.zonaprop.com.ar/propiedades/clasificado/vecltrin-venta-terreno-lote-villa-crespo-8-62-x-19-m-sup2-57525204.html,2026-10-04
Villa Crespo,juan b justo 3361,440,840000,1909,2200,382,,zonaprop,https://www.zonaprop.com.ar/propiedades/clasificado/vecltrin-juan-b-justo-3361-lote-p-contruir-2200-51022279.html,2026-10-04
Villa Crespo,Jufre al 400,450,590000,1311,1600,369,,zonaprop,https://www.zonaprop.com.ar/propiedades/clasificado/vecltrin-edificio-comercial-en-villa-crespo-56029208.html,2026-10-04
Villa Crespo,Arengreen 624,124,335000,2702,,,usaa ,zonaprop,https://www.zonaprop.com.ar/propiedades/clasificado/vecltrin-arengreen-624-terreno-en-venta-822-m-sup2-59143412.html,2026-10-04
Villa Crespo,Paysandú 2200,155,220000,1419,1200,183,usam,zonaprop,https://www.zonaprop.com.ar/propiedades/clasificado/vecltrin-venta-lote-en-villa-crespo-usam-60078458.html,2026-10-04
Villa Crespo,Serrano al 100,193,400000,2073,,,usaa,zonaprop,https://www.zonaprop.com.ar/propiedades/clasificado/vecltrin-excelente-terreno-en-villa-crespo-lideres-en-59515804.html,2026-10-04
Villa Crespo,Remedios De Escalada De San Martin,257,210000,817,,,usam ,zonaprop,https://www.zonaprop.com.ar/propiedades/clasificado/vecltrin-venta-terreno-excelente-ubicacion-facil-acceso-60094027.html,2026-10-04
Villa Crespo,Serrano al 400,689,3000000,4354,,,cm,zonaprop,https://www.zonaprop.com.ar/propiedades/clasificado/vecltrin-serrano-al-400-terreno-en-venta-villa-crespo-58900606.html,2026-10-04
Villa Crespo,Avenida Juan B Justo 3611,121,499000,4124,1039,480,usaa ,zonaprop,https://www.zonaprop.com.ar/propiedades/clasificado/vecltrin-venta-terreno-con-local-en-villa-crespo-ideal-58413984.html,2026-10-04
Villa Crespo,Av. Juan B Justo 2500,170,485000,2853,,,,zonaprop,https://www.zonaprop.com.ar/propiedades/clasificado/vecltrin-terreno-lote-en-venta-en-villa-crespo-capital-59437731.html,2026-10-04
Villa Crespo,Serrano  al 500 Importante Terreno,1237,3750000,3032,,,,zonaprop,https://www.zonaprop.com.ar/propiedades/clasificado/vecltrin-importate-terreno-en-villa-crespo-serrano-al-500-60252774.html,2026-10-04
Villa Crespo,Estado de Israel 4300,647,2500000,3864,3120,801,cm,zonaprop,https://www.zonaprop.com.ar/propiedades/clasificado/vecltrin-lote-venta-villa-crespo-pb-10-pisos-2ret-60316432.html,2026-10-04
Villa Crespo,Humboldt al 200,500,598000,1196,,,,zonaprop,https://www.zonaprop.com.ar/propiedades/clasificado/vecltrin-deposito-y-local-500-m-sup2--en-villa-crespo-59060630.html,2026-10-04
Villa Crespo,Cordoba al 5000,197,1000000,5076,,,usaa,zonaprop,https://www.zonaprop.com.ar/propiedades/clasificado/vecltrin-excelente-terreno-en-villa-crespo-lideres-en-59207545.html,2026-10-04
Villa Crespo,Fitz Roy al 700,274,348000,1270,850,409,usab2,zonaprop,https://www.zonaprop.com.ar/propiedades/clasificado/vecltrin-propiedad-en-venta-apto-deposito-fabrica-58510970.html,2026-10-04
Villa Crespo,Camargo  al 1000,240,1150000,4792,,,pb + 7,zonaprop,https://www.zonaprop.com.ar/propiedades/clasificado/vecltrin-venta-terreno-en-villa-crespo-59946473.html,2026-10-04
Villa Crespo,Muñecas  al 1000,176,530000,3011,,,usaa,zonaprop,https://www.zonaprop.com.ar/propiedades/clasificado/vecltrin-excelente-terreno-en-villa-crespo-lideres-en-59207669.html,2026-10-04
Villa Crespo,Apolinario Figueroa al 300,260,450000,1731,720,625,usab 2,zonaprop,https://www.zonaprop.com.ar/propiedades/clasificado/vecltrin-terreno-villa-crespo-51235992.html,2026-10-04
Villa Crespo,Humboldt 1200,148,420000,2838,1000,420,pb + 5,zonaprop,https://www.zonaprop.com.ar/propiedades/clasificado/vecltrin-venta-lote-en-villa-crespo-60199700.html,2026-10-04
Villa Crespo,Muñecas 1100,183,360000,1967,168.771,2133,pb + 7,zonaprop,https://www.zonaprop.com.ar/propiedades/clasificado/vecltrin-venta-terreno-vendibles-1282-m-sup2--villa-crespo-60256752.html,2026-10-04
Villa Crespo,Juan B. Justo al 1900,220,510000,2318,,,usam,zonaprop,https://www.zonaprop.com.ar/propiedades/clasificado/vecltrin-excelente-terreno-en-villa-crespo-lideres-en-59262077.html,2026-10-04
Villa Crespo,Humboldt al 1200,230,430000,1870,960,448,,zonaprop,https://www.zonaprop.com.ar/propiedades/clasificado/vecltrin-terreno-en-palermo-60064113.html,2026-10-04
Villa Crespo,Antezana  70,369,495000,1341,,,,zonaprop,https://www.zonaprop.com.ar/propiedades/clasificado/vecltrin-venta-terreno-villa-crespo-58332451.html,2026-10-04
Villa Crespo,Castillo  al 300,194,600000,3093,1200,500,,zonaprop,https://www.zonaprop.com.ar/propiedades/clasificado/vecltrin-terreno-en-villa-crespo-60091485.html,2026-10-04
Villa Crespo,Humboldt 300,83,285000,3434,898.83,317,,zonaprop,https://www.zonaprop.com.ar/propiedades/clasificado/vecltrin-lote-inversion-600-m-vendibles-60118277.html,2026-10-04
Villa Crespo,Humboldt 395,165,359000,2176,,,,zonaprop,https://www.zonaprop.com.ar/propiedades/clasificado/vecltrin-venta-lote-terreno-en-villa-crespo-frente-al-59639985.html,2026-10-04
Villa Crespo,Acevedo al 0,93,400000,4301,850,471,,zonaprop,https://www.zonaprop.com.ar/propiedades/clasificado/vecltrin-terreno-villa-crespo-52767272.html,2026-10-04
Villa Crespo,Hidalgo al 900,1250,599000,479,,,,zonaprop,https://www.zonaprop.com.ar/propiedades/clasificado/vecltrin-terreno-en-caballito-con-planos-aprobados!-1250-58800563.html,2026-10-04
Villa Crespo,Murillo 900,166,470000,2831,1126,417,usaa,zonaprop,https://www.zonaprop.com.ar/propiedades/clasificado/vecltrin-excelente-lote-venta-villa-crespo-58909594.html,2026-10-04
Villa Crespo,Martínez Rosas 1000,468,600000,1282,2380,252,,zonaprop,https://www.zonaprop.com.ar/propiedades/clasificado/vecltrin-venta-lote-villa-crespo-60142703.html,2026-10-04
Villa Crespo,Corrientes al 5200,321,1150000,3583,374,3075,,zonaprop,https://www.zonaprop.com.ar/propiedades/clasificado/vecltrin-local-villa-crespo-59788885.html,2026-10-04
Villa Crespo,Castillo 500,313,600000,1917,,,,zonaprop,https://www.zonaprop.com.ar/propiedades/clasificado/vecltrin-lote-castillo-al-500-56219436.html,2026-10-04
Villa Crespo,Lavalleja  al 800,153,470000,3072,1068.13,440,,zonaprop,https://www.zonaprop.com.ar/propiedades/clasificado/vecltrin-venta-lote-7-x-19-vendibles-1068-m-sup2--aprox.-villa-58257598.html,2026-10-04
Villa Crespo,Av. Juan B Justo al 3400,142,430000,3028,1400,307,,zonaprop,https://www.zonaprop.com.ar/propiedades/clasificado/vecltrin-terreno-en-venta-juan-b.-justo-al-3400-villa-55995647.html,2026-10-04
Villa Crespo,JUAN B JUSTO 3600,305,880000,2885,2300,383,,zonaprop,https://www.zonaprop.com.ar/propiedades/clasificado/vecltrin-vendo-lote-60083110.html,2026-10-04
Villa Crespo,Corrientes Avda. al 5900,450,1800000,4000,,,,zonaprop,https://www.zonaprop.com.ar/propiedades/clasificado/vecltrin-terreno-villa-crespo-51847940.html,2026-10-04
Villa Crespo,Rojas 2026,245,200000,816,800,250,pb + 4,zonaprop,https://www.zonaprop.com.ar/propiedades/clasificado/vecltrin-villa-crespo-terreno-lote-frente-8.66-x-28.28-58550679.html,2026-10-04
Villa Crespo,Malabia 146,371,580000,1563,2500,232,usaa,zonaprop,https://www.zonaprop.com.ar/propiedades/clasificado/vecltrin-excelente-terreno-en-villa-crespo-2500-m-sup2-58739493.html,2026-10-04
Villa Crespo,Nicolás Repetto al 2000,531,460000,866,,,,zonaprop,https://www.zonaprop.com.ar/propiedades/clasificado/vecltrin-terreno-en-paternal-59842274.html,2026-10-04
Villa Crespo,Camargo al 100,235,850000,3617,,,usaa,zonaprop,https://www.zonaprop.com.ar/propiedades/clasificado/vecltrin-venta-terreno-en-villa-crespo-de-1600-m-vendibles-59012165.html,2026-10-04
Villa Crespo,Padilla al 600,1600,599000,374,1580,379,pb + 7,zonaprop,https://www.zonaprop.com.ar/propiedades/clasificado/vecltrin-padilla-600-lote-1.600-m-sup2--construibles-se-toman-51676930.html,2026-10-04
Villa Crespo,Remedios De Escalada De San Martin 300,354,210000,593,,,,zonaprop,https://www.zonaprop.com.ar/propiedades/clasificado/vecltrin-lote-de-8.66x17.32-a-m-de-av-warnes-59469517.html,2026-10-04
Villa Crespo,Acevedo al 700,388,390000,1005,1100,355,,zonaprop,https://www.zonaprop.com.ar/propiedades/clasificado/vecltrin-terreno-villa-crespo-50583653.html,2026-10-04
Villa Crespo,Apolinario Figueroa al 200,319,338000,1060,1094,309,usab 2,zonaprop,https://www.zonaprop.com.ar/propiedades/clasificado/vecltrin-terreno-en-villa-crespo-59309259.html,2026-10-04
Villa Crespo,"Venta Espectacular Local con Techos Altos  en Doble Altura de 8.66 por 48 en Planta Libre con un Pequeño Entrepiso Espacio Aereo Libre, Scalabrini Ortiz 700, Villa Crespo",450,1600000,3556,,,,zonaprop,https://www.zonaprop.com.ar/propiedades/clasificado/vecltrin-local-villa-crespo-51768061.html,2026-10-04
Villa Crespo,HUMBOLDT 1100,188,350000,1862,580,603,usab2,zonaprop,https://www.zonaprop.com.ar/propiedades/clasificado/vecltrin-terreno-en-venta-en-villa-crespo-56595056.html,2026-10-04
Villa Crespo,AGUIRRE 1100,316,360000,1139,775,465,,zonaprop,https://www.zonaprop.com.ar/propiedades/clasificado/vecltrin-terreno-en-venta-en-villa-crespo-60102132.html,2026-10-04
Villa Crespo,Lerma 222,638,620000,972,,,,zonaprop,https://www.zonaprop.com.ar/propiedades/clasificado/vecltrin-terreno-de-638-m-sup2--en-venta-en-villa-57621145.html,2026-10-04
Villa Crespo,Juan B Justo al 3400,210,379000,1805,,,,zonaprop,https://www.zonaprop.com.ar/propiedades/clasificado/vecltrin-terreno-en-venta-villa-crespo-59726292.html,2026-10-04
Villa Crespo,DARWIN 200,374,529000,1414,,,,zonaprop,https://www.zonaprop.com.ar/propiedades/clasificado/vecltrin-terreno-en-venta-en-villa-crespo-58302650.html,2026-10-04
Villa Crespo,Apolinario Figueroa  al 200,319,338000,1060,1094,309,usab 2,zonaprop,https://www.zonaprop.com.ar/propiedades/clasificado/vecltrin-terreno-villa-crespo-usab-2-8-88-m-x-35-90-m-de-59225401.html,2026-10-04
Villa Crespo,Warnes  400,309,1600000,5178,3417.5,468,,zonaprop,https://www.zonaprop.com.ar/propiedades/clasificado/vecltrin-terreno-en-venta-en-v.-crespo-warnes-400-m-vendibles-59191326.html,2026-10-04
Villa Crespo,Pringles 1200,183,595000,3251,,,,zonaprop,https://www.zonaprop.com.ar/propiedades/clasificado/vecltrin-lote-en-venta-villa-crespo-60220448.html,2026-10-04
Villa Crespo,Muñecas 1100,146,370000,2534,136.34,2714,usaa ,zonaprop,https://www.zonaprop.com.ar/propiedades/clasificado/vecltrin-venta-lote-desarrollo-usaa-22-80-m-villa-crespo-60255942.html,2026-10-04
Villa Crespo,pasaje cañuelas 257,206,240000,1165,,,Ca,zonaprop,https://www.zonaprop.com.ar/propiedades/clasificado/vecltrin-lote-en-venta-en-villa-crespo-caba.-56860819.html,2026-10-04
Villa Crespo,Av. Juan B. Justo 2525,170,485000,2853,,,,zonaprop,https://www.zonaprop.com.ar/propiedades/clasificado/vecltrin-terreno-en-venta-en-av-juan-b.-justo-esquina-59122109.html,2026-10-04
Villa Crespo,Lerma 100,157,400000,2548,,,pb + 7,zonaprop,https://www.zonaprop.com.ar/propiedades/clasificado/vecltrin-excelente-terreno-para-construir-7-pisos-mas-retiro-59964091.html,2026-10-04
Villa Crespo,Padilla  761 AL 769,1171,1550000,1324,,,,zonaprop,https://www.zonaprop.com.ar/propiedades/clasificado/vecltrin-increible-terreno-en-villa-crespo-60263593.html,2026-10-04
Villa Crespo,Manuel Rozas 1000,205,548000,2673,1614,340,Usaa,zonaprop,https://www.zonaprop.com.ar/propiedades/clasificado/vecltrin-terreno-1614-m-sup2--vendibles-c.-actual-usaa-59350234.html,2026-10-04
Villa Crespo,Luis Belaustegui al 800,381,389000,1021,1200,324,,zonaprop,https://www.zonaprop.com.ar/propiedades/clasificado/vecltrin-terreno-en-venta-villa-crespo-caba-56527766.html,2026-10-04
Villa Crespo,Jufre al 600,280,370000,1321,1000,370,,zonaprop,https://www.zonaprop.com.ar/propiedades/clasificado/vecltrin-terreno-villa-crespo-52989961.html,2026-10-04
Villa Crespo,Pasaje Murcia 1500,128,265000,2070,128.12,2068,,zonaprop,https://www.zonaprop.com.ar/propiedades/clasificado/vecltrin-venta-lote-en-villa-crespo-ideal-proyecto-60196291.html,2026-10-04
Villa Crespo,Thames 600,179,649000,3626,1948,333,,zonaprop,https://www.zonaprop.com.ar/propiedades/clasificado/vecltrin-lote-villa-crespo-thames-al-600-cerca-movistar-55235486.html,2026-10-04
Villa Crespo,Pringles 1200,423,1000000,2364,2200,455,pb + 7 + 2,zonaprop,https://www.zonaprop.com.ar/propiedades/clasificado/vecltrin-terreno-venta-villa-crespo-60258612.html,2026-10-04
Villa Crespo,Darwin 400,258,785000,3043,,,,zonaprop,https://www.zonaprop.com.ar/propiedades/clasificado/vecltrin-2300-m-sup2--promedio-i-movistar-arena-i-buen-entorno-57690596.html,2026-10-04
Villa Crespo,Vera 800. Entre Serrano y Gurruchaga,345,1250000,3623,2900,431,pb + 10,zonaprop,https://www.zonaprop.com.ar/propiedades/clasificado/vecltrin-terreno-dible-frente-zonificacion-corredor-medio-en-58937284.html,2026-10-04
Villa Crespo,LERMA 100,324,1100000,3395,2011,547,,zonaprop,https://www.zonaprop.com.ar/propiedades/clasificado/vecltrin-terreno-en-venta-en-villa-crespo-55896019.html,2026-10-04
Villa Crespo,Gurruchaga 100,1300,389000,299,,,,zonaprop,https://www.zonaprop.com.ar/propiedades/clasificado/vecltrin-venta-terreno-gurruchaga-toma-100-m-sup2--terminados-53792310.html,2026-10-04
Villa Crespo,Nicolás Repetto al 2000,531,460000,866,,,,zonaprop,https://www.zonaprop.com.ar/propiedades/clasificado/vecltrin-terreno-en-paternal-59961231.html,2026-10-04
Villa Crespo,Av. Dorrego al 900,575,1890000,3287,3300,573,,zonaprop,https://www.zonaprop.com.ar/propiedades/clasificado/vecltrin-planos-registrados!-superficie-a-construir-vendible:-58035689.html,2026-10-04
Villa Crespo,Avenida Dorrego 200,165,360000,2182,,,,zonaprop,https://www.zonaprop.com.ar/propiedades/clasificado/vecltrin-venta-lote-excepcional-ubicacion-villa-crespo-60209057.html,2026-10-04
Villa Crespo,CORDOBA 5400,233,647000,2777,,,,zonaprop,https://www.zonaprop.com.ar/propiedades/clasificado/vecltrin-terrenos-fracciones-loteos-terrenos-villa-crespo-60131728.html,2026-10-04
Villa Crespo,Argañaras 100,307,1500000,4886,2048,732,Usaa,zonaprop,https://www.zonaprop.com.ar/propiedades/clasificado/vecltrin-terreno-en-nunez-a-m-av-del-libertador-60313799.html,2026-10-04
Villa Crespo,Juan B Justo al 3400,206,375000,1820,,,,zonaprop,https://www.zonaprop.com.ar/propiedades/clasificado/vecltrin-venta-terreno-venta-villa-crespo-para-edificar-1600-m-60145225.html,2026-10-04
Villa Crespo,"VERA 1063. Entre Justo, juan b. avda. y Thames",187,570000,3048,1088,524,,zonaprop,https://www.zonaprop.com.ar/propiedades/clasificado/vecltrin-lote.-vera-1063-47245576.html,2026-10-04
Villa Crespo,Aguirre 852 / Lote Propio 8.66m x 53m / 2 Locales en Block / 350m2,350,1800000,5143,,,,zonaprop,https://www.zonaprop.com.ar/propiedades/clasificado/vecltrin-lote-propio-8.66-m-x-53-m-2-locales-en-block-c-54692174.html,2026-10-04
Villa Crespo,Martinez Rosas al 1000,161,360000,2236,,,pb + 10,zonaprop,https://www.zonaprop.com.ar/propiedades/clasificado/vecltrin-terreno-en-villa-crespo-60112572.html,2026-10-04
Villa Crespo,remedios de escalada de san martin 755,331,580000,1752,2126,273,usaa,zonaprop,https://www.zonaprop.com.ar/propiedades/clasificado/vecltrin-venta-terreno-con-anteproyecto-en-excelente-zona-44699704.html,2026-10-04
Villa Crespo,CORDOBA 5400,978,2445000,2500,,,,zonaprop,https://www.zonaprop.com.ar/propiedades/clasificado/vecltrin-terrenos-fracciones-loteos-terrenos-villa-crespo-59640501.html,2026-10-04
Villa Crespo,Acevedo  al 500,286,1250000,4371,,,,zonaprop,https://www.zonaprop.com.ar/propiedades/clasificado/vecltrin-terreno-en-villa-crespo-60313838.html,2026-10-04
Villa Crespo,Pringles 1200,155,635000,4097,1613,394,pb + 7,zonaprop,https://www.zonaprop.com.ar/propiedades/clasificado/vecltrin-oportunidad-terreno-lote-en-venta-villa-crespo-limite-59829309.html,2026-10-04
Villa Crespo,Gurruchaga 40,121,280000,2314,,,pb + 7 + 1,zonaprop,https://www.zonaprop.com.ar/propiedades/clasificado/vecltrin-terreno-de-8.66-x-14-salen-750-m-vendibles-50092940.html,2026-10-04
Villa Crespo,Avenida San Martín 1900,128,400000,3125,1168,342,,zonaprop,https://www.zonaprop.com.ar/propiedades/clasificado/vecltrin-venta-lote-p-desarrollo-v.-crespo-sobre-av-60182370.html,2026-10-04
Villa Crespo,AV Cordoba  al 4200,285,1380000,4842,2000,690,pb + 10,zonaprop,https://www.zonaprop.com.ar/propiedades/clasificado/vecltrin-terreno-en-venta-av-cordoba-4200-10-x-30-m-para-53725784.html,2026-10-04
Villa Crespo,CORRIENTES 5100,554,3920000,7076,4700,834,,zonaprop,https://www.zonaprop.com.ar/propiedades/clasificado/vecltrin-terreno-en-venta-en-villa-crespo-50637519.html,2026-10-04
Villa Crespo,Serrano 572,1233,4500000,3650,8256,545,cm,zonaprop,https://www.zonaprop.com.ar/propiedades/clasificado/vecltrin-venta-lote-desarrollo-esquina-corrientes-villa-crespo.-58255082.html,2026-10-04
Villa Crespo,Rocamora 4400,255,398000,1561,1425,279,,zonaprop,https://www.zonaprop.com.ar/propiedades/clasificado/vecltrin-venta-lote-255-m-sup2--villa-crespo-58475247.html,2026-10-04
Villa Crespo,MARTINEZ ROSAS 1037,323,440000,1362,1873,235,usaa,zonaprop,https://www.zonaprop.com.ar/propiedades/clasificado/vecltrin-lote-en-venta-8-63-x-37-63-en-villa-crespo-59349876.html,2026-10-04
Villa Crespo,Darwin 1261,261,330000,1264,1300,254,pb + 5,zonaprop,https://www.zonaprop.com.ar/propiedades/clasificado/vecltrin-terreno-en-venta-para-desarrollo-darwin-1261-caba-59309475.html,2026-10-04
Villa Crespo,RODRIGUEZ MANUEL 1800,232,350000,1509,,,,zonaprop,https://www.zonaprop.com.ar/propiedades/clasificado/vecltrin-terreno-en-venta-en-villa-crespo-53767511.html,2026-10-04
Villa Crespo,Thames  al 700,183,380000,2077,791,480,usab 2,zonaprop,https://www.zonaprop.com.ar/propiedades/clasificado/vecltrin-terreno-en-villa-crespo-59891602.html,2026-10-04
Villa Crespo,Darwin 100,305,369000,1210,1373,269,usam,zonaprop,https://www.zonaprop.com.ar/propiedades/clasificado/vecltrin-lote-con-excelente-incidencia-en-villa-crespo-60216386.html,2026-10-04
Villa Crespo,Araoz al 1000,194,550000,2835,,,,zonaprop,https://www.zonaprop.com.ar/propiedades/clasificado/vecltrin-lote-en-villa-crespo-exclente-ubicacion-8-x-25-m!-56318943.html,2026-10-04
Villa Crespo,Malabia,207,750000,3623,,,usaa,zonaprop,https://www.zonaprop.com.ar/propiedades/clasificado/vecltrin-terreno-en-venta-en-villa-crespo-49973485.html,2026-10-04
Villa Crespo,Villarroel 1200,399,480000,1203,1239,387,,zonaprop,https://www.zonaprop.com.ar/propiedades/clasificado/vecltrin-excelente-lote-59498493.html,2026-10-04
Villa Crespo,Remedios de Escalada de San Martín 755,330,580000,1758,1652,351,,zonaprop,https://www.zonaprop.com.ar/propiedades/clasificado/vecltrin-lote-para-1650-m-sup2--vendibles-59747422.html,2026-10-04
Villa Crespo,CHARLONE 100,1609,1200000,746,,,,zonaprop,https://www.zonaprop.com.ar/propiedades/clasificado/vecltrin-venta-lote-de-8.66-x-26.82-villa-crespo-planos-55469653.html,2026-10-04
Villa Crespo,Martinez Rosas 1300,97,139000,1433,,,,zonaprop,https://www.zonaprop.com.ar/propiedades/clasificado/vecltrin-terreno-ideal-emprendim.-deptos-local-oficinas-51889639.html,2026-10-04
Villa Crespo,SCALABRINI ORTIZ RAUL 300,290,1300000,4483,,,,zonaprop,https://www.zonaprop.com.ar/propiedades/clasificado/vecltrin-terreno-en-venta-en-villa-crespo-60041238.html,2026-10-04
Villa Crespo,Aguirre 1100,260,370000,1423,775,477,,zonaprop,https://www.zonaprop.com.ar/propiedades/clasificado/vecltrin-terreno-lote-en-venta-en-barrio-norte-capital-60213283.html,2026-10-04
Villa Crespo,Darwin 500,340,889000,2615,2239,397,pb + 10,zonaprop,https://www.zonaprop.com.ar/propiedades/clasificado/vecltrin-lote-ideal-emprendimiento-venta-villa-crespo-60083702.html,2026-10-04
Villa Crespo,Darwin  al 100,375,460000,1227,1150,400,usam ,zonaprop,https://www.zonaprop.com.ar/propiedades/clasificado/vecltrin-lote-en-darwin-150-1150-vendibles-60209628.html,2026-10-04
Villa Crespo,HUMBOLDT 200,164,250000,1524,,,,zonaprop,https://www.zonaprop.com.ar/propiedades/clasificado/vecltrin-terreno-en-venta-en-villa-crespo-50637547.html,2026-10-04
Villa Crespo,Murillo Y Juan B Justo,350,499000,1426,,,,zonaprop,https://www.zonaprop.com.ar/propiedades/clasificado/vecltrin-local-galpon-lote-propio-esquina-53792159.html,2026-10-04
Villa Crespo,Darwin 200,197,269000,1365,993,271,Usaa ,zonaprop,https://www.zonaprop.com.ar/propiedades/clasificado/vecltrin-villa-crespo.-darwin-200.-terreno-de-8-53-x-22-95-m-58677904.html,2026-10-04
Villa Crespo,MURILLO 1000,198,650000,3283,1752,371,usaa,zonaprop,https://www.zonaprop.com.ar/propiedades/clasificado/vecltrin-terreno-en-venta-en-villa-crespo-46956264.html,2026-10-04
Villa Crespo,Jufré 900,316,645000,2041,,,,zonaprop,https://www.zonaprop.com.ar/propiedades/clasificado/vecltrin-venta-de-lote-doble-para-desarrollo-en-villa-crespo-59860016.html,2026-10-04
Villa Crespo,Thames al 900,440,490000,1114,,,,zonaprop,https://www.zonaprop.com.ar/propiedades/clasificado/vecltrin-terreno-o-7-ph-y-1-cochera-ideal-proyecto!-53726450.html,2026-10-04
Villa Crespo,Darwin 1200,269,495000,1840,1299,381,,zonaprop,https://www.zonaprop.com.ar/propiedades/clasificado/vecltrin-terreno-en-darwin-1200-excelente-ubicacion!-269-55266822.html,2026-10-04
Villa Crespo,Serrano 500,1300,4500000,3462,8250,545,,zonaprop,https://www.zonaprop.com.ar/propiedades/clasificado/vecltrin-serrano-500-lote-triple-frente-x-50-m-de-fondo-9931-51675986.html,2026-10-04
Villa Crespo,Av Angel Gallardo 551,1450,2500000,1724,2325,1075,pb + 10,zonaprop,https://www.zonaprop.com.ar/propiedades/clasificado/vecltrin-oportunidad-venta-lote-zona-parque-centenario-av-59391345.html,2026-10-04
Villa Crespo,Aráoz 818,93,260000,2796,984,264,,zonaprop,https://www.zonaprop.com.ar/propiedades/clasificado/vecltrin-excelente-terreno-en-villa-crespo-palermo-57549570.html,2026-10-04
Villa Crespo,Castillo 574,200,250000,1250,,,,zonaprop,https://www.zonaprop.com.ar/propiedades/clasificado/vecltrin-terreno-en-venta-villa-crespo-58239176.html,2026-10-04
Villa Crespo,Av Cordoba  al 4100,504,1300000,2579,1700,765,,zonaprop,https://www.zonaprop.com.ar/propiedades/clasificado/vecltrin-lote-10-x-24-para-2300-m-sup2--palermo-53725591.html,2026-10-04
Villa Crespo,Bonpland 1000,1340,950000,709,,,,zonaprop,https://www.zonaprop.com.ar/propiedades/clasificado/vecltrin-venta-de-lote-8.66-x-32.45-en-villa-crespo-planos-55469652.html,2026-10-04
Villa Crespo,Juan B Justo 1900,344,670000,1948,1700,394,usaa ,zonaprop,https://www.zonaprop.com.ar/propiedades/clasificado/vecltrin-venta-terreno-para-desarrollo-villa-crespo-60297242.html,2026-10-04
Villa Crespo,Remedios de Escalada de San Martin al 800,184,350000,1902,900,389,,zonaprop,https://www.zonaprop.com.ar/propiedades/clasificado/vecltrin-terreno-villa-crespo-55457180.html,2026-10-04
Villa Crespo,Cordoba,1200,990000,825,,,,zonaprop,https://www.zonaprop.com.ar/propiedades/clasificado/vecltrin-cordoba-4100-lote-en-esquina-petit-hotel-capacidad-44057444.html,2026-10-04
Villa Crespo,Camargo 1200,660,1500000,2273,470,3191,,zonaprop,https://www.zonaprop.com.ar/propiedades/clasificado/vecltrin-terreno-doble-frente-toma-50-m-sup2--terminados-53632481.html,2026-10-04
Villa Crespo,"Antezana al 400: Terreno de 8.7 x 10.78 Sup. Vendible 819,70 M2.-",93,350000,3763,,,,zonaprop,https://www.zonaprop.com.ar/propiedades/clasificado/vecltrin-terreno-en-villa-crespo:-8-70-x-10-78.-se-puede-57664958.html,2026-10-04
Villa Crespo,Camargo 700,134,550000,4104,1296,424,,zonaprop,https://www.zonaprop.com.ar/propiedades/clasificado/vecltrin-venta-lote-en-villa-crespo-60295055.html,2026-10-04
Villa Crespo,Av Corrientes 5800,260,1350000,5192,,,,zonaprop,https://www.zonaprop.com.ar/propiedades/clasificado/vecltrin-lote-apto-edificio-en-excelente-zona-59820122.html,2026-10-04
Villa Crespo,VILLARROEL 1100,227,700000,3084,,,,zonaprop,https://www.zonaprop.com.ar/propiedades/clasificado/vecltrin-terreno-en-venta-en-villa-crespo-54101374.html,2026-10-04
Villa Crespo,Acevedo  al 700,748,1900000,2540,3600,528,Usab 2,zonaprop,https://www.zonaprop.com.ar/propiedades/clasificado/vecltrin-terreno-en-villa-crespo-54462391.html,2026-10-04
Villa Crespo,Warnes Y Gurruchaga,2000,485000,242,,,,zonaprop,https://www.zonaprop.com.ar/propiedades/clasificado/vecltrin-venta-gurruchaga-y-warnes-2000-m-sup2--de-obra-con-55531217.html,2026-10-04
Villa Crespo,Murillo al 1000,198,650000,3283,,,cm,zonaprop,https://www.zonaprop.com.ar/propiedades/clasificado/vecltrin-terreno-en-villa-crespo-sobre-calle-murillo-51975200.html,2026-10-04
Villa Crespo,MURILLO 1000,198,650000,3283,1752,371,usaa,zonaprop,https://www.zonaprop.com.ar/propiedades/clasificado/vecltrin-terreno-en-venta-en-villa-crespo-50637420.html,2026-10-04
Villa Crespo,Aguirre al 1100,254,370000,1457,775,477,,zonaprop,https://www.zonaprop.com.ar/propiedades/clasificado/vecltrin-terreno-villa-crespo-58633669.html,2026-10-04
Villa Crespo,CORDOBA 5400,305,959000,3144,,,,zonaprop,https://www.zonaprop.com.ar/propiedades/clasificado/vecltrin-terrenos-fracciones-loteos-terrenos-villa-crespo-60131871.html,2026-10-04
Villa Crespo,Av. San Martin 1800,374,850000,2273,1200,708,,zonaprop,https://www.zonaprop.com.ar/propiedades/clasificado/vecltrin-lote-1200-m-villa-crespo-60206042.html,2026-10-04
Villa Crespo,"Av. San Martín 1800, Villa Crespo",1159,1400000,1208,,,,zonaprop,https://www.zonaprop.com.ar/propiedades/clasificado/vecltrin-deposito-local-fabrica-en-venta-tres-plantas-sin-60302711.html,2026-10-04
Villa Crespo,GURRUCHAGA 600,467,850000,1820,2000,425,,zonaprop,https://www.zonaprop.com.ar/propiedades/clasificado/vecltrin-terreno-en-venta-en-villa-crespo-56195305.html,2026-10-04
Villa Crespo,Darwin 1100,279,1190000,4265,3375,353,,zonaprop,https://www.zonaprop.com.ar/propiedades/clasificado/vecltrin-lote-villa-crespo-darwin-al-1100-para-3375-m-sup2-56785700.html,2026-10-04
Villa Crespo,CORRIENTES 6100,405,1700000,4198,,,,zonaprop,https://www.zonaprop.com.ar/propiedades/clasificado/vecltrin-terreno-en-venta-en-villa-crespo-50637464.html,2026-10-04
Villa Crespo,Muñecas 900,169,539000,3189,,,usaa,zonaprop,https://www.zonaprop.com.ar/propiedades/clasificado/vecltrin-lote-villa-crespo-munecas-al-900-para-1830-m-sup2-53754002.html,2026-10-04
Villa Crespo,Thames 552,194,589000,3036,1623,363,,zonaprop,https://www.zonaprop.com.ar/propiedades/clasificado/vecltrin-lote-villa-crespo-thames-552-muy-linda-esquina-55154871.html,2026-10-04
Villa Crespo,Martínez Rosas 900,198,590000,2980,,,,zonaprop,https://www.zonaprop.com.ar/propiedades/clasificado/vecltrin-lote-villa-crespo-martinez-rosas-al-900-casi-todo-51146714.html,2026-10-04
Villa Crespo,AGUIRRE 300,107,399000,3729,,,,zonaprop,https://www.zonaprop.com.ar/propiedades/clasificado/vecltrin-terreno-en-venta-en-villa-crespo-50637708.html,2026-10-04
Villa Crespo,JUSTO JUAN B 2600,173,770000,4451,,,,zonaprop,https://www.zonaprop.com.ar/propiedades/clasificado/vecltrin-terreno-en-venta-en-villa-crespo-50043213.html,2026-10-04
Villa Crespo,PADILLA 1200,145,450000,3103,,,Usaa ,zonaprop,https://www.zonaprop.com.ar/propiedades/clasificado/vecltrin-terreno-en-venta-en-villa-crespo-50637509.html,2026-10-04
Villa Crespo,J. B. Justo  Al 3300,748,2500000,3342,4700,532,,zonaprop,https://www.zonaprop.com.ar/propiedades/clasificado/vecltrin-lote-villa-crespo-j.-b.-justo-al-3300-44145010.html,2026-10-04
Villa Crespo,JUSTO JUAN B 2000,121,460000,3802,,,,zonaprop,https://www.zonaprop.com.ar/propiedades/clasificado/vecltrin-terreno-en-venta-en-villa-crespo-48261875.html,2026-10-04
Villa Crespo,Julian Alvarez 1000,555,1650000,2973,2400,688,,zonaprop,https://www.zonaprop.com.ar/propiedades/clasificado/vecltrin-lote-villa-crespo-julian-alvarez-1000-mucho-canje-44908578.html,2026-10-04
Villa Crespo,JUFRE 100,130,790000,6077,1000,790,,zonaprop,https://www.zonaprop.com.ar/propiedades/clasificado/vecltrin-terreno-en-venta-en-villa-crespo-56111288.html,2026-10-04
Villa Crespo,Vera 700,1800,740000,411,1800,411,usam,zonaprop,https://www.zonaprop.com.ar/propiedades/clasificado/vecltrin-terreno-medidas-8-66-x-21-70-mtrs-usam-59267463.html,2026-10-04
Villa Crespo,Hidalgo Al 1500,153,690000,4510,1200,575,,zonaprop,https://www.zonaprop.com.ar/propiedades/clasificado/vecltrin-lote-hidalgo-al-1500-para-1200-m-sup2--construibles-51205746.html,2026-10-04
Villa Crespo,Acevedo Al 500,169,690000,4083,1894,364,cm,zonaprop,https://www.zonaprop.com.ar/propiedades/clasificado/vecltrin-lote-villa-crespo-acevedo-al-500-para-1894-m-sup2-50490566.html,2026-10-04
Villa Crespo,DARWIN 700,364,800000,2198,,,usam,zonaprop,https://www.zonaprop.com.ar/propiedades/clasificado/vecltrin-terreno-en-venta-en-villa-crespo-50637745.html,2026-10-04
Villa Crespo,ARAOZ 1000,245,580000,2367,1160,500,usaa ,zonaprop,https://www.zonaprop.com.ar/propiedades/clasificado/vecltrin-terreno-en-venta-en-villa-crespo-52457456.html,2026-10-04
Villa Crespo,J. B. Justo  Al 3300,574,2900000,5052,4700,617,,zonaprop,https://www.zonaprop.com.ar/propiedades/clasificado/vecltrin-lote-villa-crespo-j.-b.-justo-al-2000-50938459.html,2026-10-04
Villa Crespo,MARTINEZ ROSAS 1000,1006,280000,278,700,400,,zonaprop,https://www.zonaprop.com.ar/propiedades/clasificado/vecltrin-terreno-en-venta-en-villa-crespo-58657126.html,2026-10-04
Villa Crespo,FITZ ROY 200,187,230000,1230,,,usam ,zonaprop,https://www.zonaprop.com.ar/propiedades/clasificado/vecltrin-terreno-en-venta-en-villa-crespo-47779692.html,2026-10-04
Villa Crespo,CORRIENTES 5900,450,1800000,4000,,,,zonaprop,https://www.zonaprop.com.ar/propiedades/clasificado/vecltrin-terreno-en-venta-en-villa-crespo-50637669.html,2026-10-04
Villa Crespo,MALABIA 300,799,3800000,4756,,,,zonaprop,https://www.zonaprop.com.ar/propiedades/clasificado/vecltrin-terreno-en-venta-en-villa-crespo-53838220.html,2026-10-04
Villa Crespo,VILLARROEL 1200,141,350000,2482,,,,zonaprop,https://www.zonaprop.com.ar/propiedades/clasificado/vecltrin-terreno-en-venta-en-villa-crespo-50637598.html,2026-10-04
Villa Crespo,SERRANO 500,692,5150000,7442,,,Usaa ,zonaprop,https://www.zonaprop.com.ar/propiedades/clasificado/vecltrin-terreno-en-venta-en-villa-crespo-50637428.html,2026-10-04
Villa Crespo,PADILLA 1000,227,500000,2203,,,,zonaprop,https://www.zonaprop.com.ar/propiedades/clasificado/vecltrin-terreno-en-venta-en-villa-crespo-53721885.html,2026-10-04
Villa Crespo,ACEVEDO 500,400,820000,2050,,,,zonaprop,https://www.zonaprop.com.ar/propiedades/clasificado/vecltrin-terreno-en-venta-en-villa-crespo-54521536.html,2026-10-04
Villa Crespo,Padilla 800,198,890000,4495,2090,426,,zonaprop,https://www.zonaprop.com.ar/propiedades/clasificado/vecltrin-lote-villa-crespo-padilla-800-para-2090-m-sup2-53754005.html,2026-10-04
Villa Crespo,Jufre Al 1000,215,590000,2744,1290,457,usam,zonaprop,https://www.zonaprop.com.ar/propiedades/clasificado/vecltrin-lote-villa-crespo-jufre-al-1000-51970738.html,2026-10-04
Villa Crespo,HUMBOLDT 1100,151,360000,2384,722,499,,zonaprop,https://www.zonaprop.com.ar/propiedades/clasificado/vecltrin-terreno-en-venta-en-villa-crespo-55656492.html,2026-10-04
Villa Crespo,REMEDIOS DE ESCALADA DE SAN MARTIN 1000,900,1600000,1778,,,,zonaprop,https://www.zonaprop.com.ar/propiedades/clasificado/vecltrin-terreno-en-venta-en-villa-crespo-50637644.html,2026-10-04
Villa Crespo,JUFRE 636,247,450000,1822,,,usab 2,zonaprop,https://www.zonaprop.com.ar/propiedades/clasificado/vecltrin-ecelente-terreno-55447898.html,2026-10-04
Villa Crespo,Fitz Roy 100,286,250000,874,,,Usam ,zonaprop,https://www.zonaprop.com.ar/propiedades/clasificado/vecltrin-venta-terreno-deposito-galpon-zona-warnes!-60192361.html,2026-10-04
Villa Crespo,REMEDIOS DE ESCALADA DE SAN MARTIN 1000,900,1600000,1778,,,,zonaprop,https://www.zonaprop.com.ar/propiedades/clasificado/vecltrin-terreno-en-venta-en-villa-crespo-50637635.html,2026-10-04
Villa Crespo,Velasco 300,229,790000,3450,1300,608,usaa,zonaprop,https://www.zonaprop.com.ar/propiedades/clasificado/vecltrin-lote-villa-crepo-velasco-al-300-cerca-del-subte-52849708.html,2026-10-04
Villa Crespo,Gral. Tte. Eustaquio Frias Al 200,234,1100000,4701,1350,815,,zonaprop,https://www.zonaprop.com.ar/propiedades/clasificado/vecltrin-terreno-villa-crespo-gral.-tte.-eustaquio-frias-al-50938383.html,2026-10-04
Villa Crespo,GALLARDO ANGEL 0,369,2300000,6233,,,pb + 12,zonaprop,https://www.zonaprop.com.ar/propiedades/clasificado/vecltrin-terreno-en-venta-en-villa-crespo-50637678.html,2026-10-04
Villa Crespo,Velasco 500,476,1590000,3340,3334,477,,zonaprop,https://www.zonaprop.com.ar/propiedades/clasificado/vecltrin-lote-villa-crepo-velasco-al-500-para-3334-m-sup2-57719448.html,2026-10-04
Villa Crespo,VELASCO 700,380,590000,1553,,,usam,zonaprop,https://www.zonaprop.com.ar/propiedades/clasificado/vecltrin-terreno-en-venta-en-villa-crespo-53498882.html,2026-10-04
Villa Crespo,DARWIN 700,183,720000,3934,1510,477,,zonaprop,https://www.zonaprop.com.ar/propiedades/clasificado/vecltrin-terreno-en-venta-en-villa-crespo-53498904.html,2026-10-04
Villa Crespo,VALENTIN VIRASORO 800,316,690000,2184,,,,zonaprop,https://www.zonaprop.com.ar/propiedades/clasificado/vecltrin-terreno-en-venta-en-villa-crespo-52297546.html,2026-10-04
Villa Crespo,Murillo 1000,219,479000,2187,1400,342,,zonaprop,https://www.zonaprop.com.ar/propiedades/clasificado/vecltrin-lote-villa-crespo-murillo-1000-cerca-del-metrobus-52184172.html,2026-10-04
Villa Crespo,CORRIENTES 5300,860,3300000,3837,,,,zonaprop,https://www.zonaprop.com.ar/propiedades/clasificado/vecltrin-terreno-en-venta-en-villa-crespo-58302654.html,2026-10-04
Villa Crespo,GALLARDO ANGEL 0,514,2250000,4377,,,,zonaprop,https://www.zonaprop.com.ar/propiedades/clasificado/vecltrin-terreno-en-venta-en-villa-crespo-54933673.html,2026-10-04
Villa Crespo,AGUIRRE 0,400,1590000,3975,,,,zonaprop,https://www.zonaprop.com.ar/propiedades/clasificado/vecltrin-terreno-en-venta-en-villa-crespo-53390219.html,2026-10-04
Villa Crespo,Juan B Justo Al 2000,398,1890000,4749,4488,421,,zonaprop,https://www.zonaprop.com.ar/propiedades/clasificado/vecltrin-lote-villa-crespo-palerm-juan-b-justo-2000-doble-55409245.html,2026-10-04
Villa Crespo,CAMARGO 900,373,720000,1930,1600,450,,zonaprop,https://www.zonaprop.com.ar/propiedades/clasificado/vecltrin-terreno-en-venta-en-villa-crespo-53539315.html,2026-10-04
Villa Crespo,SCALABRINI ORTIZ RAUL 700,186,1500000,8065,,,,zonaprop,https://www.zonaprop.com.ar/propiedades/clasificado/vecltrin-terreno-en-venta-en-villa-crespo-57936933.html,2026-10-04
Villa Crespo,Thames 600,995,2490000,2503,3600,692,cm,zonaprop,https://www.zonaprop.com.ar/propiedades/clasificado/vecltrin-terreno-villa-crespo-thames-600-doble-frente-50614430.html,2026-10-04
Villa Crespo,DARWIN 700,147,270000,1837,567,476,,zonaprop,https://www.zonaprop.com.ar/propiedades/clasificado/vecltrin-terreno-en-venta-en-villa-crespo-46590107.html,2026-10-04
Villa Crespo,Dorrego 900,572,1900000,3322,3300,576,,zonaprop,https://www.zonaprop.com.ar/propiedades/clasificado/vecltrin-terreno-lote-en-venta-en-chacarita-capital-federal-60213278.html,2026-10-04
Villa Crespo,Castillo al 200,197,590000,2995,1625,363,,zonaprop,https://www.zonaprop.com.ar/propiedades/clasificado/vecltrin-lote-villa-crespo-castillo-al-200-para-1625-m-sup2-56535497.html,2026-10-04
Villa Crespo,Muñecas 1100,215,549000,2553,,,,zonaprop,https://www.zonaprop.com.ar/propiedades/clasificado/vecltrin-lote-villa-crespo-munecas-al-1100-para-2406-m-sup2-52042666.html,2026-10-04
Villa Crespo,REMEDIOS DE ESCALADA DE SAN MARTIN 1000,900,1600000,1778,,,,zonaprop,https://www.zonaprop.com.ar/propiedades/clasificado/vecltrin-terreno-en-venta-en-villa-crespo-50637654.html,2026-10-04
Villa Crespo,Julian Alvarez 900,169,769000,4550,1547,497,usaa,zonaprop,https://www.zonaprop.com.ar/propiedades/clasificado/vecltrin-lote-villa-crespo-palermo-outlet-julian-alvarez-al-53033642.html,2026-10-04
Chacarita,Humboldt 290-286-278,827,1390000,1681,3300,421,,zonaprop,https://www.zonaprop.com.ar/propiedades/clasificado/vecltrin-terreno-triple-frente-a-m-del-movistar-arena-59337142.html,2026-10-04
Chacarita,Roseti al 1000,243,460000,1893,,,usaa,zonaprop,https://www.zonaprop.com.ar/propiedades/clasificado/vecltrin-excelente-terreno-en-chacarita-lideres-en-terrenos-59858286.html,2026-10-04
Chacarita,Av Forest  al 400,159,420000,2642,,,,zonaprop,https://www.zonaprop.com.ar/propiedades/clasificado/vecltrin-venta-de-lote-en-chacarita-58399219.html,2026-10-04
Chacarita,Av. Dorrego 338,520,1100000,2115,2650,415,usab 2,zonaprop,https://www.zonaprop.com.ar/propiedades/clasificado/vecltrin-importante-lote-propio-8-66-x-60-en-zona-comercial-en-53404939.html,2026-10-04
Chacarita,OTERO 164,388,350000,902,,,usab 1,zonaprop,https://www.zonaprop.com.ar/propiedades/clasificado/vecltrin-lote-de-terreno-en-chacarita-otero-164-59869335.html,2026-10-04
Chacarita,Santos Dumont 4400,209,230000,1100,336,685,usab 1,zonaprop,https://www.zonaprop.com.ar/propiedades/clasificado/vecltrin-oportunidad-para-desarrolladores-lote-para-58613953.html,2026-10-04
Chacarita,Cordoba al 6400,329,950000,2888,22.8,41667,,zonaprop,https://www.zonaprop.com.ar/propiedades/clasificado/vecltrin-terreno-apto-hasta-2120-m-sup2--retiros-58394084.html,2026-10-04
Chacarita,Fraga 991,157,310000,1975,1138,272,,zonaprop,https://www.zonaprop.com.ar/propiedades/clasificado/vecltrin-terreno-en-esquina-en-venta-en-chacarita-ideal-60153067.html,2026-10-04
Chacarita,Olleros  al 3700,219,550000,2511,1220,451,usam,zonaprop,https://www.zonaprop.com.ar/propiedades/clasificado/vecltrin-lote-en-chacarita-pb-5-pisos-2-retiros-59506928.html,2026-10-04
Chacarita,STEPHENSON 2800. Entre Heredia y 14 De Julio,532,290000,545,955,304,pb + 4,zonaprop,https://www.zonaprop.com.ar/propiedades/clasificado/vecltrin-lote-venta-chacarita-57088825.html,2026-10-04
Chacarita,CHARLONE 1100. Entre Zabala y Cespedes,127,396000,3118,,,,zonaprop,https://www.zonaprop.com.ar/propiedades/clasificado/vecltrin-venta-de-lote-en-chacarita-57526887.html,2026-10-04
Chacarita,Av. Dorrego al 900,575,1890000,3287,3300,573,,zonaprop,https://www.zonaprop.com.ar/propiedades/clasificado/vecltrin-planos-registrados!-superficie-a-construir-vendible:-58035125.html,2026-10-04
Chacarita,Angel Justiniano Carranza 1026,176,950000,5398,1350,704,,zonaprop,https://www.zonaprop.com.ar/propiedades/clasificado/vecltrin-venta-terreno-en-esquina-con-planos-aprobados-60109584.html,2026-10-04
Chacarita,Virrey Loreto  al 3700,761,1450000,1905,,,,zonaprop,https://www.zonaprop.com.ar/propiedades/clasificado/vecltrin-excelente-terreno-en-chacarita-lideres-en-terrenos-59207652.html,2026-10-04
Chacarita,Charlone 1100,127,400000,3150,596,671,usaa ,zonaprop,https://www.zonaprop.com.ar/propiedades/clasificado/vecltrin-terreno-lote-en-venta-en-chacarita-capital-federal-59446262.html,2026-10-04
Chacarita,Santos Dumont al 4400 (iturri y Otero),273,365000,1337,,,,zonaprop,https://www.zonaprop.com.ar/propiedades/clasificado/vecltrin-venta-galpon-deposito-terreno-lote-273-m-sup2--60314499.html,2026-10-04
Chacarita,Santos Dumont  al 4700,161,220000,1366,,,usab 2,zonaprop,https://www.zonaprop.com.ar/propiedades/clasificado/vecltrin-excelente-terreno-en-chacarita-lideres-en-terrenos-59207529.html,2026-10-04
Chacarita,Maure 4000,120,368000,3067,1234,298,,zonaprop,https://www.zonaprop.com.ar/propiedades/clasificado/vecltrin-venta-lote-en-chacarita-60254619.html,2026-10-04
Chacarita,Charlone y Avenida Forest,127,396000,3118,,,,zonaprop,https://www.zonaprop.com.ar/propiedades/clasificado/vecltrin-terreno-en-venta-127-m-sup2--chacarita-60251609.html,2026-10-04
Chacarita,Fitz Roy al 700,274,348000,1270,850,409,usab2,zonaprop,https://www.zonaprop.com.ar/propiedades/clasificado/vecltrin-propiedad-en-venta-apto-deposito-fabrica-54763953.html,2026-10-04
Chacarita,Forest AV. al 400,107,415000,3879,,,pb + 10,zonaprop,https://www.zonaprop.com.ar/propiedades/clasificado/vecltrin-excelente-terreno-en-chacarita-lideres-en-terrenos-59207733.html,2026-10-04
Chacarita,LEIVA 3968,202,745000,3688,,,,zonaprop,https://www.zonaprop.com.ar/propiedades/clasificado/vecltrin-venta-lote-con-planos-aprobados-en-chacarita-60176453.html,2026-10-04
Chacarita,DEL Campo AV. 1602/ Tronador  al 296,112,225000,2009,,,usam,zonaprop,https://www.zonaprop.com.ar/propiedades/clasificado/vecltrin-del-campo-esquina-tronador-excelente-terreno-en-59839105.html,2026-10-04
Chacarita,Elcano AV. al 4000,276,485000,1757,,,usam,zonaprop,https://www.zonaprop.com.ar/propiedades/clasificado/vecltrin-excelente-terreno-en-chacarita-lideres-en-terrenos-59476063.html,2026-10-04
Chacarita,Fraga 700,159,349000,2195,809,431,,zonaprop,https://www.zonaprop.com.ar/propiedades/clasificado/vecltrin-venta-de-lote-en-chacarita.-60283249.html,2026-10-04
Chacarita,Santos Dumont  al 4400,200,290000,1450,,,cm,zonaprop,https://www.zonaprop.com.ar/propiedades/clasificado/vecltrin-venta-lote-11x10-en-chacarita-gran-oportunidad!-58012441.html,2026-10-04
Chacarita,CASTILLO 1389,181,550000,3039,973,565,,zonaprop,https://www.zonaprop.com.ar/propiedades/clasificado/vecltrin-terreno-en-venta-zona-en-pleno-crecimiento-57115775.html,2026-10-04
Chacarita,Santos Dumont  al 4400,200,290000,1450,,,cm,zonaprop,https://www.zonaprop.com.ar/propiedades/clasificado/vecltrin-venta-lote-propio-de-200-m-sup2--en-chacarita-gran-58012445.html,2026-10-04
Chacarita,Santos Dumont 4500,391,350000,895,,,,zonaprop,https://www.zonaprop.com.ar/propiedades/clasificado/vecltrin-lote-de-8.77-x-45.82-57709547.html,2026-10-04
Chacarita,Charlone 1100,123,590000,4797,,,usaa ,zonaprop,https://www.zonaprop.com.ar/propiedades/clasificado/vecltrin--distrito-audiovisual-terreno-para-construir!-47426260.html,2026-10-04
Chacarita,Av. Alvarez Thomas  66/70. Frente al Mercado de Pulgas! Posibilidad de Construir Aprox.  2.100 m2.,254,1200000,4724,1490,805,,zonaprop,https://www.zonaprop.com.ar/propiedades/clasificado/vecltrin-terreno-en-palermo-hollywood-55944121.html,2026-10-04
Chacarita,Humboldt al 1200,148,450000,3041,,,,zonaprop,https://www.zonaprop.com.ar/propiedades/clasificado/vecltrin-terreno-en-distrito-audiovisual-53829464.html,2026-10-04
Chacarita,Avenida Dorrego 500,162,250000,1543,154.821,1615,,zonaprop,https://www.zonaprop.com.ar/propiedades/clasificado/vecltrin-lote-en-venta-excelente-ubicacion-en-chacarita-60140665.html,2026-10-04
Chacarita,Santos Dumont 4748,954,299900,314,,,usab 1,zonaprop,https://www.zonaprop.com.ar/propiedades/clasificado/vecltrin-terreno-en-venta-chacarita-56030888.html,2026-10-04
Chacarita,Concepcion Arenal 4455,111,380000,3423,,,,zonaprop,https://www.zonaprop.com.ar/propiedades/clasificado/vecltrin-chacarita-terreno-en-venta-8-66-x-42-50-42567455.html,2026-10-04
Chacarita,Avenida DORREGO AL 500,217,330000,1521,691,478,,zonaprop,https://www.zonaprop.com.ar/propiedades/clasificado/vecltrin-lote-en-zona-de-incipiente-expansion-47905674.html,2026-10-04
Chacarita,HUMBOLDT 1100,188,350000,1862,580,603,usab2,zonaprop,https://www.zonaprop.com.ar/propiedades/clasificado/vecltrin-terreno-en-venta-en-chacarita-56595055.html,2026-10-04
Chacarita,Fraga  al 400,500,350000,700,568,616,usab 1,zonaprop,https://www.zonaprop.com.ar/propiedades/clasificado/vecltrin-terreno-en-chacarita-59891596.html,2026-10-04
Chacarita,Otero 300. Entre Av Jorge Newbery y Santos Dumont,171,300000,1754,141.16,2125,,zonaprop,https://www.zonaprop.com.ar/propiedades/clasificado/vecltrin-otero-300-chacarita-lote-usab2-u$300.000-56141931.html,2026-10-04
Chacarita,Charlone 1100,127,396000,3118,943,420,,zonaprop,https://www.zonaprop.com.ar/propiedades/clasificado/vecltrin-terreno-en-venta-apto-emprendimiento-edificio-en-60312326.html,2026-10-04
Chacarita,Iturri 200,396,350000,884,962,364,usab 1,zonaprop,https://www.zonaprop.com.ar/propiedades/clasificado/vecltrin-formidable-lote-en-venta-en-chacarita-55397383.html,2026-10-04
Chacarita,Terreno en Venta en Chacarita,328,500000,1524,815.5,613,usab 2,zonaprop,https://www.zonaprop.com.ar/propiedades/clasificado/vecltrin-terreno-en-venta-en-chacarita-56991548.html,2026-10-04
Chacarita,Darwin 424,258,784000,3039,,,,zonaprop,https://www.zonaprop.com.ar/propiedades/clasificado/vecltrin-1600-m-sup2--promedio-i-movistar-arena-i-buen-entorno-58432397.html,2026-10-04
Chacarita,Leiva 4700,228,250000,1096,228,1096,usab 1,zonaprop,https://www.zonaprop.com.ar/propiedades/clasificado/vecltrin-venta-lote-galpon-8-66-x-26-33-228-m-sup2--chacarita-60131233.html,2026-10-04
Chacarita,Concepción Arenal 3500,205,490000,2390,821,597,usam ,zonaprop,https://www.zonaprop.com.ar/propiedades/clasificado/vecltrin-lote-en-venta-chacarita-821-m-vendibles-60143778.html,2026-10-04
Chacarita,Avenida De Los Incas 3700,600,299000,498,120,2492,,zonaprop,https://www.zonaprop.com.ar/propiedades/clasificado/vecltrin-terreno-en-venta-en-belgrano-r-60171965.html,2026-10-04
Chacarita,Concepcion Arenal 4455,368,380000,1033,,,,zonaprop,https://www.zonaprop.com.ar/propiedades/clasificado/vecltrin-terreno-de-8-66-x-42-50-con-demolicion-chacarita-42669047.html,2026-10-04
Chacarita,Av. Cordoba al 5884,304,750000,2467,1307,574,,zonaprop,https://www.zonaprop.com.ar/propiedades/clasificado/vecltrin-av-cordoba-5884-terreno-en-venta-58353998.html,2026-10-04
Chacarita,Avenida cordoba 6000,440,2800000,6364,3500,800,,zonaprop,https://www.zonaprop.com.ar/propiedades/clasificado/vecltrin-terreno-lote-en-venta-en-palermo-hollywood-capital-60211591.html,2026-10-04
Chacarita,Castillo 1300,139,449000,3230,1201,374,,zonaprop,https://www.zonaprop.com.ar/propiedades/clasificado/vecltrin-lote-chacarita-palermo-castillo-1300-para-1200-55568234.html,2026-10-04
Chacarita,CORRIENTES 6100,405,1700000,4198,,,,zonaprop,https://www.zonaprop.com.ar/propiedades/clasificado/vecltrin-terreno-en-venta-en-chacarita-50637473.html,2026-10-04
Chacarita,JUSTO JUAN B 3000,381,1100000,2887,,,pb + 10,zonaprop,https://www.zonaprop.com.ar/propiedades/clasificado/vecltrin-terreno-en-venta-en-chacarita-50637700.html,2026-10-04
Chacarita,Virrey Loreto 3600,749,1590000,2123,4003,397,,zonaprop,https://www.zonaprop.com.ar/propiedades/clasificado/vecltrin-lote-chacarita-colegiales-virrey-loreto-3600-doble-51187515.html,2026-10-04
Chacarita,Carranza Al 1000,129,489000,3791,965,507,,zonaprop,https://www.zonaprop.com.ar/propiedades/clasificado/vecltrin-lote-chaca-colegiales-carranza-al-1000-para-965-55621796.html,2026-10-04
Chacarita,Bonpland Al 900,265,999000,3770,1736,575,,zonaprop,https://www.zonaprop.com.ar/propiedades/clasificado/vecltrin-lote-chacalermo-bonpland-900-para-1736-m-sup2-53329498.html,2026-10-04
Chacarita,Dorrego 900,572,1900000,3322,3300,576,,zonaprop,https://www.zonaprop.com.ar/propiedades/clasificado/vecltrin-terreno-lote-en-venta-en-chacarita-capital-federal-60211524.html,2026-10-04
Chacarita,Bonpland Al 1100,155,399000,2574,845,472,,zonaprop,https://www.zonaprop.com.ar/propiedades/clasificado/vecltrin-lote-chaca-lermo-bonpland-1100-para-845-m-sup2-58756467.html,2026-10-04
Chacarita,OLLEROS 3600,345,1200000,3478,,,,zonaprop,https://www.zonaprop.com.ar/propiedades/clasificado/vecltrin-terreno-en-venta-en-chacarita-55012569.html,2026-10-04
Chacarita,LEMOS 0,247,650000,2632,,,,zonaprop,https://www.zonaprop.com.ar/propiedades/clasificado/vecltrin-terreno-en-venta-en-chacarita-50637537.html,2026-10-04
Chacarita,Av Corrientes Al 6700,198,1290000,6515,2688,480,,zonaprop,https://www.zonaprop.com.ar/propiedades/clasificado/vecltrin-lote-chacarita-corrientes-al-6700-vista-abierta-al-44698980.html,2026-10-04
Chacarita,Av Corrientes Al 6700,398,2190000,5503,6056,362,,zonaprop,https://www.zonaprop.com.ar/propiedades/clasificado/vecltrin-lote-chacarita-corrientes-al-6800-vista-abierta-al-56892210.html,2026-10-04
Chacarita,Charlone 1000,119,399000,3353,1220,327,,zonaprop,https://www.zonaprop.com.ar/propiedades/clasificado/vecltrin-lote-chacarita-charlone-al-1000-para-1220-m-sup2-49405792.html,2026-10-04
Chacarita,Giribone 1200,297,529000,1781,1170,452,,zonaprop,https://www.zonaprop.com.ar/propiedades/clasificado/vecltrin-lote-distrito-el-cano-giribone-1200-para-1170-m-sup2-56892324.html,2026-10-04
Villa Ortuzar,Holmberg al 800,296,519000,1753,1171.68,443,pb + 5,zonaprop,https://www.zonaprop.com.ar/propiedades/clasificado/vecltrin-terreno-en-venta-en-villa-ortuzar-55091912.html,2026-10-04
Villa Ortuzar,Combatientes DE Malvinas AV. al 3500,235,385000,1638,,,usab 2,zonaprop,https://www.zonaprop.com.ar/propiedades/clasificado/vecltrin-excelente-terreno-en-villa-ortuzar-lideres-en-59207756.html,2026-10-04
Villa Ortuzar,Alvarez Thomas  al 2300,571,1500000,2627,3060,490,,zonaprop,https://www.zonaprop.com.ar/propiedades/clasificado/vecltrin-lote-doble-frente-con-ingreso-por-2-calles-av-59455003.html,2026-10-04
Villa Ortuzar,Rosetti al 1400,313,248000,792,623.56,398,usab 1,zonaprop,https://www.zonaprop.com.ar/propiedades/clasificado/vecltrin-lote-9.17-x-35-m-sup2--en-la-mejor-zona-de-villa-59439399.html,2026-10-04
Villa Ortuzar,Av Alvares Thomas al 1700,170,550000,3235,,,usam 4,zonaprop,https://www.zonaprop.com.ar/propiedades/clasificado/vecltrin-terreno-venta-villa-ortuzar-ideal-para-desarrollo-58857268.html,2026-10-04
Villa Ortuzar,14 de Julio al 1200 Entre Av. Alvarez Thomas y Giribone,187,390000,2086,,,,zonaprop,https://www.zonaprop.com.ar/propiedades/clasificado/vecltrin-terreno-venta-villa-ortuzar-59933837.html,2026-10-04
Villa Ortuzar,Giribone al 1300,303,400000,1320,210,1905,usab2,zonaprop,https://www.zonaprop.com.ar/propiedades/clasificado/vecltrin-lote-en-venta-giribone-1350-8.66x36-ideal-58619855.html,2026-10-04
Villa Ortuzar,Roseti al 1700,166,750000,4518,1250,600,usam ,zonaprop,https://www.zonaprop.com.ar/propiedades/clasificado/vecltrin-excelente-lote-en-esquina-en-venta-villa-ortuzar-59547675.html,2026-10-04
Villa Ortuzar,Virrey del Pino al 4000,227,450000,1982,8.8,51136,pb + 2,zonaprop,https://www.zonaprop.com.ar/propiedades/clasificado/vecltrin-venta-lote-en-villa-ortuzar-belgrano-r-59078936.html,2026-10-04
Villa Ortuzar,GIRIBONE 1500. Entre Estomba y Heredia,171,436000,2550,745,585,,zonaprop,https://www.zonaprop.com.ar/propiedades/clasificado/vecltrin-lote-venta-villa-ortuzar-55029490.html,2026-10-04
Villa Ortuzar,Chorroarín 1070,439,600000,1367,,,,zonaprop,https://www.zonaprop.com.ar/propiedades/clasificado/vecltrin-terreno-en-distrito-audiovisual-inversion-segura-51611147.html,2026-10-04
Villa Ortuzar,Alvarez Thomas AV.  al 1600,368,990000,2690,,,usam,zonaprop,https://www.zonaprop.com.ar/propiedades/clasificado/vecltrin-alvarez-thomas-esquina-estomba-excelente-terreno-en-59206170.html,2026-10-04
Villa Ortuzar,Roseti al 1000,243,460000,1893,,,usaa,zonaprop,https://www.zonaprop.com.ar/propiedades/clasificado/vecltrin-excelente-terreno-en-chacarita-lideres-en-terrenos-59858289.html,2026-10-04
Villa Ortuzar,Fraga al 1400,373,320000,858,,,usam 1,zonaprop,https://www.zonaprop.com.ar/propiedades/clasificado/vecltrin-venta-lote-en-villa-ortuzar-de-8.66-x-43-m-59669890.html,2026-10-04
Villa Ortuzar,Charlone al 1400,302,850000,2815,1178,722,usab 2,zonaprop,https://www.zonaprop.com.ar/propiedades/clasificado/vecltrin-excelente-terreno.-en-la-mejor-cuadra-de-v.-ortuzar.-48928552.html,2026-10-04
Villa Ortuzar,Tronador al 800,1272,429000,337,,,,zonaprop,https://www.zonaprop.com.ar/propiedades/clasificado/vecltrin-terreno-en-venta-en-villa-ortuzar-incidencia-350usd-57077463.html,2026-10-04
Villa Ortuzar,TRONADOR 985,940,480000,511,940,511,,zonaprop,https://www.zonaprop.com.ar/propiedades/clasificado/vecltrin-terreno-con-planos-aprobados-demolicion-e-impuestos-59123440.html,2026-10-04
Villa Ortuzar,Guevara al 1600,370,349000,943,,,usam,zonaprop,https://www.zonaprop.com.ar/propiedades/clasificado/vecltrin-terreno-para-desarrollo-en-villa-ortuzar-chacarita-58931317.html,2026-10-04
Villa Ortuzar,DONADO,600,700000,1167,,,,zonaprop,https://www.zonaprop.com.ar/propiedades/clasificado/vecltrin-terreno-venta-donado-55508803.html,2026-10-04
Villa Ortuzar,Alvarez Thomas Av. al 1800,186,590000,3172,,,,zonaprop,https://www.zonaprop.com.ar/propiedades/clasificado/vecltrin-alvarez-thomas-av-1894-58227900.html,2026-10-04
Villa Ortuzar,Caldas  al 1700,184,390000,2120,,,usam,zonaprop,https://www.zonaprop.com.ar/propiedades/clasificado/vecltrin-excelente-terreno-en-villa-ortuzar-lideres-en-59207679.html,2026-10-04
Villa Ortuzar,Virrey del Pino 4100,450,990000,2200,1450,683,Pb + 3,zonaprop,https://www.zonaprop.com.ar/propiedades/clasificado/vecltrin-terreno-lote-en-venta-doble-frente-en-villa-ortuzar-59964317.html,2026-10-04
Villa Ortuzar,"ALVAREZ THOMAS, AVDA. 1840. Entre Plaza y Holmberg",161,440000,2733,,,usam,zonaprop,https://www.zonaprop.com.ar/propiedades/clasificado/vecltrin-lote.-alvarez-thomas-avda.-1840-60156085.html,2026-10-04
Villa Ortuzar,Heredia  al 207,519,820000,1580,3191,257,,zonaprop,https://www.zonaprop.com.ar/propiedades/clasificado/vecltrin-oportunidad-unica:-lote-estacionamiento-en-heredia-al-59846574.html,2026-10-04
Villa Ortuzar,Av. de los Incas 4018,145,450000,3103,,,,zonaprop,https://www.zonaprop.com.ar/propiedades/clasificado/vecltrin-terreno-villa-ortuzar-belgrano-r-145-m-de-60092093.html,2026-10-04
Villa Ortuzar,Heredia 500,111,205000,1847,445,461,usab1,zonaprop,https://www.zonaprop.com.ar/propiedades/clasificado/vecltrin-lote-en-esquina-le-brique-propiedades-60129398.html,2026-10-04
Villa Ortuzar,Av. Álvarez Thomas 1700,343,550000,1603,990,556,usam,zonaprop,https://www.zonaprop.com.ar/propiedades/clasificado/vecltrin-excelente-terreno-con-salida-a-dos-calles-59764602.html,2026-10-04
Villa Ortuzar,Girardot 1300,820,440000,537,,,usam,zonaprop,https://www.zonaprop.com.ar/propiedades/clasificado/vecltrin-edificio-en-construccion-de-820-m-sup2-60294724.html,2026-10-04
Villa Ortuzar,Lugones  al 1508,242,225000,930,500,450,usab 2,zonaprop,https://www.zonaprop.com.ar/propiedades/clasificado/vecltrin-venta-lote-en-esquina-villa-urquiza-60164321.html,2026-10-04
Villa Ortuzar,Tronador al 600,699,2000000,2861,,,usam,zonaprop,https://www.zonaprop.com.ar/propiedades/clasificado/vecltrin-20-m-de-frente!-villa-ortuzar-lideres-en-terrenos-59207490.html,2026-10-04
Villa Ortuzar,Combatientes De Malvinas 3000,1312,8000000,6098,13000,615,,zonaprop,https://www.zonaprop.com.ar/propiedades/clasificado/vecltrin-terreno-venta-caba-villa-ortuzar-59793208.html,2026-10-04
Villa Ortuzar,Av Alvarez Thomas al 1700,170,550000,3235,,,usam 4,zonaprop,https://www.zonaprop.com.ar/propiedades/clasificado/vecltrin-venta-edificio-comercial-de-dos-plantas-170-m-sup2-59945118.html,2026-10-04
Villa Ortuzar,DEL Campo AV. 1602/ Tronador  al 296,112,225000,2009,,,usam,zonaprop,https://www.zonaprop.com.ar/propiedades/clasificado/vecltrin-del-campo-esquina-tronador-excelente-terreno-en-59839104.html,2026-10-04
Villa Ortuzar,Av Alvarez Thomas al 1700,170,550000,3235,1000,550,usam 4,zonaprop,https://www.zonaprop.com.ar/propiedades/clasificado/vecltrin-venta-terreno-170-m-sup2--aprox.-992-m-sup2-59943456.html,2026-10-04
Villa Ortuzar,Alvarez Thomas Av. al 1700,170,550000,3235,992,554,usam 4,zonaprop,https://www.zonaprop.com.ar/propiedades/clasificado/vecltrin-increible-terreno-en-venta-sobre-la-av-alvarez-thomas-59051278.html,2026-10-04
Villa Ortuzar,Tronador e/ Girardot y Caldas,225,223000,991,,,,zonaprop,https://www.zonaprop.com.ar/propiedades/clasificado/vecltrin-terreno-en-venta-225-m-sup2--villa-ortuzar-59717337.html,2026-10-04
Villa Ortuzar,Charlone 1400,225,490000,2178,700,700,usab2,zonaprop,https://www.zonaprop.com.ar/propiedades/clasificado/vecltrin-venta-v.-ortuzar-700-m-sup2--vendibles-fte-a-la-plaza-60283424.html,2026-10-04
Villa Ortuzar,Giribone al 1300,303,485000,1601,210,2310,usab2,zonaprop,https://www.zonaprop.com.ar/propiedades/clasificado/vecltrin-lote-en-venta-giribone-1350-8.66x36-ideal-60067834.html,2026-10-04
Villa Ortuzar,Heredia  al 1400,156,400000,2564,1720,233,,zonaprop,https://www.zonaprop.com.ar/propiedades/clasificado/vecltrin-venta-de-lote-900-m-sup2--vendibles-villa-ortuzar-59520123.html,2026-10-04
Villa Ortuzar,Triunvirato AV.  al 3000,170,495000,2912,,,,zonaprop,https://www.zonaprop.com.ar/propiedades/clasificado/vecltrin-excelente-terreno-en-villa-ortuzar-lideres-en-59521738.html,2026-10-04
Villa Ortuzar,Plaza al 800,263,430000,1635,,,usam,zonaprop,https://www.zonaprop.com.ar/propiedades/clasificado/vecltrin-excelente-terreno-en-villa-ortuzar-lideres-en-59512743.html,2026-10-04
Villa Ortuzar,Atanasio Girardot 1367,1564,2960000,1893,,,,zonaprop,https://www.zonaprop.com.ar/propiedades/clasificado/vecltrin-deposito-en-venta-en-villa-ortuzar-ex-laboratorio-56996021.html,2026-10-04
Villa Ortuzar,Chorroarin al 1000,439,550000,1253,982,560,usam,zonaprop,https://www.zonaprop.com.ar/propiedades/clasificado/vecltrin-venta-terreno-villa-ortuzar-av-chorroarin-57681802.html,2026-10-04
Villa Ortuzar,Girardot 1800,192,380000,1979,,,usam,zonaprop,https://www.zonaprop.com.ar/propiedades/clasificado/vecltrin-excelente-lote-en-esquina-60107060.html,2026-10-04
Villa Ortuzar,Av. Triunvirato 2867,375,1000000,2667,,,usaa ,zonaprop,https://www.zonaprop.com.ar/propiedades/clasificado/vecltrin-excelente-terreno-usaa-46198401.html,2026-10-04
Villa Ortuzar,Charlone,1243,490000,394,,,usab 1,zonaprop,https://www.zonaprop.com.ar/propiedades/clasificado/vecltrin-venta-lote-villa-ortuzar-para-edificar-49192464.html,2026-10-04
Villa Ortuzar,Heredia  al 200,519,820000,1580,3.19173,256914,,zonaprop,https://www.zonaprop.com.ar/propiedades/clasificado/vecltrin-oportunidad-unica:-lote-estacionamiento-en-heredia-al-58772462.html,2026-10-04
Villa Ortuzar,Gral Mariano Acha 991,200,349000,1745,,,,zonaprop,https://www.zonaprop.com.ar/propiedades/clasificado/vecltrin-lote-8-66-x-23.-u.-s.-a.-m-apto-5-pisos-2-retiros.-56289456.html,2026-10-04
Villa Ortuzar,Iturri 1300,117,160000,1368,450,356,usab,zonaprop,https://www.zonaprop.com.ar/propiedades/clasificado/vecltrin-venta-terreno-villa-ortuzar-usab-2-pb-4pisos-60222281.html,2026-10-04
Villa Ortuzar,Av. Triunvirato 2823,747,2000000,2677,,,usaa ,zonaprop,https://www.zonaprop.com.ar/propiedades/clasificado/vecltrin-excelente-terreno-usaa-51868413.html,2026-10-04
Villa Ortuzar,14 de Julio  al 1300,150,319000,2127,,,usab 2,zonaprop,https://www.zonaprop.com.ar/propiedades/clasificado/vecltrin-terreno-en-villa-ortuzar-59804661.html,2026-10-04
Villa Ortuzar,Lugones 1588. Entre Ballivian y Giribone,228,310000,1360,626.76,495,usab2,zonaprop,https://www.zonaprop.com.ar/propiedades/clasificado/vecltrin-lote-en-venta-en-villa-ortuzar-ideal-desarrollo-58566022.html,2026-10-04
Villa Ortuzar,Girardot 1858,340,480000,1412,1980,242,usam,zonaprop,https://www.zonaprop.com.ar/propiedades/clasificado/vecltrin-lote-de-17.5x21-le-brique-propiedades-60294915.html,2026-10-04
Villa Ortuzar,Zarraga al 3600,454,600000,1322,1000,600,usam,zonaprop,https://www.zonaprop.com.ar/propiedades/clasificado/vecltrin-conquipropiedades-casa-villa-ortuzar-58361539.html,2026-10-04
Villa Ortuzar,Lugones 1414,163,340000,2086,790,430,usam,zonaprop,https://www.zonaprop.com.ar/propiedades/clasificado/vecltrin-lote-a-m-de-av-de-los-incas-y-triunvirato-58873913.html,2026-10-04
Villa Ortuzar,Combatientes de Malvinas al 3500,193,310000,1606,,,,zonaprop,https://www.zonaprop.com.ar/propiedades/clasificado/vecltrin-terreno-en-villa-ortuzar-60321639.html,2026-10-04
Villa Ortuzar,Tronador 1300,257,500000,1946,1000,500,,zonaprop,https://www.zonaprop.com.ar/propiedades/clasificado/vecltrin-venta-lote-villa-ortuzar-60103604.html,2026-10-04
Villa Ortuzar,Combatientes de Malvinas al 3500,800,960000,1200,,,,zonaprop,https://www.zonaprop.com.ar/propiedades/clasificado/vecltrin-terreno-en-villa-ortuzar-60321607.html,2026-10-04
Villa Ortuzar,14 de Julio al 1000,416,620000,1490,,,,zonaprop,https://www.zonaprop.com.ar/propiedades/clasificado/vecltrin-imperdible-casa-con-gran-jardin!-lote-gigante-de-8-67-59844520.html,2026-10-04
Villa Ortuzar,"DE LOS INCAS, AVDA. 4319. Entre Acha, Mariano y Lugones",219,499000,2279,1000,499,pb + 5,zonaprop,https://www.zonaprop.com.ar/propiedades/clasificado/vecltrin-venta-lote-1000-m-sup2--vendibles-incas-4300-subte-b-58912073.html,2026-10-04
Villa Ortuzar,Roseti 1400. Entre 14 De Julio y Heredia,313,248000,792,760.38,326,,zonaprop,https://www.zonaprop.com.ar/propiedades/clasificado/vecltrin-roseti-1400-villa-ortuzar-lote-u$248.000-57392594.html,2026-10-04
Villa Ortuzar,Tronador al 900,154,460000,2987,1274.65,361,,zonaprop,https://www.zonaprop.com.ar/propiedades/clasificado/vecltrin-terreno-ideal-para-desarrollo-inmobiliario-59109904.html,2026-10-04
Villa Ortuzar,Tronador 1187,139,306000,2201,,,,zonaprop,https://www.zonaprop.com.ar/propiedades/clasificado/vecltrin-departamento-3-ambientes-a-estrenar-villa-ortuzar-57933756.html,2026-10-04
Villa Ortuzar,Combatientes de Malvinas  al 3500,597,650000,1089,,,,zonaprop,https://www.zonaprop.com.ar/propiedades/clasificado/vecltrin-terreno-en-villa-ortuzar-60157851.html,2026-10-04
Villa Ortuzar,Av. Álvarez Thomas 1079,225,690000,3067,1400,493,,zonaprop,https://www.zonaprop.com.ar/propiedades/clasificado/vecltrin-lote-en-venta-para-emprendimiento-en-v.-urquiza-sobre-57876705.html,2026-10-04
Villa Ortuzar,Pasaje Stephenson 2800,532,290000,545,,,usab 2,zonaprop,https://www.zonaprop.com.ar/propiedades/clasificado/vecltrin-terrenos-fracciones-loteos-terrenos-villa-ortuzar-57014948.html,2026-10-04
Villa Ortuzar,Giribone al 1625,157,299000,1904,,,,zonaprop,https://www.zonaprop.com.ar/propiedades/clasificado/vecltrin-terreno-villa-ortuzar-en-venta-8.88-x-17.60-m-59691526.html,2026-10-04
Villa Ortuzar,Guevara 1339,372,359000,965,,,pb+3,zonaprop,https://www.zonaprop.com.ar/propiedades/clasificado/vecltrin-terreno-en-villa-ortuzar-oportunidad-57482838.html,2026-10-04
Villa Ortuzar,Heredia  al 207,519,820000,1580,3191,257,,zonaprop,https://www.zonaprop.com.ar/propiedades/clasificado/vecltrin-oportunidad-unica:-lote-estacionamiento-en-heredia-al-59349226.html,2026-10-04
Villa Ortuzar,"DE LOS INCAS, AVDA. 4243. Entre Donado y Acha, Mariano",316,700000,2215,1640,427,,zonaprop,https://www.zonaprop.com.ar/propiedades/clasificado/vecltrin-venta-lote-terreno-de-los-incas-4200-subte-b-incas-59241437.html,2026-10-04
Villa Ortuzar,Av. De los Incas al 4200,404,1550000,3837,1980,783,,zonaprop,https://www.zonaprop.com.ar/propiedades/clasificado/vecltrin-lote-apto-propiedad-horizontal-60237149.html,2026-10-04
Villa Ortuzar,Plaza Al 900,329,479000,1456,900,532,,zonaprop,https://www.zonaprop.com.ar/propiedades/clasificado/vecltrin-lote-villa-ortuzar-plaza-al-900-cerca-del-subte-52421366.html,2026-10-04
Villa Ortuzar,VIRREY AVILES 3600,225,560000,2489,850,659,usam,zonaprop,https://www.zonaprop.com.ar/propiedades/clasificado/vecltrin-terreno-en-venta-en-villa-ortuzar-56974510.html,2026-10-04
Villa Ortuzar,Holmberg 1500,275,750000,2727,1100,682,,zonaprop,https://www.zonaprop.com.ar/propiedades/clasificado/vecltrin-terreno-lote-en-venta-en-villa-ortuzar-capital-58516733.html,2026-10-04
Villa Ortuzar,Tronador Al 1000,149,799000,5362,1498,533,,zonaprop,https://www.zonaprop.com.ar/propiedades/clasificado/vecltrin-lote-villa-ortuzar-tronador-1000-para-1498-m-sup2-58657751.html,2026-10-04
Villa Ortuzar,Avenida De Los Incas 3700,600,299000,498,120,2492,,zonaprop,https://www.zonaprop.com.ar/propiedades/clasificado/vecltrin-terreno-en-venta-en-belgrano-r-60260547.html,2026-10-04
Villa Ortuzar,Av. Triunvirato Al 2900,265,590000,2226,,,,zonaprop,https://www.zonaprop.com.ar/propiedades/clasificado/vecltrin-lote-villa-ortuzar-av-triunvirato-2900-para-2062-53362340.html,2026-10-04
Villa Ortuzar,Tronador Al 1000,135,499000,3696,1187,420,,zonaprop,https://www.zonaprop.com.ar/propiedades/clasificado/vecltrin-lote-villa-ortuzar-tronador-al-1000-mucho-canje-57885431.html,2026-10-04
Villa Ortuzar,Tronador Al 1000,157,749000,4771,1498,500,,zonaprop,https://www.zonaprop.com.ar/propiedades/clasificado/vecltrin-lote-villa-ortuzar-tronador-al-1000-casi-todo-canje-58950834.html,2026-10-04
Villa Ortuzar,Caldas 1800,295,599000,2031,2357,254,,zonaprop,https://www.zonaprop.com.ar/propiedades/clasificado/vecltrin-villa-ortuzar-caldas-1800-para-2357-m-sup2-51146685.html,2026-10-04
Villa Ortuzar,14 De Julio 1100,239,369000,1544,120,3075,usab 2,zonaprop,https://www.zonaprop.com.ar/propiedades/clasificado/vecltrin-lote-villa-ortuzar-14-de-julio-1100-usab2-p-1077-58997301.html,2026-10-04
Villa Ortuzar,Avenida Donado 1000,218,300000,1376,140,2143,,zonaprop,https://www.zonaprop.com.ar/propiedades/clasificado/vecltrin-lote-en-villa-ortuzar-60036886.html,2026-10-04
Villa Ortuzar,Heredia 400,360,345000,958,,,pb + 4,zonaprop,https://www.zonaprop.com.ar/propiedades/clasificado/vecltrin-vta-v-ortuzar-casas-en-bloque-esquina-p-desarrollo-60200130.html,2026-10-04
Villa Ortuzar,Caldas 1700,179,419000,2341,1191,352,,zonaprop,https://www.zonaprop.com.ar/propiedades/clasificado/vecltrin-villa-ortuzar-caldas-1700-para-1191-m-sup2-54352243.html,2026-10-04
Villa Ortuzar,Tronador Al 600,219,245000,1119,570,430,usab 2,zonaprop,https://www.zonaprop.com.ar/propiedades/clasificado/vecltrin-lote-villa-ortuzar-tronador-al-600-cerca-del-subte-50938564.html,2026-10-04
Villa Ortuzar,Roseti 1710,1500,770000,513,1500,513,usam ,zonaprop,https://www.zonaprop.com.ar/propiedades/clasificado/vecltrpa-oportunidad-desarrollador.-dueno-directo-vende-lote-54459348.html,2026-10-04
Villa Ortuzar,Zárraga,222,800000,3604,,,usam,zonaprop,https://www.zonaprop.com.ar/propiedades/clasificado/vecltrpa-terreno-usam-222-m-sup2--en-villa-ortuzar-dueno-60058839.html,2026-10-04
Almagro,Av Corrientes al 4100,230,1700000,7391,,,,zonaprop,https://www.zonaprop.com.ar/propiedades/clasificado/vecltrin-terreno-en-venta-almagro-60315798.html,2026-10-04
Almagro,Medrano 815/23 + Guardia Vieja  al 3900,592,2600000,4392,,,usam,zonaprop,https://www.zonaprop.com.ar/propiedades/clasificado/vecltrin-3-parcelas-en-esquina-almagro-lideres-en-terrenos-59206040.html,2026-10-04
Almagro,Gascon al 200,309,499900,1618,,,,zonaprop,https://www.zonaprop.com.ar/propiedades/clasificado/vecltrin-lote-de-8-66-x-36-m-con-1735-m-sup2--vendibles-en-59528666.html,2026-10-04
Almagro,Lambare al 800,804,1500000,1866,4616.62,325,pb + 5,zonaprop,https://www.zonaprop.com.ar/propiedades/clasificado/vecltrin-lote-en-almagro-804-m-sup2--zonificacion-usam-58943594.html,2026-10-04
Almagro,Av. Córdoba 3430,367,1550000,4223,3810,407,pb + 10,zonaprop,https://www.zonaprop.com.ar/propiedades/clasificado/vecltrin-terreno-en-palermo-59612941.html,2026-10-04
Almagro,Guardia Vieja 3960,324,470000,1451,,,usam ,zonaprop,https://www.zonaprop.com.ar/propiedades/clasificado/vecltrin-terreno-ideal-proyecto-edilicio-59764244.html,2026-10-04
Almagro,Billinghurst 800,645,640000,992,1350,474,,zonaprop,https://www.zonaprop.com.ar/propiedades/clasificado/vecltrin-venta-lote-con-demolicion-almagro-60301845.html,2026-10-04
Almagro,Virrey Liniers  al 100,190,330000,1737,,,,zonaprop,https://www.zonaprop.com.ar/propiedades/clasificado/vecltrin-venta-lote-terreno-en-almagro-60238265.html,2026-10-04
Almagro,Lavalle  al 3500,159,400000,2516,,,,zonaprop,https://www.zonaprop.com.ar/propiedades/clasificado/vecltrin-terreno-casa-chorizo-8-66-x-18-36-usab-2-usos-2-59426212.html,2026-10-04
Almagro,Billinghurst al 500,248,500000,2016,1217,411,usam,zonaprop,https://www.zonaprop.com.ar/propiedades/clasificado/vecltrin-terreno-en-almagro-878-m-sup2--vendibles-usam-59456858.html,2026-10-04
Almagro,JERONIMO SALGUERO 192. Entre Av. diaz velez y Bartolome mitre,217,320000,1475,1525,210,usaa,zonaprop,https://www.zonaprop.com.ar/propiedades/clasificado/vecltrin-venta-lote-almagro-58329890.html,2026-10-04
Almagro,Palestina al 900,668,2200000,3293,2800,786,,zonaprop,https://www.zonaprop.com.ar/propiedades/clasificado/vecltrin-terreno-doble-frente-apto-edificio.-almagro.-59753864.html,2026-10-04
Almagro,Mexico  al 3600,225,370000,1644,1129,328,usaa ,zonaprop,https://www.zonaprop.com.ar/propiedades/clasificado/vecltrin-terreno-en-almagro-60316137.html,2026-10-04
Almagro,Av Belgrano al 3400,246,650000,2642,,,,zonaprop,https://www.zonaprop.com.ar/propiedades/clasificado/vecltrin-terreno-en-venta.-ideal-inversores-59566476.html,2026-10-04
Almagro,Tte. Gral. Juan Domingo Perón 4400,276,399000,1446,1426,280,pb + 5,zonaprop,https://www.zonaprop.com.ar/propiedades/clasificado/vecltrin-venta-almagro-lote-60279853.html,2026-10-04
Almagro,QUERANDIES 4373. Entre Yatay y Pringles,241,278000,1154,1212,229,pb + 5,zonaprop,https://www.zonaprop.com.ar/propiedades/clasificado/vecltrin-lote-propio-en-venta-apto-1200-m-sup2-.-55981391.html,2026-10-04
Almagro,Muñiz 529. Entre Agrelo y Mexico,263,495000,1882,1564,316,usaa,zonaprop,https://www.zonaprop.com.ar/propiedades/clasificado/vecltrin-lote.-muniz-al-500-57264407.html,2026-10-04
Almagro,Jeronimo Salguero al 600,907,1200000,1323,2669,450,usam ,zonaprop,https://www.zonaprop.com.ar/propiedades/clasificado/vecltrin-venta-lote-de-doble-frente-en-almagro-salguero-y-59452781.html,2026-10-04
Almagro,Gascon al 600,161,600000,3727,842,713,pb + 5,zonaprop,https://www.zonaprop.com.ar/propiedades/clasificado/vecltrin-venta-de-lote-en-almagro-58399225.html,2026-10-04
Almagro,Bulnes al 900,182,450000,2473,,,,zonaprop,https://www.zonaprop.com.ar/propiedades/clasificado/vecltrin-terreno-almagro-53464739.html,2026-10-04
Almagro,DON Bosco AL 3800,199,485000,2437,1600,303,,zonaprop,https://www.zonaprop.com.ar/propiedades/clasificado/vecltrin-lote-de-199-m-sup2--en-don-bosco-y-castro-barros-a-59617884.html,2026-10-04
Almagro,Quintino Bocayuva al 1100,224,270000,1205,1314,205,usaa ,zonaprop,https://www.zonaprop.com.ar/propiedades/clasificado/vecltrin-venta-terreno-usaa-en-quintino-bocayuva-y-av-san-juan-59617605.html,2026-10-04
Almagro,Muniz al 300,312,970000,3109,1958,495,pb + 7,zonaprop,https://www.zonaprop.com.ar/propiedades/clasificado/vecltrin-terreno-en-venta-almagro-caballito-muniz-y-venezuela-58821160.html,2026-10-04
Almagro,Castro Barros al 200,149,280000,1879,730,384,usab 2,zonaprop,https://www.zonaprop.com.ar/propiedades/clasificado/vecltrin-terreno-almagro-60294326.html,2026-10-04
Almagro,Av. Estado Israel al 4400,97,450000,4639,970,464,pb + 10 + 2,zonaprop,https://www.zonaprop.com.ar/propiedades/clasificado/vecltrin-terreno-en-almagro-palermo-57471867.html,2026-10-04
Almagro,"Salguero, Jeronimo al 300",143,290000,2028,,,,zonaprop,https://www.zonaprop.com.ar/propiedades/clasificado/vecltrin-excelente-terreno-en-almagro-lideres-en-terrenos-59206159.html,2026-10-04
Almagro,"Acuña DE Figueroa, Francisco  al 900",190,289000,1521,,,usam,zonaprop,https://www.zonaprop.com.ar/propiedades/clasificado/vecltrin-excelente-terreno-en-almagro-lideres-en-terrenos-60118253.html,2026-10-04
Almagro,Sarmiento al 3400,438,600000,1370,,,usam,zonaprop,https://www.zonaprop.com.ar/propiedades/clasificado/vecltrin-excelente-terreno-en-almagro-lideres-en-terrenos-59206143.html,2026-10-04
Almagro,Billinghurst al 500,248,500000,2016,,,pb +5,zonaprop,https://www.zonaprop.com.ar/propiedades/clasificado/vecltrin-terreno-emplazado-en-el-barrio-de-almagro-sobre-la-58963663.html,2026-10-04
Almagro,Billinghurst  al 200,127,245000,1929,,,usaa,zonaprop,https://www.zonaprop.com.ar/propiedades/clasificado/vecltrin-excelente-terreno-en-almagro-lideres-en-terrenos-59207657.html,2026-10-04
Almagro,Corrientes  al 4600,253,850000,3360,2107,403,,zonaprop,https://www.zonaprop.com.ar/propiedades/clasificado/vecltrin-terreno-en-venta-en-almagro!-59856023.html,2026-10-04
Almagro,Lavalle al 4000,642,3000000,4673,5200,577,,zonaprop,https://www.zonaprop.com.ar/propiedades/clasificado/vecltrin-gran-frente-sobre-av-cordoba-y-estado-de-israel.-5.200-56164779.html,2026-10-04
Almagro,Lote en Humahuaca  al 3400,345,395000,1145,,,,zonaprop,https://www.zonaprop.com.ar/propiedades/clasificado/vecltrin-terreno-en-almagro-norte-59107068.html,2026-10-04
Almagro,Pringles 0,99,369000,3727,,,cm,zonaprop,https://www.zonaprop.com.ar/propiedades/clasificado/vecltrin-terreno-lote-en-venta-en-almagro-capital-federal-58525274.html,2026-10-04
Almagro,Pringles 170,131,180000,1374,832,216,usam,zonaprop,https://www.zonaprop.com.ar/propiedades/clasificado/vecltrin-oportunidad!-lote-de-terreno-a-la-venta-en-almagro-con-59842284.html,2026-10-04
Almagro,Medrano 618/620/622.,192,1200000,6250,,,,zonaprop,https://www.zonaprop.com.ar/propiedades/clasificado/vecltrin-terreno-almagro-48381597.html,2026-10-04
Almagro,Billinghurst 500,248,495000,1996,890,556,usam ,zonaprop,https://www.zonaprop.com.ar/propiedades/clasificado/vecltrin-venta-lote-usam-billinghurst-500-900-m-vendibles-58961712.html,2026-10-04
Almagro,Pringles 753,147,499000,3395,,,Usam,zonaprop,https://www.zonaprop.com.ar/propiedades/clasificado/vecltrin-lote-en-esquina-apto-m.-casi-corrientes-56772243.html,2026-10-04
Almagro,Yatay 700,180,359000,1994,,,,zonaprop,https://www.zonaprop.com.ar/propiedades/clasificado/vecltrin-gran-oportunidad!-para-no-perder!-para-1100-m-de-58653812.html,2026-10-04
Almagro,Maza 344,356,400000,1124,1823,219,pb + 5,zonaprop,https://www.zonaprop.com.ar/propiedades/clasificado/vecltrin-venta-terreno-almagro-canje-100-x-m-sup2--8-66-x-41-59690728.html,2026-10-04
Almagro,Pringles Entre Diaz Velez y Querandies,127,180000,1417,811,222,usam,zonaprop,https://www.zonaprop.com.ar/propiedades/clasificado/vecltrin-venta-de-terreno-pringles-170-en-almagro-60058938.html,2026-10-04
Almagro,LAVALLE 3263. Entre Gallo y Aguero,437,430000,984,2080,207,pb + 7,zonaprop,https://www.zonaprop.com.ar/propiedades/clasificado/vecltrin-venta-lote-almagro-con-anteproyecto-58631832.html,2026-10-04
Almagro,Bartolome Mitre al 4100,537,539000,1004,,,,zonaprop,https://www.zonaprop.com.ar/propiedades/clasificado/vecltrin-lote-en-venta-en-almagro-56914082.html,2026-10-04
Almagro,Mario Bravo al 400,230,460000,2000,1724,267,usaa ,zonaprop,https://www.zonaprop.com.ar/propiedades/clasificado/vecltrin-terreno-de-230-m-sup2--en-venta-en-almagro-norte-58545069.html,2026-10-04
Almagro,TUCUMAN 3323. Entre Sanchez De Bustamante y Gallo,122,247000,2025,570,433,,zonaprop,https://www.zonaprop.com.ar/propiedades/clasificado/vecltrin-lote-en-venta-en-almagro!-8-x-15.25!-52301412.html,2026-10-04
Almagro,TUCUMAN 3323. Entre Sanchez De Bustamante y Gallo,122,247000,2025,570,433,,zonaprop,https://www.zonaprop.com.ar/propiedades/clasificado/vecltrin-lote-en-venta-en-almagro!-8-x-15.25!-52301410.html,2026-10-04
Almagro,Sarmiento  al 4300,1068,2400000,2247,6300,381,,zonaprop,https://www.zonaprop.com.ar/propiedades/clasificado/vecltrin-terreno-triple-en-venta-6000-m-sup2--vendibles-almagro-59711440.html,2026-10-04
Almagro,Humahuaca al 3400,345,380000,1101,1250,304,usam ,zonaprop,https://www.zonaprop.com.ar/propiedades/clasificado/vecltrin-lote-baja-incidencia-almagro-zona-abasto-55637607.html,2026-10-04
Almagro,Venezuela e/ Colombres y Pasaje José Julián Pérez,595,635000,1067,,,,zonaprop,https://www.zonaprop.com.ar/propiedades/clasificado/vecltrin-terreno-en-venta-595-m-sup2--almagro-59952078.html,2026-10-04
Almagro,Bocayuva Quintino al 200,149,330000,2215,934.7,353,usab2,zonaprop,https://www.zonaprop.com.ar/propiedades/clasificado/vecltrin-terreno-en-almagro-de-149-80-m-sup2--10-44-m-de-56589864.html,2026-10-04
Almagro,Humahuaca al 3400,642,880000,1371,,,,zonaprop,https://www.zonaprop.com.ar/propiedades/clasificado/vecltrin-terreno-con-doble-frente-a-dos-cuadras-del-abasto-57898026.html,2026-10-04
Almagro,José Marmol al 600,237,460000,1941,,,usaa,zonaprop,https://www.zonaprop.com.ar/propiedades/clasificado/vecltrin-excelente-oportunidad-desarrolladores:-terreno-jose-60256596.html,2026-10-04
Almagro,Bulnes al 200,289,600000,2076,,,Pb + 7,zonaprop,https://www.zonaprop.com.ar/propiedades/clasificado/vecltrin-terreno-para-1414-m-sup2--en-el-corazon-de-almagro-58976571.html,2026-10-04
Almagro,Francisco Acuña de Figueroa 322,149,330000,2215,,,,zonaprop,https://www.zonaprop.com.ar/propiedades/clasificado/vecltrin-venta-terreno-6.45-x-23.10-59420868.html,2026-10-04
Almagro,José Mármol,310,389000,1255,121.264,3208,,zonaprop,https://www.zonaprop.com.ar/propiedades/clasificado/vecltrin-casona-en-venta-zona-almagro-ideal-inversores-para-56084385.html,2026-10-04
Almagro,Acuña de Figueroa al 300,132,395000,2992,,,,zonaprop,https://www.zonaprop.com.ar/propiedades/clasificado/vecltrin-terreno-en-almagro-60026970.html,2026-10-04
Almagro,Humahuaca y Gallo - Lote en Venta - 191m2,222,480000,2162,,,usam,zonaprop,https://www.zonaprop.com.ar/propiedades/clasificado/vecltrin-humahuaca-y-austria-lote-en-venta-191-m-sup2-53648449.html,2026-10-04
Almagro,Pringles  al 700,144,499000,3465,105,4752,pb + 7,zonaprop,https://www.zonaprop.com.ar/propiedades/clasificado/vecltrin-terreno-en-esquina-en-almagro-ideal-inversores-60288315.html,2026-10-04
Almagro,Av. Independencia al 4200,208,580000,2788,205.418,2824,,zonaprop,https://www.zonaprop.com.ar/propiedades/clasificado/vecltrin-veta-terreno-en-av-independencia-barracas-58414495.html,2026-10-04
Almagro,Bustamante y Sarmiento - Lote en Venta Ideal Para Construir - Almagro,421,480000,1140,,,,zonaprop,https://www.zonaprop.com.ar/propiedades/clasificado/vecltrin-bustamante-y-sarmiento-lote-en-venta-ideal-para-53649094.html,2026-10-04
Almagro,Av. Belgrano 3483,246,640000,2602,1800,356,,zonaprop,https://www.zonaprop.com.ar/propiedades/clasificado/vecltrin-almagro-lote-sobre-av-belgrano-3400-pb-10-pisos-59003907.html,2026-10-04
Almagro,Guardia Vieja  al 3900,324,470000,1451,,,,zonaprop,https://www.zonaprop.com.ar/propiedades/clasificado/vecltrin-terreno-en-almagro-59225415.html,2026-10-04
Almagro,Valentín Gómez 3399,209,290000,1388,,,,zonaprop,https://www.zonaprop.com.ar/propiedades/clasificado/vecltrin-valentin-gomez-3399-lote-en-esquina-208-m-sup2--a-1-57843823.html,2026-10-04
Almagro,Acuña de Figueroa 276,1904,640000,336,1904,336,pb + 7,zonaprop,https://www.zonaprop.com.ar/propiedades/clasificado/vecltrin-se-vende-terreno-en-almagro:-1523-m-sup2--vend.-aprox.-50753179.html,2026-10-04
Almagro,Gallo al 872,240,450000,1875,720,625,usab 2,zonaprop,https://www.zonaprop.com.ar/propiedades/clasificado/vecltrin-lote-en-venta-almagro-9-19-m-x-27-62-m-usab2-60301455.html,2026-10-04
Almagro,Corrientes  al 4600,447,2400000,5369,,,,zonaprop,https://www.zonaprop.com.ar/propiedades/clasificado/vecltrin-terreno-en-venta-en-almagro-capital-federal-56594191.html,2026-10-04
Almagro,Pringles al 200,520,870000,1673,22.8,38158,,zonaprop,https://www.zonaprop.com.ar/propiedades/clasificado/vecltrin-terreno-ideal-para-construir-o-para-renta-60279232.html,2026-10-04
Almagro,Esparza 63,576,331000,575,1758,188,,zonaprop,https://www.zonaprop.com.ar/propiedades/clasificado/vecltrpa-dueno-vende-lote-almagro-59017761.html,2026-10-04
Almagro,Av. Belgrano al 3300,650,890000,1369,3200,278,,zonaprop,https://www.zonaprop.com.ar/propiedades/clasificado/vecltrin-venta-terreno-lote-en-almagro-59774278.html,2026-10-04
Almagro,Mario Bravo,235,330000,1404,,,,zonaprop,https://www.zonaprop.com.ar/propiedades/clasificado/vecltrin-lote-terreno-venta-almagro-1700-m-sup2--construibles-56738507.html,2026-10-04
Almagro,Av. Rivadavia 4027,994,2400000,2414,4695,511,Usab 2,zonaprop,https://www.zonaprop.com.ar/propiedades/clasificado/vecltrin-terreno-de-16-x-60-m.-s-av-rivadavia.-usab-2.-almagro-52141602.html,2026-10-04
Almagro,Rocamora  al 4400,267,550000,2060,1173,469,,zonaprop,https://www.zonaprop.com.ar/propiedades/clasificado/vecltrin-terreno-en-almagro-57433671.html,2026-10-04
Almagro,Av. Medrano al 800,161,410000,2547,1086.64,377,usam,zonaprop,https://www.zonaprop.com.ar/propiedades/clasificado/vecltrin-terreno-ideal-desarrollador-usam-pb-5-pisos-2-59602279.html,2026-10-04
Almagro,Lezica al 4400,359,1100000,3064,3212,342,,zonaprop,https://www.zonaprop.com.ar/propiedades/clasificado/vecltrin-terreno-venta-almagro-cerca-av-59775497.html,2026-10-04
Almagro,Maza  al 200,218,280000,1284,,,usab2,zonaprop,https://www.zonaprop.com.ar/propiedades/clasificado/vecltrin-terreno-en-almagro-57304277.html,2026-10-04
Almagro,Belgrano AV.  al 3600,1341,2490000,1857,,,pb + 10,zonaprop,https://www.zonaprop.com.ar/propiedades/clasificado/vecltrin-excelente-terreno-en-almagro-lideres-en-terrenos-60303398.html,2026-10-04
Almagro,Billinghurst al 200,119,230000,1933,698,330,usaa ,zonaprop,https://www.zonaprop.com.ar/propiedades/clasificado/vecltrin-terreno-en-venta-almagro-usaa-698-m-sup2--vendibles-58921375.html,2026-10-04
Almagro,Moreno al 3500,542,520000,959,,,,zonaprop,https://www.zonaprop.com.ar/propiedades/clasificado/vecltrin-oficina-almagro-sur-59559042.html,2026-10-04
Almagro,Moreno e/ Avenida Boedo y Colombres,440,550000,1250,,,,zonaprop,https://www.zonaprop.com.ar/propiedades/clasificado/vecltrin-terreno-en-venta-440-m-almagro-59577360.html,2026-10-04
Almagro,Bartolome Mitre  al 3500,306,650000,2124,,,,zonaprop,https://www.zonaprop.com.ar/propiedades/clasificado/vecltrin-venta-terreno-en-almagro-59717679.html,2026-10-04
Almagro,Mitre 3876,319,800000,2508,3120,256,,zonaprop,https://www.zonaprop.com.ar/propiedades/clasificado/vecltrin-terreno-en-almagro-en-venta-55882834.html,2026-10-04
Almagro,Independencia AV. 3851/53,410,620000,1512,,,pb + 10,zonaprop,https://www.zonaprop.com.ar/propiedades/clasificado/vecltrin-excelente-terreno-en-almagro-lideres-en-terrenos-60155672.html,2026-10-04
Almagro,Salguero 350,290,400000,1379,,,Usab 2,zonaprop,https://www.zonaprop.com.ar/propiedades/clasificado/vecltrin-venta-en-block-local-2-viviendas-usos-1-usab-2-56435459.html,2026-10-04
Almagro,Avenida Belgrano e/ 24 de Noviembre y General Urquiza,300,750000,2500,,,,zonaprop,https://www.zonaprop.com.ar/propiedades/clasificado/vecltrin-terreno-en-venta-300-m-sup2--almagro-59559677.html,2026-10-04
Almagro,Bartolome Mitre 4227-4245,1834,2800000,1527,,,,zonaprop,https://www.zonaprop.com.ar/propiedades/clasificado/vecltrin-terreno-con-un-importante-frente-ubicado-en-el-barrio-58227998.html,2026-10-04
Almagro,Sánchez de Loria 900,278,270000,971,1650,164,,zonaprop,https://www.zonaprop.com.ar/propiedades/clasificado/vecltrin-lote-en-venta-almagro-60297619.html,2026-10-04
Almagro,"Salguero, Jeronimo  al 100",220,340000,1545,,,usaa,zonaprop,https://www.zonaprop.com.ar/propiedades/clasificado/vecltrin-excelente-terreno-en-almagro-lideres-en-terrenos-59969493.html,2026-10-04
Almagro,Gallo al 100,767,1600000,2086,,,usaa,zonaprop,https://www.zonaprop.com.ar/propiedades/clasificado/vecltrin-terreno-en-venta-almagro-56034135.html,2026-10-04
Almagro,Agrelo 4374,128,490000,3828,1100,445,usaa,zonaprop,https://www.zonaprop.com.ar/propiedades/clasificado/vecltrin-lote-sobre-calle-agrelo-entre-muniz-y-av-la-plata-56598103.html,2026-10-04
Almagro,"Salguero, Jeronimo 631/ 33",227,450000,1982,,,usam,zonaprop,https://www.zonaprop.com.ar/propiedades/clasificado/vecltrin-excelente-terreno-en-almagro-lideres-en-terrenos-59537565.html,2026-10-04
Almagro,Estado DE Palestina al 900,210,450000,2143,,,usam,zonaprop,https://www.zonaprop.com.ar/propiedades/clasificado/vecltrin-lote-en-almagro-lideres-en-terrenos-guimat-59207500.html,2026-10-04
Almagro,Corrientes  al 3700,380,798900,2102,1600,499,pb + 10,zonaprop,https://www.zonaprop.com.ar/propiedades/clasificado/vecltrin-venta-espectacular-lote-1.548-m-vendibles-59775680.html,2026-10-04
Almagro,"Bocayuva, Quintino 729/  39",536,1100000,2052,,,usaa,zonaprop,https://www.zonaprop.com.ar/propiedades/clasificado/vecltrin-excelente-terreno-en-almagro-lideres-en-terrenos-59642080.html,2026-10-04
Almagro,Lezica al 4200,320,480000,1500,2313,208,usam ,zonaprop,https://www.zonaprop.com.ar/propiedades/clasificado/vecltrin-terreno-en-venta-almagro-ideal-para-edificio-caba-59610909.html,2026-10-04
Almagro,Venezuela e/ Colombres y Pasaje José Julián Pérez,820,800000,976,,,,zonaprop,https://www.zonaprop.com.ar/propiedades/clasificado/vecltrin-terreno-en-venta-820-m-sup2--almagro-59760455.html,2026-10-04
Almagro,"Sarmiento al 3500, Entre Sanchez de Bustamante y Billinghurst",1182,1650000,1396,,,,zonaprop,https://www.zonaprop.com.ar/propiedades/clasificado/vecltrin-venta-importante-propiedad-comercial-doble-frente-60051265.html,2026-10-04
Almagro,Sanchez de Bustamante 581,213,495000,2324,17.2,28779,pb + 9,zonaprop,https://www.zonaprop.com.ar/propiedades/clasificado/vecltrin-venta-de-lote-en-almagro-59148031.html,2026-10-04
Almagro,Av. Corrientes al 3800,911,3500000,3842,6256,559,cm,zonaprop,https://www.zonaprop.com.ar/propiedades/clasificado/vecltrin-terreno-en-venta-en-almagro-59273472.html,2026-10-04
Almagro,Avenida Belgrano 3900,112,199000,1777,651.34,306,usab2,zonaprop,https://www.zonaprop.com.ar/propiedades/clasificado/vecltrin-venta-lote-esquina-521-m-sup2--vendibles-usab2-almagro-60220831.html,2026-10-04
Almagro,Mario Bravo 400,233,435000,1867,,,,zonaprop,https://www.zonaprop.com.ar/propiedades/clasificado/vecltrin-venta-lote-en-almagro-60078100.html,2026-10-04
Almagro,Avenida Díaz Vélez 4100,375,495000,1320,1800,275,,zonaprop,https://www.zonaprop.com.ar/propiedades/clasificado/vecltrin-venta-lote-desarrollo-almagro-1800-m-sup2--vendibles-60134273.html,2026-10-04
Almagro,"Diaz Velez, Avda. 3400",373,900000,2413,3400,265,,zonaprop,https://www.zonaprop.com.ar/propiedades/clasificado/vecltrin-lote-diaz-velez-avda.-al-3400-60011525.html,2026-10-04
Almagro,Mario Bravo 400,233,350000,1502,,,usam,zonaprop,https://www.zonaprop.com.ar/propiedades/clasificado/vecltrin-venta-lote-8-60-x-27-almagro-59820998.html,2026-10-04
Almagro,José Marmol al 700,211,560000,2654,1141,491,usaa,zonaprop,https://www.zonaprop.com.ar/propiedades/clasificado/vecltrin-oportunidad-terreno-de-211-m-sup2--en-venta-almagro-55171532.html,2026-10-04
Almagro,Bulnes al 1000,429,1150000,2681,2147,536,,zonaprop,https://www.zonaprop.com.ar/propiedades/clasificado/vecltrin-excelente-terreno-apto-planta-baja-9-pisos-almagro-58716827.html,2026-10-04
Almagro,Corrientes al 4600,447,2400000,5369,4000,600,,zonaprop,https://www.zonaprop.com.ar/propiedades/clasificado/vecltrin-terreno-en-almagro-60219265.html,2026-10-04
Almagro,Avenida Corrientes 4600,447,2400000,5369,4020,597,,zonaprop,https://www.zonaprop.com.ar/propiedades/clasificado/vecltrin-venta-lote-4020-mtrs2-vendibles-almagro-caba-60315324.html,2026-10-04
Almagro,Bartolomé Mitre 4300,487,990000,2033,1834,540,,zonaprop,https://www.zonaprop.com.ar/propiedades/clasificado/vecltrin-venta-terreno-en-almagro-m-sup2--vendibles-1.834-60071417.html,2026-10-04
Almagro,Yatay al 700,185,359000,1941,133,2699,,zonaprop,https://www.zonaprop.com.ar/propiedades/clasificado/vecltrin-local-en-almagro-58806207.html,2026-10-04
Almagro,Humahuaca al 3400,395,500000,1266,,,,zonaprop,https://www.zonaprop.com.ar/propiedades/clasificado/vecltrin-estrategico-terreno-para-1152-m-vendibles-a-dos-59474423.html,2026-10-04
Almagro,Bartolome Mitre al 3700,460,890000,1935,2764,322,,zonaprop,https://www.zonaprop.com.ar/propiedades/clasificado/vecltrin-deposito-terreno-en-venta-o-alquiler-en-almagro-60239780.html,2026-10-04
Almagro,Av Belgrano  al 3000,322,590000,1832,3817,155,pb+10+2,zonaprop,https://www.zonaprop.com.ar/propiedades/clasificado/vecltrin-lote-en-venta-en-esquina-en-balvanera-3817-m-sup2-59532528.html,2026-10-04
Almagro,Sarmiento al 3600,169,330000,1953,,,,zonaprop,https://www.zonaprop.com.ar/propiedades/clasificado/vecltrin-estrategico-terreno-en-el-corazon-de-almagro-para-690-59474429.html,2026-10-04
Almagro,Lavalle  al 3800,315,360000,1143,,,usam ,zonaprop,https://www.zonaprop.com.ar/propiedades/clasificado/vecltrin-retasado-1.590-m-sup2--vendibles-enrase-9-pisos-59449278.html,2026-10-04
Almagro,Pringles al 700,146,499000,3418,,,,zonaprop,https://www.zonaprop.com.ar/propiedades/clasificado/vecltrin-terreno-en-almagro-58767398.html,2026-10-04
Almagro,AGRELO 4000,501,450000,898,,,usam ,zonaprop,https://www.zonaprop.com.ar/propiedades/clasificado/vecltrin-terreno-en-venta-en-almagro-49889867.html,2026-10-04
Almagro,Sarmiento  al 4300,351,749000,2134,2200,340,usam8,zonaprop,https://www.zonaprop.com.ar/propiedades/clasificado/vecltrin-terreno-en-venta-4700-vendibles-almagro-59726394.html,2026-10-04
Almagro,Pringles 900,1000,550000,550,8.51,64630,pb + 5,zonaprop,https://www.zonaprop.com.ar/propiedades/clasificado/vecltrin-pringles-900-lote-8-51-x-26-1000-m-vendibles-51676206.html,2026-10-04
Almagro,Rawson 94,303,300000,990,,,usam ,zonaprop,https://www.zonaprop.com.ar/propiedades/clasificado/vecltrin-terreno-para-desarrollo-inmobiliario-rawson-94-59670225.html,2026-10-04
Almagro,ACU?A DE FIGUEROA 200,224,790000,3527,1924,411,usaa,zonaprop,https://www.zonaprop.com.ar/propiedades/clasificado/vecltrin-terreno-en-venta-en-almagro-59183446.html,2026-10-04
Almagro,Independencia  al 3700,454,1900000,4185,3366,564,,zonaprop,https://www.zonaprop.com.ar/propiedades/clasificado/vecltrin-venta-terreno-454.60-m-sup2--8-7-m-x-52-m-proyecto-55131111.html,2026-10-04
Almagro,ACU?A DE FIGUEROA 200,221,670000,3032,1900,353,usaa,zonaprop,https://www.zonaprop.com.ar/propiedades/clasificado/vecltrin-terreno-en-venta-en-almagro-57177247.html,2026-10-04
Almagro,Lavalle 3500,200,400000,2000,,,,zonaprop,https://www.zonaprop.com.ar/propiedades/clasificado/vecltrin-venta.-terreno.-lavalle-3500.-almagro.-59852328.html,2026-10-04
Almagro,Pringles 900,298,750000,2517,,,,zonaprop,https://www.zonaprop.com.ar/propiedades/clasificado/vecltrin-venta-lote-en-almagro-60155045.html,2026-10-04
Almagro,Guardia Vieja 3300,142,299000,2106,,,usaa,zonaprop,https://www.zonaprop.com.ar/propiedades/clasificado/vecltrin-venta-lote-en-almagro-60243391.html,2026-10-04
Almagro,Sarmiento 3100,450,750000,1667,,,,zonaprop,https://www.zonaprop.com.ar/propiedades/clasificado/vecltrin-terreno-lote-en-venta-en-abasto-capital-federal-60212615.html,2026-10-04
Almagro,Agrelo al 4000,170,170000,1000,672.3,253,usab2,zonaprop,https://www.zonaprop.com.ar/propiedades/clasificado/vecltrin-venta-terreno-en-almagro-financiacion-propia-o-60028743.html,2026-10-04
Almagro,Gallo al 700,322,370000,1149,155,2387,,zonaprop,https://www.zonaprop.com.ar/propiedades/clasificado/vecltrin-gallo-700-lote-de-322-m-sup2--apto-para-1.134-59577236.html,2026-10-04
Almagro,Guardia Vieja al 3600,455,600000,1319,,,usam,zonaprop,https://www.zonaprop.com.ar/propiedades/clasificado/vecltrin-casa-almagro-55400754.html,2026-10-04
Almagro,CORRIENTES 3900,593,2200000,3710,,,,zonaprop,https://www.zonaprop.com.ar/propiedades/clasificado/vecltrin-lote-unico-en-almagro-45896584.html,2026-10-04
Almagro,Jose Marmol 600,160,250000,1562,,,,zonaprop,https://www.zonaprop.com.ar/propiedades/clasificado/vecltrin-terreno-en-venta-en-boedo.-58497298.html,2026-10-04
Almagro,Estado de Palestina 1000,237,600000,2532,1204,498,,zonaprop,https://www.zonaprop.com.ar/propiedades/clasificado/vecltrin-venta-de-terreno-en-inmejorable-zona-almagro-60300501.html,2026-10-04
Almagro,Valentin Gomez al 3400,207,400000,1932,1250,320,usaa,zonaprop,https://www.zonaprop.com.ar/propiedades/clasificado/vecltrin-terreno-en-almagro-9-90-x-20-91-m-de-fondo!-venta-56318955.html,2026-10-04
Almagro,Gallo 200,200,469000,2345,,,,zonaprop,https://www.zonaprop.com.ar/propiedades/clasificado/vecltrin-lote-en-venta-almagro-de-8.66-x-23.20-1-60081433.html,2026-10-04
Almagro,Francisco Acuña de Figueroa 200,221,570000,2579,1900,300,usaa,zonaprop,https://www.zonaprop.com.ar/propiedades/clasificado/vecltrin-venta-lote-usaa-1900-m-sup2--vendibles-almagro-60187530.html,2026-10-04
Almagro,SARMIENTO 3400,767,1800000,2347,,,usaa,zonaprop,https://www.zonaprop.com.ar/propiedades/clasificado/vecltrin-terreno-en-venta-en-almagro-51702249.html,2026-10-04
Almagro,Medrano al 800,340,1300000,3824,2880.15,451,,zonaprop,https://www.zonaprop.com.ar/propiedades/clasificado/vecltrin-oportunidad!-terreno-en-medrano-891-almagro.-sup-56365716.html,2026-10-04
Almagro,Belgrano av. 3100,300,620000,2067,,,,zonaprop,https://www.zonaprop.com.ar/propiedades/clasificado/vecltrin-terreno-lote-en-venta-en-almagro-capital-federal-58056090.html,2026-10-04
Almagro,Av. Medrano 700,600,2600000,4333,,,usam,zonaprop,https://www.zonaprop.com.ar/propiedades/clasificado/vecltrin-venta-lote-600-m-sup2--c-cochera-almagro-58480195.html,2026-10-04
Almagro,Muñiz 660,1400,3000000,2143,,,,zonaprop,https://www.zonaprop.com.ar/propiedades/clasificado/vecltrin-terreno-de-1400-m-sup2--en-venta-en-almagro-58509395.html,2026-10-04
Almagro,Bartolomé Mitre 4100,553,520000,940,,,,zonaprop,https://www.zonaprop.com.ar/propiedades/clasificado/vecltrin-553-m-lote-8.78x62.59-usam-alta-22.8-m-57955761.html,2026-10-04
Almagro,Aranguren Juan F. DR. 100,152,200000,1316,,,usab 1,zonaprop,https://www.zonaprop.com.ar/propiedades/clasificado/vecltrin-terrenos-fracciones-loteos-fracciones-urbanas-60241900.html,2026-10-04
Almagro,Boedo al 100,151,190000,1258,,,,zonaprop,https://www.zonaprop.com.ar/propiedades/clasificado/vecltrin-venta-importante-lote-en-almagro-46974222.html,2026-10-04
Almagro,Av Cordoba 4000,192,700000,3646,190.764,3669,,zonaprop,https://www.zonaprop.com.ar/propiedades/clasificado/vecltrin-lote-en-bloque-sobre-av-cordoba-ideal-desarrollo-59025017.html,2026-10-04
Almagro,Potosí 4400,299,495000,1656,,,usam ,zonaprop,https://www.zonaprop.com.ar/propiedades/clasificado/vecltrin-lote-en-venta-en-almagro-excelente-ubicacion-60124227.html,2026-10-04
Almagro,Mario Bravo 431,233,520000,2232,1720,302,,zonaprop,https://www.zonaprop.com.ar/propiedades/clasificado/vecltrin-lote-1700-m-sup2--construibles-excelente-zona-59348151.html,2026-10-04
Almagro,GALLO 700. Entre Tucuman y Lavalle,309,549999,1780,,,,zonaprop,https://www.zonaprop.com.ar/propiedades/clasificado/vecltrin-lote.-gallo-al-700-59181198.html,2026-10-04
Almagro,JERONIMO SALGUERO 188,205,320000,1561,,,,zonaprop,https://www.zonaprop.com.ar/propiedades/clasificado/vecltrin-lote-en-venta-para-desarrollo-almagro-caba-49253397.html,2026-10-04
Almagro,Tucuman 3600,309,399000,1291,1621,246,,zonaprop,https://www.zonaprop.com.ar/propiedades/clasificado/vecltrin-lote-proximo-a-universidad-de-palermo-1350-m-sup2-56912746.html,2026-10-04
Almagro,bartolome mitre 3500,532,940000,1767,,,,zonaprop,https://www.zonaprop.com.ar/propiedades/clasificado/vecltrin-b.-mitre-3500-lote-de-8-5x37-corredor-medio-3350-57023606.html,2026-10-04
Almagro,Valentin Gomez al 3631,170,325000,1912,1367,238,,zonaprop,https://www.zonaprop.com.ar/propiedades/clasificado/vecltrin-terreno-venta-almagro-valetin-gomez-3631-lote-terreno-57468539.html,2026-10-04
Almagro,SANCHEZ DE BUSTAMANTE 200,198,420000,2121,,,usam,zonaprop,https://www.zonaprop.com.ar/propiedades/clasificado/vecltrin-terreno-en-venta-en-almagro-60219692.html,2026-10-04
Almagro,Venezuela 3400,397,560000,1411,,,usam,zonaprop,https://www.zonaprop.com.ar/propiedades/clasificado/vecltrin-oportunidad-lote-usam-2670-m-sup2--vendibles-almagro-59026504.html,2026-10-04
Almagro,BOGADO 4461,339,580000,1711,,,usaa,zonaprop,https://www.zonaprop.com.ar/propiedades/clasificado/vecltrin-venta-de-terreno-bogado-4400-almagro-excelente-zona-46938513.html,2026-10-04
Almagro,Billinghurst  y Av. Corrientes,248,449000,1810,,,,zonaprop,https://www.zonaprop.com.ar/propiedades/clasificado/vecltrin-terreno-en-venta-en-almagro-59702180.html,2026-10-04
Almagro,Salguero 600,1874,900000,480,1874,480,pb + 5 + 2,zonaprop,https://www.zonaprop.com.ar/propiedades/clasificado/vecltrin-venta-lote-almagro-12-10-x-54-30-salguero-casi-57738850.html,2026-10-04
Almagro,Belgrano al 3800,187,504000,2695,1224.8,411,Usam,zonaprop,https://www.zonaprop.com.ar/propiedades/clasificado/vecltrin-lote-en-almagro-188.78-m-sup2--usam-53143556.html,2026-10-04
Almagro,Sánchez de Bustamante,217,495000,2281,1360,364,Usam 2,zonaprop,https://www.zonaprop.com.ar/propiedades/clasificado/vecltrin-excelente-lote-almagro-a-pasos-del-subte-sanchez-de-57198229.html,2026-10-04
Almagro,SAN LUIS 3200,151,420000,2781,,,usam ,zonaprop,https://www.zonaprop.com.ar/propiedades/clasificado/vecltrin-san-luis-3277-y-gallo-8.66-x-17-57415122.html,2026-10-04
Almagro,Rio de Janeiro al 300,1560,590000,378,346.2,1704,usaa2,zonaprop,https://www.zonaprop.com.ar/propiedades/clasificado/vecltrin-rio-de-janeiro-200-lote-propio-40-m-de-fonto.-apto-57774064.html,2026-10-04
Almagro,Salguero 300,141,240000,1702,17.2,13953,pb + 5,zonaprop,https://www.zonaprop.com.ar/propiedades/clasificado/vecltrin-venta-lote-almagro-salguero-al-300-usam-60287017.html,2026-10-04
Almagro,33 Orientales al 600,135,240000,1778,,,usaa ,zonaprop,https://www.zonaprop.com.ar/propiedades/clasificado/vecltrin-venta-de-terreno-usaa-corredor-medio-59453296.html,2026-10-04
Almagro,JEAN JAURES 500,196,2500000,12755,2826,885,,zonaprop,https://www.zonaprop.com.ar/propiedades/clasificado/vecltrin-terreno-en-venta-en-almagro-54089721.html,2026-10-04
Almagro,"Palestina, Estado de 900",668,2000000,2994,2800,714,,zonaprop,https://www.zonaprop.com.ar/propiedades/clasificado/vecltrin-terreno-lote-en-venta-en-almagro-capital-federal-58515174.html,2026-10-04
Almagro,Av Corrientes al 3500,140,980000,7000,1570,624,,zonaprop,https://www.zonaprop.com.ar/propiedades/clasificado/vecltrin-av-corrientes-al-3500-50949296.html,2026-10-04
Almagro,Díaz Vélez al 3700,951,2300000,2419,7184,320,,zonaprop,https://www.zonaprop.com.ar/propiedades/clasificado/vecltrin-excelente-lote-19-x-50-aprox-apto-torre-12-pisos-y-53021293.html,2026-10-04
Almagro,Avenida Corrientes 3400,1200,6500000,5417,,,,zonaprop,https://www.zonaprop.com.ar/propiedades/clasificado/vecltrin-terreno-lote-en-venta-en-almagro-norte-almagro-58765751.html,2026-10-04
Almagro,Lambare al 800,206,550000,2670,8.8,62500,,zonaprop,https://www.zonaprop.com.ar/propiedades/clasificado/vecltrin-lambare-800-lote-propio-de-206-m-sup2--apto-1200-56107522.html,2026-10-04
Almagro,Mario Bravo al 400,1724,350000,203,,,,zonaprop,https://www.zonaprop.com.ar/propiedades/clasificado/vecltrin-terreno-en-venta!-a-solo-150-m-de-av-corrientes!-54958321.html,2026-10-04
Almagro,Rivadavia Av. 4027,1890,2400000,1270,,,,zonaprop,https://www.zonaprop.com.ar/propiedades/clasificado/vecltrin-rivadavia-av-4027-46177622.html,2026-10-04
Almagro,Sarmiento  al 4300,351,650000,1852,2200,295,usam8,zonaprop,https://www.zonaprop.com.ar/propiedades/clasificado/vecltrin-terreno-en-venta-2000-vendibles-almagro-hospital-59726378.html,2026-10-04
Almagro,Agrelo al 3400,270,290000,1074,357,812,,zonaprop,https://www.zonaprop.com.ar/propiedades/clasificado/vecltrin-venta-terreno-almagro-58358039.html,2026-10-04
Almagro,DIAZ VELEZ 4200,269,900000,3346,1686,534,pb +10,zonaprop,https://www.zonaprop.com.ar/propiedades/clasificado/vecltrin-terreno-en-venta-en-almagro-50637406.html,2026-10-04
Almagro,TROILO ANIBAL 900,94,400000,4255,,,,zonaprop,https://www.zonaprop.com.ar/propiedades/clasificado/vecltrin-terreno-en-venta-en-almagro-53330453.html,2026-10-04
Almagro,Av. Rivadavia al 4100,394,750000,1904,2300,326,,zonaprop,https://www.zonaprop.com.ar/propiedades/clasificado/vecltrin-en-venta!-excelente-terreno-sobre-av-rivadavia-local-58293841.html,2026-10-04
Almagro,Yatay al 100,320,750000,2344,,,,zonaprop,https://www.zonaprop.com.ar/propiedades/clasificado/vecltrin-venta-casa-caballito-51134207.html,2026-10-04
Almagro,Peron  al 4400,1300,425000,327,278,1529,usam1,zonaprop,https://www.zonaprop.com.ar/propiedades/clasificado/vecltrin-peron-4400-oportunidad-terreno-para-1300-m-sup2-56451226.html,2026-10-04
Almagro,Gallo al 700,305,549000,1800,1600,343,pb + 4,zonaprop,https://www.zonaprop.com.ar/propiedades/clasificado/vecltrin-terreno-en-venta-en-almagro-abasto-60203449.html,2026-10-04
Almagro,Yatay 200,252,450000,1786,1549,291,usam ,zonaprop,https://www.zonaprop.com.ar/propiedades/clasificado/vecltrin-venta-lote-almagro-ideal-desarrollo-frente-ort-60067280.html,2026-10-04
Almagro,Maza 600,86,110000,1279,,,,zonaprop,https://www.zonaprop.com.ar/propiedades/clasificado/vecltrin-venta-de-casa-a-reciclar-con-local-comercial-60081436.html,2026-10-04
Almagro,Jerónimo Salguero 700,1053,2600000,2469,,,usam,zonaprop,https://www.zonaprop.com.ar/propiedades/clasificado/vecltrin-venta-lote-1053-m-sup2--c-cochera-almagro-58480193.html,2026-10-04
Almagro,Potosí 3900,343,750000,2187,2400,312,,zonaprop,https://www.zonaprop.com.ar/propiedades/clasificado/vecltrin-venta-lote-de-8.56-x-40-excelente-ubicacion-usam-60135270.html,2026-10-04
Almagro,Avenida Corrientes 3400,1200,6500000,5417,,,,zonaprop,https://www.zonaprop.com.ar/propiedades/clasificado/vecltrin-terreno-lote-en-venta-en-almagro-capital-federal-60212337.html,2026-10-04
Almagro,Avenida Corrientes 3400,1200,6500000,5417,,,,zonaprop,https://www.zonaprop.com.ar/propiedades/clasificado/vecltrin-terreno-en-venta-ubicado-en-almagro-capital-federal-58515107.html,2026-10-04
Almagro,Peron 3400,747,1800000,2410,4900,367,,zonaprop,https://www.zonaprop.com.ar/propiedades/clasificado/vecltrin-terreno-urbano-en-venta-en-almagro-capital-federal-59820372.html,2026-10-04
Almagro,VIRREY LINIERS 177. Entre Av. Hipolito Yrigoyen y Don Bosco,614,1100000,1792,3757,293,pb + 7,zonaprop,https://www.zonaprop.com.ar/propiedades/clasificado/vecltrin-lote.-virrey-liniers-al-100-58425423.html,2026-10-04
Almagro,Gral Juan Lavalle 3600,130,580000,4462,1200,483,,zonaprop,https://www.zonaprop.com.ar/propiedades/clasificado/vecltrin-vende-lote-terreno-en-almagro-palermo-toma-m-sup2-49325159.html,2026-10-04
Almagro,Rio de Janeiro al 300,1290,450000,349,337.4,1334,usaa2,zonaprop,https://www.zonaprop.com.ar/propiedades/clasificado/vecltrin-rio-de-janeiro-300-lote-propio-apto-930-m-sup2-56516899.html,2026-10-04
Almagro,Salguero al 600,1402,950000,678,1949.28,487,,zonaprop,https://www.zonaprop.com.ar/propiedades/clasificado/vecltrin-terreno-en-venta-o-alquiler-almagro-59993479.html,2026-10-04
Almagro,Pringles al 700,146,449000,3075,105,4276,pb + 7,zonaprop,https://www.zonaprop.com.ar/propiedades/clasificado/vecltrin-terreno-en-almagro-56469411.html,2026-10-04
Almagro,Av. Corrientes 4116,478,1700000,3556,4000,425,cm,zonaprop,https://www.zonaprop.com.ar/propiedades/clasificado/vecltrin-venta-terreno-corrientes-4116-almagro.-entre-acuna-de-59214179.html,2026-10-04
Almagro,PERON JUAN DOMINGO 3600,1370,2300000,1679,7100,324,usaa,zonaprop,https://www.zonaprop.com.ar/propiedades/clasificado/vecltrin-terreno-en-venta-en-almagro-46831249.html,2026-10-04
Almagro,Potosi 4431,189,440000,2328,,,pb+5,zonaprop,https://www.zonaprop.com.ar/propiedades/clasificado/vecltrin-excelente-ubicacion-55958054.html,2026-10-04
Almagro,QUINTINO BOCAYUVA 300,269,419000,1558,,,,zonaprop,https://www.zonaprop.com.ar/propiedades/clasificado/vecltrin-terreno-en-venta-en-almagro-48930175.html,2026-10-04
Almagro,Agrelo al 3200,258,190000,736,253.69,749,usab 2,zonaprop,https://www.zonaprop.com.ar/propiedades/clasificado/vecltrin-terreno-con-amplio-potencial-local-y-ph-lote-propio-59703288.html,2026-10-04
Almagro,ROCAMORA 4400,255,430000,1686,999,430,usam,zonaprop,https://www.zonaprop.com.ar/propiedades/clasificado/vecltrin-terreno-en-venta-en-almagro-50637740.html,2026-10-04
Almagro,Medrano al 700,280,750000,2679,1200,625,,zonaprop,https://www.zonaprop.com.ar/propiedades/clasificado/vecltrin-terreno-en-venta!-medrano-700!-sup-vendible-1200-55855207.html,2026-10-04
Almagro,VENEZUELA 2600,175,450000,2571,,,,zonaprop,https://www.zonaprop.com.ar/propiedades/clasificado/vecltrin-terreno-en-venta-en-almagro-57219723.html,2026-10-04
Almagro,CORRIENTES 4300,520,1900000,3654,3387,561,,zonaprop,https://www.zonaprop.com.ar/propiedades/clasificado/vecltrin-terreno-en-venta-en-almagro-50637385.html,2026-10-04
Almagro,Sanchez de Bustamante al 200,1070,400000,374,1070,374,usaa ,zonaprop,https://www.zonaprop.com.ar/propiedades/clasificado/vecltrin-almagro:-venta-lote-1.070-m-sup2--vendibles-excelente-55132190.html,2026-10-04
Almagro,Río de Janeiro 200,1150,1600000,1391,5550,288,pb + 5,zonaprop,https://www.zonaprop.com.ar/propiedades/clasificado/vecltrin-lote-terreno-en-venta-almagro-4500-m-vendibles-60226189.html,2026-10-04
Almagro,Mario Bravo 300,130,295000,2269,770,383,usaa,zonaprop,https://www.zonaprop.com.ar/propiedades/clasificado/vecltrin-lote-almagro-mario-bravo-al-300-cerca-boca-de-subte-53470086.html,2026-10-04
Almagro,Moreno  al 3400,600,200000,333,600,333,usab2,zonaprop,https://www.zonaprop.com.ar/propiedades/clasificado/vecltrin-venta-lote-terreno-almagro-59532255.html,2026-10-04
Almagro,Estado De Israel 4200,198,790000,3990,1761,449,,zonaprop,https://www.zonaprop.com.ar/propiedades/clasificado/vecltrin-lote-almagro-palermo-estado-de-israel-4200-para-1761-55459846.html,2026-10-04
Almagro,Don Bosco 4191,196,390000,1990,1727,226,,zonaprop,https://www.zonaprop.com.ar/propiedades/clasificado/vecltrin-venta-de-lote-en-almagro-cm-56883498.html,2026-10-04
Almagro,Rocamora 4300,260,450000,1731,1175,383,,zonaprop,https://www.zonaprop.com.ar/propiedades/clasificado/vecltrin-terreno-en-venta-ubicado-en-almagro-capital-federal-58515109.html,2026-10-04
Almagro,POTOSI 3800,1560,3400000,2179,5900,576,usaa,zonaprop,https://www.zonaprop.com.ar/propiedades/clasificado/vecltrin-terreno-en-venta-en-almagro-54868680.html,2026-10-04
Almagro,BELGRANO 3700,230,841000,3657,,,,zonaprop,https://www.zonaprop.com.ar/propiedades/clasificado/vecltrin-terreno-en-venta-en-almagro-59851710.html,2026-10-04
Almagro,ZELAYA 3000,415,450000,1084,,,,zonaprop,https://www.zonaprop.com.ar/propiedades/clasificado/vecltrin-terreno-en-venta-en-almagro-52030829.html,2026-10-04
Almagro,POTOSI 3800,1042,2300000,2207,,,usaa,zonaprop,https://www.zonaprop.com.ar/propiedades/clasificado/vecltrin-terreno-en-venta-en-almagro-55338866.html,2026-10-04
Almagro,CORRIENTES 2100,603,1450000,2405,2339,620,,zonaprop,https://www.zonaprop.com.ar/propiedades/clasificado/vecltrin-terreno-en-venta-en-almagro-56242005.html,2026-10-04
Almagro,Bulnes 1000,299,990000,3311,1700,582,usaa,zonaprop,https://www.zonaprop.com.ar/propiedades/clasificado/vecltrin-lote-palermo-almagro-bulnes-al-1000-para-1700-50843901.html,2026-10-04
Almagro,Avenida Rivadavia 3300,422,1100000,2607,3640,302,,zonaprop,https://www.zonaprop.com.ar/propiedades/clasificado/vecltrin-terreno-lote-en-venta-en-almagro-capital-federal-60212342.html,2026-10-04
Almagro,Peron 3400,747,1800000,2410,4900,367,,zonaprop,https://www.zonaprop.com.ar/propiedades/clasificado/vecltrin-terreno-urbano-en-venta-en-almagro-capital-federal-58515421.html,2026-10-04
Almagro,Lavalle 3000,220,490000,2227,,,,zonaprop,https://www.zonaprop.com.ar/propiedades/clasificado/vecltrin-terreno-fraccion-en-venta-en-almagro-capital-federal-60212344.html,2026-10-04
Almagro,Mariano Bravo  300,125,350000,2800,982,356,usaa,zonaprop,https://www.zonaprop.com.ar/propiedades/clasificado/vecltrin-terreno-almagro-mario-bravo-al-300-50-canje-51388020.html,2026-10-04
Almagro,Sarmiento 3100,450,800000,1778,2000,400,usam 1,zonaprop,https://www.zonaprop.com.ar/propiedades/clasificado/vecltrin-terreno-lote-en-venta-en-abasto-capital-federal-58515175.html,2026-10-04
Almagro,"LINIERS, VIRREY 176",488,350000,717,,,,zonaprop,https://www.zonaprop.com.ar/propiedades/clasificado/vecltrin-lote.-liniers-virrey-al-100-58162256.html,2026-10-04
Almagro,BILLINGHURST 500,840,540000,643,840,643,,zonaprop,https://www.zonaprop.com.ar/propiedades/clasificado/vecltrin-terreno-en-venta-en-almagro-57386045.html,2026-10-04
Almagro,Avenida Rivadavia 3300,422,1200000,2844,3640,330,,zonaprop,https://www.zonaprop.com.ar/propiedades/clasificado/vecltrin-terreno-lote-en-venta-en-balvanera-capital-federal-58515168.html,2026-10-04
Almagro,CORRIENTES 4100,191,950000,4974,,,,zonaprop,https://www.zonaprop.com.ar/propiedades/clasificado/vecltrin-terreno-en-venta-en-almagro-56825143.html,2026-10-04
Almagro,AGRELO 4000. Entre 33 Orientales y Quintino Bocayuva,170,170000,1000,600,283,usab2,zonaprop,https://www.zonaprop.com.ar/propiedades/clasificado/vecltrin-terreno-en-venta-57504087.html,2026-10-04
Almagro,Bartolome Mitre 4500,198,599000,3025,1560,384,,zonaprop,https://www.zonaprop.com.ar/propiedades/clasificado/vecltrin-lote-almagro-bme-mitre-4500-para-1560-m-sup2-56437814.html,2026-10-04
Almagro,Peron 3700,359,860000,2396,1690,509,usaa,zonaprop,https://www.zonaprop.com.ar/propiedades/clasificado/vecltrin-lote-almagro-peron-3700-para-1690-m-sup2-52113998.html,2026-10-04
Almagro,Gascon Al 800,199,549000,2759,1199,458,,zonaprop,https://www.zonaprop.com.ar/propiedades/clasificado/vecltrin-lote-abasto-gascon-800-cerca-de-boca-de-subte-52155001.html,2026-10-04
Almagro,BELGRANO 3100,281,650000,2313,,,,zonaprop,https://www.zonaprop.com.ar/propiedades/clasificado/vecltrin-terreno-en-venta-en-almagro-56752272.html,2026-10-04
Almagro,Salguero 300,159,990000,6226,1395,710,usaa,zonaprop,https://www.zonaprop.com.ar/propiedades/clasificado/vecltrin-lote-almagro-norte-salguero-al-300-para-1674-m-sup2-51004148.html,2026-10-04
Almagro,Av Diaz Velez 3400,950,2400000,2526,3800,632,,zonaprop,https://www.zonaprop.com.ar/propiedades/clasificado/vecltrin-lote-almagro-av-diaz-velez-3400-gran-frente-para-44144959.html,2026-10-04
Almagro,JERONIMO SALGUERO 0,467,700000,1499,1767,396,cm,zonaprop,https://www.zonaprop.com.ar/propiedades/clasificado/vecltrin-terreno-en-venta-en-almagro-50637726.html,2026-10-04
Almagro,Pringles 300,149,850000,5705,1180,720,,zonaprop,https://www.zonaprop.com.ar/propiedades/clasificado/vecltrin-terreno-almagro-planos-aprobados-para-1180-m-sup2-44699080.html,2026-10-04
Almagro,SARMIENTO 4300,359,650000,1811,1646,395,,zonaprop,https://www.zonaprop.com.ar/propiedades/clasificado/vecltrin-terreno-en-venta-en-almagro-53239704.html,2026-10-04
Almagro,Rocamora 4300,260,450000,1731,1175,383,,zonaprop,https://www.zonaprop.com.ar/propiedades/clasificado/vecltrin-terreno-lote-en-venta-en-almagro-capital-federal-60212346.html,2026-10-04
Almagro,Humahuaca 3400,498,1290000,2590,4408,293,,zonaprop,https://www.zonaprop.com.ar/propiedades/clasificado/vecltrin-lote-almagro-humahuaca-3400-para-4480-m-sup2-57047413.html,2026-10-04
Almagro,Gascon Al 800,129,390000,3023,700,557,,zonaprop,https://www.zonaprop.com.ar/propiedades/clasificado/vecltrin-lote-almagro-gascon-al-800-casi-todo-canje-51938260.html,2026-10-04
Almagro,Billinghurst 800,289,790000,2734,2332,339,,zonaprop,https://www.zonaprop.com.ar/propiedades/clasificado/vecltrin-lote-almagro-palermo-billinghurst-800-para-2332-55459838.html,2026-10-04
Almagro,Humahuaca 3400,279,499000,1789,1480,337,,zonaprop,https://www.zonaprop.com.ar/propiedades/clasificado/vecltrin-lote-abasto-humahuaca-3400-para-1480-m-sup2-56491292.html,2026-10-04
Almagro,Salguero 1000,650,1350000,2077,3800,355,,zonaprop,https://www.zonaprop.com.ar/propiedades/clasificado/vecltrin-lote-almagro-salguero-al-1000-doble-frente-52225374.html,2026-10-04
Almagro,Mario Bravo 500,227,449000,1978,1300,345,usam,zonaprop,https://www.zonaprop.com.ar/propiedades/clasificado/vecltrin-lote-almagro-mario-bravo-al-500-para-1.625-m-sup2-45280079.html,2026-10-04
Almagro,Sanchez De Bustamante Al 100,495,990000,2000,,,usaa,zonaprop,https://www.zonaprop.com.ar/propiedades/clasificado/vecltrin-lote-almagro-sanchez-de-bustamante-al-100-para-3000-53285194.html,2026-10-04
Almagro,Hipolito Yrigoyen 3900,495,820000,1657,2625,312,,zonaprop,https://www.zonaprop.com.ar/propiedades/clasificado/vecltrin-lote-almagro-hipolito-yrigoyen-al-3900-para-2625-52995735.html,2026-10-04
Almagro,ESTADO DE ISRAEL 4400,97,450000,4639,,,pb +10 + 2,zonaprop,https://www.zonaprop.com.ar/propiedades/clasificado/vecltrin-terreno-en-venta-en-almagro-56648187.html,2026-10-04
Almagro,YATAY 700,147,584000,3973,,,usam 1,zonaprop,https://www.zonaprop.com.ar/propiedades/clasificado/vecltrin-terreno-en-venta-en-almagro-59465905.html,2026-10-04
Almagro,JERONIMO SALGUERO 0,290,750000,2586,2005,374,,zonaprop,https://www.zonaprop.com.ar/propiedades/clasificado/vecltrin-terreno-en-venta-en-almagro-49755216.html,2026-10-04
Almagro,Av Belgrano Al 3900,179,499000,2788,1000,499,usam,zonaprop,https://www.zonaprop.com.ar/propiedades/clasificado/vecltrin-lote-almagro-av-belgrano-al-3900-para-1000-m-sup2-53286456.html,2026-10-04
Almagro,Pasaje Inca S/N,255,398500,1563,,,usab 2,zonaprop,https://www.zonaprop.com.ar/propiedades/clasificado/vecltrin-lote-unico-en-su-zona-apto-desarrollo-almagro-60104114.html,2026-10-04
Almagro,Humahuaca 3600,215,389000,1809,1560,249,,zonaprop,https://www.zonaprop.com.ar/propiedades/clasificado/vecltrin-lote-almagro-norte-humahuaca-3600-para-1560-m-sup2-55681040.html,2026-10-04
Almagro,Bartolome Mitre 3400,800,1200000,1500,,,,zonaprop,https://www.zonaprop.com.ar/propiedades/clasificado/vecltrin-deposito-en-venta-en-almagro-capital-federal-buenos-60212321.html,2026-10-04
Almagro,Estado De Palestina  al 900,668,2000000,2994,2800,714,,zonaprop,https://www.zonaprop.com.ar/propiedades/clasificado/vecltrin-terreno-en-almagro-55772031.html,2026-10-04
Almagro,Potosi 4400,798,1790000,2243,,,,zonaprop,https://www.zonaprop.com.ar/propiedades/clasificado/vecltrin-lote-almagro-potosi-4400-doble-frente-hospital-56740387.html,2026-10-04
Almagro,GUARDIA VIEJA 3800,145,320000,2207,785,408,,zonaprop,https://www.zonaprop.com.ar/propiedades/clasificado/vecltrin-terreno-en-venta-en-almagro-59074205.html,2026-10-04
Villa Devoto,Llavallol al 3500,177,389000,2198,768,507,,zonaprop,https://www.zonaprop.com.ar/propiedades/clasificado/vecltrin-venta-lote-villa-devoto-59481213.html,2026-10-04
Villa Devoto,Navarro  al 3400,370,780000,2108,1400,557,usam,zonaprop,https://www.zonaprop.com.ar/propiedades/clasificado/vecltrin-excelente-casa-terreno-en-venta-en-villa-devoto-59989544.html,2026-10-04
Villa Devoto,General Paz al 6300,290,249000,859,800,311,pb + 5,zonaprop,https://www.zonaprop.com.ar/propiedades/clasificado/vecltrin-terreno-en-villa-devoto-57878459.html,2026-10-04
Villa Devoto,Sanabria al 3100,819,2200000,2686,4477,491,,zonaprop,https://www.zonaprop.com.ar/propiedades/clasificado/vecltrin-venta-de-terreno-doble-frente-en-villa-devoto-59306700.html,2026-10-04
Villa Devoto,Nueva York  al 4500,641,800000,1248,1235,648,usab 1,zonaprop,https://www.zonaprop.com.ar/propiedades/clasificado/vecltrin-terreno-usab-1-en-devoto-1.235-m-sup2--vendibles-60175056.html,2026-10-04
Villa Devoto,Sanabria al 2700,240,289000,1204,533.39,542,usab 0,zonaprop,https://www.zonaprop.com.ar/propiedades/clasificado/vecltrin-venta-de-lote-terreno-en-villa-devoto-baja-60027588.html,2026-10-04
Villa Devoto,Carlos Antonio Lopez 3500,123,229000,1862,814,281,usam ,zonaprop,https://www.zonaprop.com.ar/propiedades/clasificado/vecltrin-terreno-venta-villa-devoto-usam-5pisos-1retiro-60109358.html,2026-10-04
Villa Devoto,Beiro al 3800,621,1500000,2415,621.8,2412,,zonaprop,https://www.zonaprop.com.ar/propiedades/clasificado/vecltrin-terreno-macrolote-en-devoto-58807227.html,2026-10-04
Villa Devoto,Fernandez de Enciso al 3500,392,799000,2038,1500,533,usam ,zonaprop,https://www.zonaprop.com.ar/propiedades/clasificado/vecltrin-venta-lote-devoto-excelente-ubicacion-1500-m-vendibes-59927654.html,2026-10-04
Villa Devoto,Jose Cubas  al 3400,153,330000,2157,596,554,usam ,zonaprop,https://www.zonaprop.com.ar/propiedades/clasificado/vecltrin-terreno-venta-desarrollo-inmobiliario-en-villa-devoto-59358193.html,2026-10-04
Villa Devoto,Llavallol 5500. Entre Larsen y Cochrane,250,270000,1080,813,332,usab,zonaprop,https://www.zonaprop.com.ar/propiedades/clasificado/vecltrin-venta-de-terreno-en-villa-devoto-capital-federal.-59517442.html,2026-10-04
Villa Devoto,Lope DE Vega AV.  al 2900,241,325000,1349,,,usam,zonaprop,https://www.zonaprop.com.ar/propiedades/clasificado/vecltrin-excelente-terreno-en-villa-devoto-lideres-en-59217257.html,2026-10-04
Villa Devoto,Gutenberg al 3300,165,340000,2061,,,usam ,zonaprop,https://www.zonaprop.com.ar/propiedades/clasificado/vecltrin-terreno-en-venta-en-villa-devoto-usam-oportunidad-59675618.html,2026-10-04
Villa Devoto,Emilio Lamarca al 3900,184,450000,2446,310,1452,usab 0,zonaprop,https://www.zonaprop.com.ar/propiedades/clasificado/vecltrin-terreno-en-villa-devoto-8-65-x-21-38-zonificacion-usab-58899446.html,2026-10-04
Villa Devoto,Navarro al 4600,368,500000,1359,,,usam ,zonaprop,https://www.zonaprop.com.ar/propiedades/clasificado/vecltrin-venta-lote-en-devoto-1500-m-construibles-pb-5-pisos-60145989.html,2026-10-04
Villa Devoto,Nazarre 4361,225,310000,1378,173.945,1782,,zonaprop,https://www.zonaprop.com.ar/propiedades/clasificado/vecltrin-nazarre-4361-villa-devoto-excelente-lote-de-8.69-x-60101037.html,2026-10-04
Villa Devoto,Habana  al 4800,360,460000,1278,876,525,,zonaprop,https://www.zonaprop.com.ar/propiedades/clasificado/vecltrin-terreno-en-villa-devoto-59370834.html,2026-10-04
Villa Devoto,Desaguadero al 3500,292,540000,1849,1577,342,,zonaprop,https://www.zonaprop.com.ar/propiedades/clasificado/vecltrin-terreno-en-villa-devoto-58460645.html,2026-10-04
Villa Devoto,Nazarre 4300,387,340000,879,165.707,2052,,zonaprop,https://www.zonaprop.com.ar/propiedades/clasificado/vecltrin-excelente-lote-de-10.46-x-25.72-apto-construccion-4-60064478.html,2026-10-04
Villa Devoto,Campana al 3600,299,800000,2676,1509.74,530,,zonaprop,https://www.zonaprop.com.ar/propiedades/clasificado/vecltrin-venta-terreno-en-villa-devoto-usam-1500-m-cuadrados-59600070.html,2026-10-04
Villa Devoto,Habana 3400,700,295000,421,270,1093,usam,zonaprop,https://www.zonaprop.com.ar/propiedades/clasificado/vecltrin-lote-en-venta-con-560-m-sup2-.-usam-venta-villa-58433564.html,2026-10-04
Villa Devoto,José Cubas 4200,265,498000,1879,313,1591,,zonaprop,https://www.zonaprop.com.ar/propiedades/clasificado/vecltrin-terreno-villa-devoto-venta-excelente-ubicacion-59885685.html,2026-10-04
Villa Devoto,Avenida Lope de Vega 2900,479,1190000,2484,2827,421,usam 2,zonaprop,https://www.zonaprop.com.ar/propiedades/clasificado/vecltrin-venta-lote-villa-devoto-60262772.html,2026-10-04
Villa Devoto,Bermudez y Av. Beiro,210,750000,3571,1157,648,,zonaprop,https://www.zonaprop.com.ar/propiedades/clasificado/vecltrin-terreno-venta-villa-devoto-1157-mv-59391522.html,2026-10-04
Villa Devoto,FRANCISCO BEIRÓ 5163. Entre Cervantes y Pedro Calderon De La Barca,310,950000,3065,1900,500,usaa,zonaprop,https://www.zonaprop.com.ar/propiedades/clasificado/vecltrin-venta-gran-lote-en-villa-devoto-caba-57867099.html,2026-10-04
Villa Devoto,Carlos Antonio Lopez  al 4255,467,429000,919,,,,zonaprop,https://www.zonaprop.com.ar/propiedades/clasificado/vecltrin-venta-lote-villa-devoto-cercano-a-general-paz-acepta-m-59447619.html,2026-10-04
Villa Devoto,Dirección no informada,252,890000,3532,1450,614,Usam 5,zonaprop,https://www.zonaprop.com.ar/propiedades/clasificado/vecltrin-excelente-lote-sobre-av-beiro-posibilidad-constructiva-52489952.html,2026-10-04
Villa Devoto,AV  SALVADOR MARIA DEL CARRIL 2982. Entre Argerich y Av Nazca,223,350000,1570,730,479,,zonaprop,https://www.zonaprop.com.ar/propiedades/clasificado/vecltrin-excelente-lote-en-villa-pueyrredon-52634431.html,2026-10-04
Villa Devoto,Jose Leon Cabezon 3910/14/30,475,800000,1684,,,usab2,zonaprop,https://www.zonaprop.com.ar/propiedades/clasificado/vecltrin-villa-devoto-espectacular-lote-38-m-de-frente-59175269.html,2026-10-04
Villa Devoto,GRIVEO 3549. Entre Pasaje Bacon y Concordia,132,220000,1667,,,usab0,zonaprop,https://www.zonaprop.com.ar/propiedades/clasificado/vecltrin-v.-devoto-esquina-valor-lote-pb-2-58926023.html,2026-10-04
Villa Devoto,Segurola 2700,173,190000,1098,,,,zonaprop,https://www.zonaprop.com.ar/propiedades/clasificado/vecltrin-lote-de-terreno-8-66-x-20-ideal-construir-59226536.html,2026-10-04
Villa Devoto,Av Lincoln al 3500,296,670000,2264,,,usam,zonaprop,https://www.zonaprop.com.ar/propiedades/clasificado/vecltrin-usam-1400-m-sup2--vendibles-12.40x30-villa-59567979.html,2026-10-04
Villa Devoto,San Martin al 7300,535,440000,822,,,usaa ,zonaprop,https://www.zonaprop.com.ar/propiedades/clasificado/vecltrin-terreno-en-venta-en-av-san-martin-7300-59478022.html,2026-10-04
Villa Devoto,Bahia  Blanca al 4900,186,260000,1398,,,,zonaprop,https://www.zonaprop.com.ar/propiedades/clasificado/vecltrin-terreno-en-villa-devoto-59983463.html,2026-10-04
Villa Devoto,Av. San Martin 6500,1647,595000,361,270,2204,usam,zonaprop,https://www.zonaprop.com.ar/propiedades/clasificado/vecltrin-terreno-venta-villa-devoto-48956050.html,2026-10-04
Villa Devoto,ASUNCION 5023. Entre Cervantes y Bermudez,330,320000,970,,,usab0,zonaprop,https://www.zonaprop.com.ar/propiedades/clasificado/vecltrin-villa-devoto-venta-lote-8.66x38-usab0-52750350.html,2026-10-04
Villa Devoto,Carlos Antonio Lopez 3385. Entre Llavallol y Campana,442,260000,588,,,,zonaprop,https://www.zonaprop.com.ar/propiedades/clasificado/vecltrin-lote-8-66-x-51-con-galpon-en-villa-devoto.-ideal-58275306.html,2026-10-04
Villa Devoto,Marcos Paz 3500,237,590000,2489,1215,486,usam ,zonaprop,https://www.zonaprop.com.ar/propiedades/clasificado/vecltrin-terreno-lote-en-venta-en-villa-devoto-capital-59541204.html,2026-10-04
Villa Devoto,Bermudez  al 3200,206,430000,2087,1342.48,320,usam ,zonaprop,https://www.zonaprop.com.ar/propiedades/clasificado/vecltrin-lote-en-villa-devoto-usam-8-72-24-canje-100-por-60316428.html,2026-10-04
Villa Devoto,Desaguadero  al 4400,215,225000,1047,700,321,,zonaprop,https://www.zonaprop.com.ar/propiedades/clasificado/vecltrin-terreno-a-la-venta-en-esquina-usab-2-en-villa-devoto!-59868115.html,2026-10-04
Villa Devoto,JOSE CUBAS 4508. Entre Marcos paz y Benito juarez,232,430000,1853,,,,zonaprop,https://www.zonaprop.com.ar/propiedades/clasificado/vecltrin-lote-en-esquina-villa-devoto-residencial-4-piso-60237592.html,2026-10-04
Villa Devoto,Segurola 2700,173,190000,1098,,,,zonaprop,https://www.zonaprop.com.ar/propiedades/clasificado/vecltrin-casa-a-refaccionar-3-amb-villa-devoto-venta-59856791.html,2026-10-04
Villa Devoto,"SANABRIA 3212. Entre Varela, jose pedro y Simbron",329,520000,1581,,,usam,zonaprop,https://www.zonaprop.com.ar/propiedades/clasificado/vecltrin-lote-en-villa-devoto-usam-58361495.html,2026-10-04
Villa Devoto,MARCOS PAZ 3565. Entre Av Francisco Beiro y Navarro,237,560000,2363,,,usam ,zonaprop,https://www.zonaprop.com.ar/propiedades/clasificado/vecltrin-v.-devoto-lote-en-venta-usam-acepta-canje-xm-sup2-56832739.html,2026-10-04
Villa Devoto,JOSE LEON CABEZON 3900. Entre Chivilcoy y Bahia Blanca,249,260000,1044,,,,zonaprop,https://www.zonaprop.com.ar/propiedades/clasificado/vecltrin-lote-venta-villa-devoto-57526775.html,2026-10-04
Villa Devoto,SIMBRON 4700. Entre Allende y Desaguadero,512,399000,779,188,2122,,zonaprop,https://www.zonaprop.com.ar/propiedades/clasificado/vecltrin-lote-venta-villa-devoto-59472544.html,2026-10-04
Villa Devoto,Emilio Lamarca al 3500,81,248000,3062,450,551,,zonaprop,https://www.zonaprop.com.ar/propiedades/clasificado/vecltrin-lote-propio-de-7.83x10.35-m-en-emilio-lamarca-al-3500-58263504.html,2026-10-04
Villa Devoto,HABANA 3300. Entre Av San Martin y Llavallol,836,3800000,4545,5660,671,,zonaprop,https://www.zonaprop.com.ar/propiedades/clasificado/vecltrin-lote-venta-villa-devoto-53659312.html,2026-10-04
Villa Devoto,Jose Pedro Varela  al 4300,208,545000,2620,,,,zonaprop,https://www.zonaprop.com.ar/propiedades/clasificado/vecltrin-terreno-en-villa-devoto-8-70x25-zonificacion-usam-pb-5-58116635.html,2026-10-04
Villa Devoto,Habana al 3400,204,440000,2157,1100,400,usam ,zonaprop,https://www.zonaprop.com.ar/propiedades/clasificado/vecltrin-casa-en-villa-devoto-6-ambientes-3-banos-garage-59775535.html,2026-10-04
Villa Devoto,Av. Mosconi 3300,195,460000,2359,,,,zonaprop,https://www.zonaprop.com.ar/propiedades/clasificado/vecltrin-lote-s-avda.-10-x-19-m-usam-pb-5-2-58101796.html,2026-10-04
Villa Devoto,Marcos Sastre  al 4800,184,245000,1332,184.105,1331,pb + 2,zonaprop,https://www.zonaprop.com.ar/propiedades/clasificado/vecltrin-venta-lote-villa-devoto-59746466.html,2026-10-04
Villa Devoto,Pedro Moran al 4600,736,1200000,1630,,,,zonaprop,https://www.zonaprop.com.ar/propiedades/clasificado/vecltrin-doble-lote-en-venta-17-32-x-42-50-casa-700-m-sup2--58728007.html,2026-10-04
Villa Devoto,"HABANA 3582, CAPITAL FEDERAL",335,790000,2358,1100,718,usab2,zonaprop,https://www.zonaprop.com.ar/propiedades/clasificado/vecltrin-lote-apto-edificio-con-salida-a-2-calles-47340442.html,2026-10-04
Villa Devoto,Lope de Vega  al 2900,237,320000,1350,1175,272,usam ,zonaprop,https://www.zonaprop.com.ar/propiedades/clasificado/vecltrin-terreno-de-8.43-x-27-m.-usam.-sobre-lope-de-vega-al-55660823.html,2026-10-04
Villa Devoto,BAHIA BLANCA 4414. Entre Jose cubas y Gutenberg,208,340000,1635,,,,zonaprop,https://www.zonaprop.com.ar/propiedades/clasificado/vecltrin-lote-en-villa-devoto-residencial-57386097.html,2026-10-04
Villa Devoto,Marcos paz 2745,173,220000,1272,,,,zonaprop,https://www.zonaprop.com.ar/propiedades/clasificado/vecltrin-terreno-de-173-m-sup2--en-venta-en-villa-devoto-60034530.html,2026-10-04
Villa Devoto,Carlos Antonio Lopez al 3900,251,380000,1514,16827,23,usab 1,zonaprop,https://www.zonaprop.com.ar/propiedades/clasificado/vecltrin-lote-en-villa-devoto-8.66x-19.40-ideal-proyecto-60121138.html,2026-10-04
Villa Devoto,Marcos Paz & José Pedro Varela,600,699000,1165,1692,413,pb + 5,zonaprop,https://www.zonaprop.com.ar/propiedades/clasificado/vecltrin-terreno-superficie-vendible-estimada:-1.895-m-sup2-60084066.html,2026-10-04
Villa Devoto,Tinogasta 4919,163,280000,1718,,,usab 2,zonaprop,https://www.zonaprop.com.ar/propiedades/clasificado/vecltrin-excelente-lote-en-villa-devoto-usab-2-8-66-x-18-82-59129071.html,2026-10-04
Villa Devoto,Jose Luis Cantilo al 4800,371,490000,1321,,,,zonaprop,https://www.zonaprop.com.ar/propiedades/clasificado/vecltrin-ph-en-villa-devoto-60204502.html,2026-10-04
Villa Devoto,LAVALLOL,177,380000,2147,,,usab 1,zonaprop,https://www.zonaprop.com.ar/propiedades/clasificado/vecltrin-lote-en-villa-devoto-hermosa-cuadra-56167150.html,2026-10-04
Villa Devoto,Baigorria 4511,119,270000,2269,,,pb + 2,zonaprop,https://www.zonaprop.com.ar/propiedades/clasificado/vecltrin-lote-con-potencial-constructivo-en-villa-devoto-56900477.html,2026-10-04
Villa Devoto,Bermudez  al 3200,206,430000,2087,1342.48,320,usam ,zonaprop,https://www.zonaprop.com.ar/propiedades/clasificado/vecltrin-lote-en-villa-devoto-usam-8-72-24-canje-100-por-60099555.html,2026-10-04
Villa Devoto,Av. San Martin al 6100,700,4000000,5714,700,5714,usam,zonaprop,https://www.zonaprop.com.ar/propiedades/clasificado/vecltrin-terreno-en-devoto-con-salida-a-3-cuadras-59511934.html,2026-10-04
Villa Devoto,Llavallol 5420,232,292000,1259,229,1275,usab 2,zonaprop,https://www.zonaprop.com.ar/propiedades/clasificado/vecltrin-lote-8-66-x-27-m-zonif-usab-2-llavallol-al-5400-59859032.html,2026-10-04
Villa Devoto,"CARLOS ANTONIO LOPEZ 3826. Entre Bahia blanca y Gonzalez, joaquin v.",345,390000,1130,,,,zonaprop,https://www.zonaprop.com.ar/propiedades/clasificado/vecltrin-lote-de-8-66-x-39-en-villa-devoto-55393015.html,2026-10-04
Villa Devoto,Nueva York al 3400,107,350000,3271,,,,zonaprop,https://www.zonaprop.com.ar/propiedades/clasificado/vecltrin-venta-lote-en-villa-devoto-59539543.html,2026-10-04
Villa Devoto,AV. SAN MARTIN 7222. Entre Ladines y J L Cabezon,203,330000,1626,,,,zonaprop,https://www.zonaprop.com.ar/propiedades/clasificado/vecltrin-villa-devoto-lote-en-venta-1200-m-vendibles-55780527.html,2026-10-04
Villa Devoto,Avda. Francisco Beiro 3519,225,710000,3156,,,usam ,zonaprop,https://www.zonaprop.com.ar/propiedades/clasificado/vecltrin-lote-en-excelente-ubicacion-51468167.html,2026-10-04
Villa Devoto,Nazarre  4477,251,270000,1076,825,327,usam ,zonaprop,https://www.zonaprop.com.ar/propiedades/clasificado/vecltrin-terreno-8-66-x-29-50-m-usam-7-pisos-54600842.html,2026-10-04
Villa Devoto,Av. San Martin al 6900,292,430000,1473,900,478,pb + 5,zonaprop,https://www.zonaprop.com.ar/propiedades/clasificado/vecltrin-terreno-lote-292-m-sup2--usam-en-villa-devoto-60054204.html,2026-10-04
Villa Devoto,LLAVALLOL 5400. Entre Cochrane y Bazurco,233,400000,1717,233.937,1710,,zonaprop,https://www.zonaprop.com.ar/propiedades/clasificado/vecltrin-lote-en-venta-villa-devoto-56425563.html,2026-10-04
Villa Devoto,LLAVALLOL 5548. Entre Cochrane y Larsen,123,320000,2602,752,426,,zonaprop,https://www.zonaprop.com.ar/propiedades/clasificado/vecltrin-lote-en-villa-devoto-con-planos-aprobados-60229476.html,2026-10-04
Villa Devoto,Concordia  al 4400,174,580000,3333,1363.36,425,usam,zonaprop,https://www.zonaprop.com.ar/propiedades/clasificado/vecltrin-lote-en-venta-concordia-4421-villa-devoto-59971700.html,2026-10-04
Villa Devoto,Concordia 3514,105,479000,4562,,,usam,zonaprop,https://www.zonaprop.com.ar/propiedades/clasificado/vecltrin-venta-villa-devoto-terreno-usam-55532030.html,2026-10-04
Villa Devoto,Carlos Antonio López 3773,1300,2300000,1769,,,,zonaprop,https://www.zonaprop.com.ar/propiedades/clasificado/vecltrin-terreno-en-venta-1.300-m-sup2--villa-devoto-60218629.html,2026-10-04
Villa Devoto,Gabriela Mistral  al 4100,357,420000,1176,370,1135,usab 0,zonaprop,https://www.zonaprop.com.ar/propiedades/clasificado/vecltrin-terreno-de-8-x-41.30-m-en-villa-devoto-59880808.html,2026-10-04
Villa Devoto,Benito Juarez al 4200,201,470000,2338,804,585,usab1,zonaprop,https://www.zonaprop.com.ar/propiedades/clasificado/vecltrin-lote-en-esquina-apto-edificio.-villa-devoto.-58946523.html,2026-10-04
Villa Devoto,Av. Salvador María del Carril al 4900,172,314900,1831,,,,zonaprop,https://www.zonaprop.com.ar/propiedades/clasificado/vecltrin-venta-lote-en-devoto.-sup-vendible-495-m.-proyecto-60025179.html,2026-10-04
Villa Devoto,Bahía Blanca 3400,319,700000,2194,1306,536,usam,zonaprop,https://www.zonaprop.com.ar/propiedades/clasificado/vecltrin-terreno-casa-venta-en-devoto-1306-m-vendibles-usam-60061140.html,2026-10-04
Villa Devoto,Baigorria 5000,1400,1100000,786,,,,zonaprop,https://www.zonaprop.com.ar/propiedades/clasificado/vecltrin-terreno-en-venta-con-salida-a-2-calles-en-villa-devoto-60232328.html,2026-10-04
Villa Devoto,Fernandez de Enciso 3610,358,790000,2207,44276,18,,zonaprop,https://www.zonaprop.com.ar/propiedades/clasificado/vecltrin-lote-edificable-358-m-sup2--4-pisos-villa-devoto-58937106.html,2026-10-04
Villa Devoto,Avenida Francisco Beiró 3619,252,800000,3175,,,usaa,zonaprop,https://www.zonaprop.com.ar/propiedades/clasificado/vecltrin-venta-lote-villa-devoto-56424031.html,2026-10-04
Villa Devoto,TINOGASTA 5063,332,295000,889,,,,zonaprop,https://www.zonaprop.com.ar/propiedades/clasificado/vecltrin-venta-lote-en-villa-devoto-55431171.html,2026-10-04
Villa Devoto,Nueva York 3500,671,1520000,2265,901,1687,Usab 0,zonaprop,https://www.zonaprop.com.ar/propiedades/clasificado/vecltrin-venta-lote-doble-frente-17.31-x-38.96-devoto-60274204.html,2026-10-04
Villa Devoto,Av. Salvador Maria del Carril al 5000,572,930000,1626,302,3079,,zonaprop,https://www.zonaprop.com.ar/propiedades/clasificado/vecltrin-venta-de-terreno-en-villa-devoto-doble-frente-60107538.html,2026-10-04
Villa Devoto,Habana 4000,250,1200000,4800,,,,zonaprop,https://www.zonaprop.com.ar/propiedades/clasificado/vecltrin-casa-en-venta-2-dorm.-2-banos-villa-devoto-60296070.html,2026-10-04
Villa Devoto,Jose Pedro Varela 4300,367,515000,1403,1442,357,usam,zonaprop,https://www.zonaprop.com.ar/propiedades/clasificado/vecltrin-lote-en-venta-en-villa-devoto-muy-buena-ubicacion-60098558.html,2026-10-04
Villa Devoto,Simbron al 4200,456,690000,1513,2600,265,,zonaprop,https://www.zonaprop.com.ar/propiedades/clasificado/vecltrin-terreno-en-venta-simbron-4200-en-villa-devoto-60260339.html,2026-10-04
Villa Devoto,José Luis Cantilo 5200,163,170000,1043,,,usab0,zonaprop,https://www.zonaprop.com.ar/propiedades/clasificado/vecltrin-terreno-en-villa-devoto-58265871.html,2026-10-04
Villa Devoto,"LADINES 3700. Entre Av San Martin y Gonzalez, Joaquin V.",266,300000,1128,,,,zonaprop,https://www.zonaprop.com.ar/propiedades/clasificado/vecltrin-lote-venta-villa-devoto-60304987.html,2026-10-04
Villa Devoto,Avenida Chivilcoy 4850,335,550000,1642,,,,zonaprop,https://www.zonaprop.com.ar/propiedades/clasificado/vecltrin-venta-lote-villa-devoto-58994985.html,2026-10-04
Villa Devoto,Avenida SAN Martin 7400,163,310000,1902,1129,275,usam ,zonaprop,https://www.zonaprop.com.ar/propiedades/clasificado/vecltrin-terreno-villa-devoto-venta-59935163.html,2026-10-04
Villa Devoto,Emilio Lamarca 4100,521,1300000,2495,,,,zonaprop,https://www.zonaprop.com.ar/propiedades/clasificado/vecltrin-venta-lote-con-planos-aprobados-villa-devoto-60130657.html,2026-10-04
Villa Devoto,Av. San Martin al 6000,218,380000,1743,884,430,pb + 5,zonaprop,https://www.zonaprop.com.ar/propiedades/clasificado/vecltrin-terreno-en-villa-devoto-usam-5-pisos-2-ret-sup-58602162.html,2026-10-04
Villa Devoto,Pareja  al 4300 Terreno Comercial,1271,2600000,2046,2.1,1238095,usab0,zonaprop,https://www.zonaprop.com.ar/propiedades/clasificado/vecltrin-terreno-en-venta-en-villa-devoto-58498938.html,2026-10-04
Villa Devoto,"Beiro, Francisco AV. al 2500",291,430000,1478,,,usaa,zonaprop,https://www.zonaprop.com.ar/propiedades/clasificado/vecltrin-excelente-terreno-en-agronomia-lideres-en-terrenos-59589092.html,2026-10-04
Villa Devoto,Griveo 3700,1040,2800000,2692,,,pb + 1,zonaprop,https://www.zonaprop.com.ar/propiedades/clasificado/vecltrin-terreno-en-venta-en-villa-devoto-con-gran-playa-de-51582603.html,2026-10-04
Villa Devoto,Nogoyá 4400,255,250000,980,,,,zonaprop,https://www.zonaprop.com.ar/propiedades/clasificado/vecltrin-terreno-lote-en-venta-villa-devoto-capital-federal-53877162.html,2026-10-04
Villa Devoto,Avenida Lincoln 3500,352,898000,2551,1600,561,Usam,zonaprop,https://www.zonaprop.com.ar/propiedades/clasificado/vecltrin-lote-en-venta-usam-1600-m-sup2--vendibles-canje-60221389.html,2026-10-04
Villa Devoto,Asuncion  4900,126,385000,3056,,,,zonaprop,https://www.zonaprop.com.ar/propiedades/clasificado/vecltrin-lote-a-refaccionar-demoler-casa-5-amb-54737723.html,2026-10-04
Villa Devoto,Avenida Salvador Maria del Carril,581,1500000,2582,2500,600,usab2,zonaprop,https://www.zonaprop.com.ar/propiedades/clasificado/vecltrin-venta-terreno-ideal-inversores-para-desarrollo-58997712.html,2026-10-04
Villa Devoto,Gutenberg al 3400,150,360000,2400,,,,zonaprop,https://www.zonaprop.com.ar/propiedades/clasificado/vecltrin-terreno-en-villa-devoto-57418234.html,2026-10-04
Villa Devoto,Sanabria 3200,480,699000,1456,,,usam,zonaprop,https://www.zonaprop.com.ar/propiedades/clasificado/vecltrin-terreno-lote-en-venta-en-villa-devoto-capital-59437855.html,2026-10-04
Villa Devoto,Sanabria al 3300,425,1200000,2824,2343,512,usam,zonaprop,https://www.zonaprop.com.ar/propiedades/clasificado/vecltrin-terreno-en-villa-devoto-58349279.html,2026-10-04
Villa Devoto,Manuel Sola 4700,170,196000,1153,,,usab 0,zonaprop,https://www.zonaprop.com.ar/propiedades/clasificado/vecltrin-terreno-en-venta-en-villa-devoto-capital-federal-56573740.html,2026-10-04
Villa Devoto,NOGOYA 3920,1200,479000,399,1200,399,Pb + 5,zonaprop,https://www.zonaprop.com.ar/propiedades/clasificado/vecltrin-excelente-lote-8.66x29.32.-pb-5-pisos-2-retiros.-56267839.html,2026-10-04
Villa Devoto,Av. Beiró  al 3600,251,900000,3586,,,,zonaprop,https://www.zonaprop.com.ar/propiedades/clasificado/vecltrin-terreno-en-venta-en-la-mejor-zona-de-villa-devoto.-52250027.html,2026-10-04
Villa Devoto,Pareja al 3400,160,340000,2125,1168.94,291,usam,zonaprop,https://www.zonaprop.com.ar/propiedades/clasificado/vecltrin-terreno-para-desarrollo-en-villa-devoto-pareja-3400-60290207.html,2026-10-04
Villa Devoto,Pasaje Manuel Sola 4628,170,175000,1029,500,350,,zonaprop,https://www.zonaprop.com.ar/propiedades/clasificado/vecltrin-villa-devoto-lote-unico-8-66-x-20-a-primera-oferta-59623124.html,2026-10-04
Villa Devoto,BAHIA BLANCA 3650. Entre Gutierrez Ricardo y Mcal F Solano Lopez,117,260000,2222,,,usab0,zonaprop,https://www.zonaprop.com.ar/propiedades/clasificado/vecltrin-venta-lote-a-2-cuadras-plaza-arenales-usab2-59967382.html,2026-10-04
Villa Devoto,Pasaje Alta Gracia 3300,190,195000,1026,,,usab 2,zonaprop,https://www.zonaprop.com.ar/propiedades/clasificado/vecltrin-v.-devoto.-lote.-pje-alta-gracia-3300-8.66-x-22-53323159.html,2026-10-04
Villa Devoto,Baigorria 5100,161,219000,1360,,,,zonaprop,https://www.zonaprop.com.ar/propiedades/clasificado/vecltrin-lote-de-10-m-x-16-m-58572293.html,2026-10-04
Villa Devoto,Av. Salvador Maria del Carril al 5000,143,350000,2448,,,usab 2,zonaprop,https://www.zonaprop.com.ar/propiedades/clasificado/vecltrin-venta-lote-de-8-86-x-16-88-usab-2-villa-devoto-59270446.html,2026-10-04
Villa Devoto,Lascano 4500,342,315000,921,,,,zonaprop,https://www.zonaprop.com.ar/propiedades/clasificado/vecltrin-excelente-terreno-en-monte-castro-59973396.html,2026-10-04
Villa Devoto,DESAGUADERO 3535. Entre Av Francisco Beiro y Navarro,292,490000,1678,,,usam ,zonaprop,https://www.zonaprop.com.ar/propiedades/clasificado/vecltrin-lote.-desaguadero-3535-56641024.html,2026-10-04
Villa Devoto,Pasaje Lomas DE Zamora 2437,177,165000,932,531,311,,zonaprop,https://www.zonaprop.com.ar/propiedades/clasificado/vecltrin-suspendido-v-devoto-casa-s-lote-8.66x20.79-pje-l.-de-56124639.html,2026-10-04
Villa Devoto,Pedro Calderón De La Barca 2571,342,770000,2251,,,usab ,zonaprop,https://www.zonaprop.com.ar/propiedades/clasificado/vecltrin-terreno-con-excepcional-doble-frente-de-17.32-m-59383876.html,2026-10-04
Villa Devoto,Concordia,112,205000,1830,2.8864,71023,,zonaprop,https://www.zonaprop.com.ar/propiedades/clasificado/vecltrin-lote-en-venta-en-villa-devoto-54855098.html,2026-10-04
Villa Devoto,Quevedo  al 3800,258,320000,1240,631,507,usab 0,zonaprop,https://www.zonaprop.com.ar/propiedades/clasificado/vecltrin-venta-terreno-en-villa-devoto-60113057.html,2026-10-04
Villa Devoto,Sanabria 3000,327,760000,2324,1000,760,,zonaprop,https://www.zonaprop.com.ar/propiedades/clasificado/vecltrin-lote-para-inversion-de-326-65-m-sup2--en-devoto-57695216.html,2026-10-04
Villa Devoto,Emilio Lamarca 4800,248,215000,867,,,pb + 2,zonaprop,https://www.zonaprop.com.ar/propiedades/clasificado/vecltrin-oportunidad!-venta-lote-en-devoto!-8.66-x-29-m-60036975.html,2026-10-04
Villa Devoto,MERCEDES 2423,180,479000,2661,1230,389,,zonaprop,https://www.zonaprop.com.ar/propiedades/clasificado/vecltrin-monte-castro.-lote-usam.-vendibles-1230-m-sup2--aprox.-42151895.html,2026-10-04
Villa Devoto,Llavallol al 4300,385,480000,1247,,,usam ,zonaprop,https://www.zonaprop.com.ar/propiedades/clasificado/vecltrin-venta-lote-usam-de-8-65-x-21-07-villa-devoto-58040145.html,2026-10-04
Villa Devoto,Gonzalez Catan 4671,151,148500,983,348,427,,zonaprop,https://www.zonaprop.com.ar/propiedades/clasificado/vecltrin-terreno-en-villa-devoto-56797975.html,2026-10-04
Villa Devoto,SAN MARTIN AV. 6044. Entre Asuncion y Pedro Moran,200,440000,2200,,,,zonaprop,https://www.zonaprop.com.ar/propiedades/clasificado/vecltrin-lote.-san-martin-av-6044-59106731.html,2026-10-04
Villa Devoto,Avenida San Martín 6000,194,420000,2165,,,,zonaprop,https://www.zonaprop.com.ar/propiedades/clasificado/vecltrin-terreno-venta-av-san-martin-6044-devoto-1300-m-tot-60079672.html,2026-10-04
Villa Devoto,Fernández de Enciso 3500,392,780000,1990,1835.68,425,pb + 6,zonaprop,https://www.zonaprop.com.ar/propiedades/clasificado/vecltrin-venta-lote-terreno-gran-oportunidad-de-inversion-59389573.html,2026-10-04
Villa Devoto,Marcos Paz al 3000,180,190000,1056,593,320,,zonaprop,https://www.zonaprop.com.ar/propiedades/clasificado/vecltrin-terreno-en-villa-devoto-60210342.html,2026-10-04
Villa Devoto,Jose Pedro Varela al 4100,531,770000,1450,,,,zonaprop,https://www.zonaprop.com.ar/propiedades/clasificado/vecltrin-casa-sobre-lote-propio-de-8-66-x-29-85-villa-devoto-59294673.html,2026-10-04
Villa Devoto,Av. San Martin 6500,1912,925000,484,270,3426,usam,zonaprop,https://www.zonaprop.com.ar/propiedades/clasificado/vecltrin-terreno-venta-villa-devoto-57081775.html,2026-10-04
Villa Devoto,JOSE CUBAS 4366. Entre Segurola Av y Sanabria,240,650000,2708,354.19,1835,usab0,zonaprop,https://www.zonaprop.com.ar/propiedades/clasificado/vecltrin-v.-devoto-residencial-venta-de-lote-8.66x41-59047395.html,2026-10-04
Villa Devoto,Allende al 3200,278,440000,1583,,,,zonaprop,https://www.zonaprop.com.ar/propiedades/clasificado/vecltrin-lote-en-venta-en-villa-devoto-allende-y-simbron-60264495.html,2026-10-04
Villa Devoto,Alsina Adolfo 3238 Balvanera,387,290000,749,893,325,usam ,zonaprop,https://www.zonaprop.com.ar/propiedades/clasificado/vecltrin-lote-propio-en-venta-en-balvanera-55891760.html,2026-10-04
Villa Devoto,ASUNCION 3100,340,440000,1294,,,,zonaprop,https://www.zonaprop.com.ar/propiedades/clasificado/vecltrin-venta-casa-lote-en-villa-devoto-48019139.html,2026-10-04
Villa Devoto,Cervantes 3100,301,450000,1495,1930.44,233,usam,zonaprop,https://www.zonaprop.com.ar/propiedades/clasificado/vecltrin-terreno-en-venta-excelente-potencial-constructivo-59104843.html,2026-10-04
Villa Devoto,Avenida Salvador María del Carril 4800,700,1400000,2000,1930.3,725,usab2,zonaprop,https://www.zonaprop.com.ar/propiedades/clasificado/vecltrin-venta-doble-lote-devoto-usab2-1.560-m-sup2--vendibles-60255240.html,2026-10-04
Villa Devoto,Asunción al 3300,405,550000,1358,230.197,2389,usab 1,zonaprop,https://www.zonaprop.com.ar/propiedades/clasificado/vecltrin-terreno-en-villa-devoto-59714037.html,2026-10-04
Villa Devoto,av.san martin 5700,105,245000,2333,,,,zonaprop,https://www.zonaprop.com.ar/propiedades/clasificado/vecltrin-lote-en-venta-en-devoto-59170148.html,2026-10-04
Villa Devoto,Marcos Paz al 3000,180,190000,1056,593,320,,zonaprop,https://www.zonaprop.com.ar/propiedades/clasificado/vecltrin-terreno-en-villa-devoto-60210401.html,2026-10-04
Villa Devoto,Cantilo Jose L. 5261,173,205000,1185,,,,zonaprop,https://www.zonaprop.com.ar/propiedades/clasificado/vecltrin-lote-de-8.66x-20-zonificacion-ae26-53860599.html,2026-10-04
Villa Devoto,Bermudez 2200. Entre Pedro Lozano y Nazarre,218,245000,1124,,,,zonaprop,https://www.zonaprop.com.ar/propiedades/clasificado/vecltrin-venta-lote-villa-devoto-59616093.html,2026-10-04
Villa Devoto,José Luis Cantilo 5000,354,320000,904,354,904,,zonaprop,https://www.zonaprop.com.ar/propiedades/clasificado/vecltrin-terreno-en-venta-devoto-470-m-sup2--vendibles!-59214310.html,2026-10-04
Villa Devoto,Av. San Martín 6969,253,410000,1621,1238.77,331,usam,zonaprop,https://www.zonaprop.com.ar/propiedades/clasificado/vecltrin-lote-en-devoto-sobre-av-san-martin-y-av-mosconi-59117321.html,2026-10-04
Villa Devoto,Concordia 3800,291,550000,1890,,,,zonaprop,https://www.zonaprop.com.ar/propiedades/clasificado/vecltrin-listo-para-desarrollo-inmobiliario-en-villa-devoto-59664686.html,2026-10-04
Villa Devoto,Nogoyá 4800,468,1500000,3205,,,usab0,zonaprop,https://www.zonaprop.com.ar/propiedades/clasificado/vecltrin-terreno-unico-de-468-m-sup2--con-17-36-m-de-frente-59384141.html,2026-10-04
Villa Devoto,Bermúdez 3625,311,365000,1174,,,Usab ,zonaprop,https://www.zonaprop.com.ar/propiedades/clasificado/vecltrin-lote-en-venta-villa-devoto-59930304.html,2026-10-04
Villa Devoto,Sierra Grande 2615,131,178000,1359,,,,zonaprop,https://www.zonaprop.com.ar/propiedades/clasificado/vecltrin-lote.-sierra-grande-al-2600-58550521.html,2026-10-04
Villa Devoto,Pedro Lozano 4849,137,225000,1642,,,,zonaprop,https://www.zonaprop.com.ar/propiedades/clasificado/vecltrin-terreno-en-esquina-pedro-lozano-4849-59943582.html,2026-10-04
Villa Devoto,Llavallol 5200,242,269900,1115,,,usab 1,zonaprop,https://www.zonaprop.com.ar/propiedades/clasificado/vecltrin-lote-villa-devoto.-usab-1.-canje-100-m-sup2-.-60037738.html,2026-10-04
Villa Devoto,Vallejos 4400. Entre Segurola y Marcos paz,313,398000,1272,,,,zonaprop,https://www.zonaprop.com.ar/propiedades/clasificado/vecltrin-venta-lote-propio-8.66-x-24-villa-devoto-59233780.html,2026-10-04
Villa Devoto,LADINES 3708. Entre San Martin Avda. y San Nicolas,400,300000,750,,,usam,zonaprop,https://www.zonaprop.com.ar/propiedades/clasificado/vecltrin-villa-devoto-venta-lote-8.66-x-50-m.-56948963.html,2026-10-04
Villa Devoto,Vallejos 3396,110,265000,2409,,,pb + 5,zonaprop,https://www.zonaprop.com.ar/propiedades/clasificado/vecltrin-ideal-desarrollador-proyecto-inmobiliario-60305842.html,2026-10-04
Villa Devoto,Baigorria 4300,380,299000,787,,,,zonaprop,https://www.zonaprop.com.ar/propiedades/clasificado/vecltrin-lote-en-venta-8.66x43.86-villa-devoto-58843791.html,2026-10-04
Villa Devoto,Beiro  al 5100,310,950000,3065,2200,432,usaa ,zonaprop,https://www.zonaprop.com.ar/propiedades/clasificado/vecltrin-terreno-en-venta-10-x-31-m-usaa-2200-m-sup2-59946574.html,2026-10-04
Villa Devoto,Simbron  al 4900,147,300000,2041,,,,zonaprop,https://www.zonaprop.com.ar/propiedades/clasificado/vecltrin-venta-lote-devoto-56911509.html,2026-10-04
Villa Devoto,Vallejos al 3300,244,320000,1311,1026,312,,zonaprop,https://www.zonaprop.com.ar/propiedades/clasificado/vecltrin-excelente-lote-en-villa-devoto-1026-m-sup2-58056388.html,2026-10-04
Villa Devoto,Carlos Antonio Lopez al 3500,123,229000,1862,,,usam ,zonaprop,https://www.zonaprop.com.ar/propiedades/clasificado/vecltrin-lote-terreno-venta-ex-e3-actual:-usam-59271957.html,2026-10-04
Villa Devoto,Pedro Lozano 3927,295,300000,1017,550,545,usab0,zonaprop,https://www.zonaprop.com.ar/propiedades/clasificado/vecltrin-terreno-en-venta-en-villa-devoto-capital-federal-59287224.html,2026-10-04
Villa Devoto,Pedro Moran al 4600,736,1200000,1630,1000,1200,usab 1,zonaprop,https://www.zonaprop.com.ar/propiedades/clasificado/vecltrin-terreno-17.32-x-42.5.-usab-2.-villa-devoto-54559067.html,2026-10-04
Villa Devoto,Jose P. Varela 5031,225,395000,1756,1330,297,usam ,zonaprop,https://www.zonaprop.com.ar/propiedades/clasificado/vecltrin-terreno-en-venta-8.66-x-25.64-m-ed-usam-altura-50544489.html,2026-10-04
Villa Devoto,Av. Lope de Vega 2900,390,450000,1154,,,,zonaprop,https://www.zonaprop.com.ar/propiedades/clasificado/vecltrin-lote-8-66-x-45-m-en-villa-devoto-58288385.html,2026-10-04
Villa Devoto,Marcos Sastre 4400,305,310000,1016,1204,257,,zonaprop,https://www.zonaprop.com.ar/propiedades/clasificado/vecltrin-lote-de-8-66-x-35-22-marcos-sastre-al-4400-53473104.html,2026-10-04
Villa Devoto,"Villa Devoto Calle Sanabria, Entre Tinogasta y Simbrón",819,2300000,2808,17.32,132794,usaa ,zonaprop,https://www.zonaprop.com.ar/propiedades/clasificado/vecltrin-venta-terreno-villa-devoto-56801372.html,2026-10-04
Villa Devoto,QUEVEDO 3825. Entre Pedro MorÁn y AsunciÓn,187,309000,1652,,,usab 1,zonaprop,https://www.zonaprop.com.ar/propiedades/clasificado/vecltrin-terreno-en-villa-devoto-55171615.html,2026-10-04
Villa Devoto,CHIVILCOY 4596. Entre Gabriela Mistral y Gutenberg,283,550000,1943,,,usab 1,zonaprop,https://www.zonaprop.com.ar/propiedades/clasificado/vecltrin-venta-lote-en-villa-devoto-283-m.-a-m.-de-plaza-44382895.html,2026-10-04
Villa Devoto,Emilio Lamarca al 4900,175,210000,1200,,,usab 0,zonaprop,https://www.zonaprop.com.ar/propiedades/clasificado/vecltrin-terreno-de-175-4-m-sup2--usab-0-en-villa-devoto-59944704.html,2026-10-04
Villa Devoto,Sanabria 3025,326,760000,2331,2488,305,usam,zonaprop,https://www.zonaprop.com.ar/propiedades/clasificado/vecltrin-venta-lote-doble-frente-ideal-constructor-1900-58488397.html,2026-10-04
Villa Devoto,CARLOS ANTONIO LOPEZ 3963. Entre Bahia Blanca y Chivilcoy,246,360000,1463,,,usab0,zonaprop,https://www.zonaprop.com.ar/propiedades/clasificado/vecltrin-villa-devoto-lote-8.66x28-ideal-proyecto-vivienda-60031961.html,2026-10-04
Villa Devoto,Av Segurola 3600,508,750000,1476,,,,zonaprop,https://www.zonaprop.com.ar/propiedades/clasificado/vecltrin-casa-triplex-en-venta-en-villa-devoto-capital-60212947.html,2026-10-04
Villa Devoto,Asuncion,673,1150000,1709,,,,zonaprop,https://www.zonaprop.com.ar/propiedades/clasificado/vecltrin-vende-de-lote-de-17.32-m-x-38.80-m-43420311.html,2026-10-04
Villa Devoto,Virgilio al 2500,491,800000,1629,,,,zonaprop,https://www.zonaprop.com.ar/propiedades/clasificado/vecltrin-terreno-doble-frente-casa-villa-real-58903078.html,2026-10-04
Villa Devoto,Arregui 4246,384,495000,1289,,,usam,zonaprop,https://www.zonaprop.com.ar/propiedades/clasificado/vecltrin-gran-terreno-en-villa-devoto-monte-castro-54119373.html,2026-10-04
Villa Devoto,Asuncion al 4900,158,220000,1392,,,usab 0,zonaprop,https://www.zonaprop.com.ar/propiedades/clasificado/vecltrin-venta-terreno-usab-0-lote-de-8-60-x-18-m-villa-59085784.html,2026-10-04
Villa Devoto,Navarro al 4500,738,1650000,2236,2450,673,usam,zonaprop,https://www.zonaprop.com.ar/propiedades/clasificado/vecltrin-terreno-en-venta-doble-frente-en-villa-devoto-59398769.html,2026-10-04
Villa Devoto,José Luis Cantilo  al 5600,193,200000,1036,,,usab2,zonaprop,https://www.zonaprop.com.ar/propiedades/clasificado/vecltrin--vendido!-venta-lote-usab2-966-m-sup2--constructivos-58643069.html,2026-10-04
Villa Devoto,Avenida Mosconi al 3600,1100,650000,591,,,,zonaprop,https://www.zonaprop.com.ar/propiedades/clasificado/vecltrin-venta-galpon-deposito-de-1100-m-sup2--sobre-lote-de-59679998.html,2026-10-04
Villa Devoto,Pedro Moran 4900,297,599000,2017,875,685,,zonaprop,https://www.zonaprop.com.ar/propiedades/clasificado/vecltrin-lote-villa-devoto-pedro-moran-4900-para-875-m-sup2-56437955.html,2026-10-04
Villa Devoto,Sanabria 3300,665,1900000,2857,2200,864,,zonaprop,https://www.zonaprop.com.ar/propiedades/clasificado/vecltrin-terreno-lote-en-venta-en-villa-devoto-capital-60212957.html,2026-10-04
Villa Devoto,Salvador Maria Del Carril 3400,398,1399900,3517,3667,382,,zonaprop,https://www.zonaprop.com.ar/propiedades/clasificado/vecltrin-lote-villa-devoto-s.-m.-del-carril-3400-para-3667-58405218.html,2026-10-04
Villa Devoto,Gualeguaychu 2800. Entre Nazarre y Pedro Lozano,1300,360000,277,1300,277,usab2,zonaprop,https://www.zonaprop.com.ar/propiedades/clasificado/vecltrin-gualeguaychu-y-nazarre.-apto-1340-m-vendible-aprox.-53071204.html,2026-10-04
Villa Devoto,Sanabria 3300,665,1500000,2256,2200,682,,zonaprop,https://www.zonaprop.com.ar/propiedades/clasificado/vecltrin-terreno-lote-en-venta-en-villa-devoto-capital-58516046.html,2026-10-04
Villa Devoto,Beiro. 2700,180,460000,2556,1550,297,,zonaprop,https://www.zonaprop.com.ar/propiedades/clasificado/vecltrin-local-en-venta-en-villa-devoto-capital-federal-60212970.html,2026-10-04
Villa Devoto,Jose Leon Cabezon 3600,175,419900,2399,1440,292,,zonaprop,https://www.zonaprop.com.ar/propiedades/clasificado/vecltrin-lote-villa-devoto-cabezon-al-3600-p-1440-m-sup2-58708027.html,2026-10-04
Villa Devoto,Nogoya Al 4500,198,249000,1258,400,622,,zonaprop,https://www.zonaprop.com.ar/propiedades/clasificado/vecltrin-lote-villa-devoto-nogoya-4500-para-520-m-sup2-59139604.html,2026-10-04
Villa Devoto,Llavallol 4800,225,449000,1996,780,576,,zonaprop,https://www.zonaprop.com.ar/propiedades/clasificado/vecltrin-lote-villa-devoto-llavallol-4800-para-780-m-sup2-58357308.html,2026-10-04
Villa Devoto,Llavallol 5500,195,329000,1687,752,438,,zonaprop,https://www.zonaprop.com.ar/propiedades/clasificado/vecltrin-lote-villa-devoto-llavallol-al-5500-para-752-m-sup2-50653836.html,2026-10-04
Villa Devoto,José P. Varela 3700,298,489000,1641,1486,329,,zonaprop,https://www.zonaprop.com.ar/propiedades/clasificado/vecltrin-lote-villa-devoto-jose-p.-varela-3700-para-1486-58464618.html,2026-10-04
Villa Devoto,Sanabria 2900,587,599900,1022,2470,243,,zonaprop,https://www.zonaprop.com.ar/propiedades/clasificado/vecltrin-lote-villa-devoro-sanabria-2900-para-2470-m-sup2-59379365.html,2026-10-04
Villa Devoto,Chivilcoy 2031,189,185000,979,,,,zonaprop,https://www.zonaprop.com.ar/propiedades/clasificado/vecltrin-lote-para-reciclar-demoler-2-ph-villa-devoto-58693474.html,2026-10-04
Villa Devoto,Nogoya 4400,219,230000,1050,668,344,pb + 2,zonaprop,https://www.zonaprop.com.ar/propiedades/clasificado/vecltrin-venta-de-terreno-en-villa-devoto-59329910.html,2026-10-04
Villa Devoto,Sanabra 3400,498,2390000,4799,,,,zonaprop,https://www.zonaprop.com.ar/propiedades/clasificado/vecltrin-lote-villa-devoto-sanabria-3400-gran-frente-y-55681016.html,2026-10-04
Villa Devoto,Av. Gral. Mosconi 3300. Entre Campana y Llavallol,850,2800000,3294,,,usam,zonaprop,https://www.zonaprop.com.ar/propiedades/clasificado/vecltrin-terreno-villa-devoto-48654315.html,2026-10-04
Villa Devoto,Sanabria 2900,796,1890000,2374,4300,440,,zonaprop,https://www.zonaprop.com.ar/propiedades/clasificado/vecltrin-lote-villa-devoro-sanabria-2900-doble-frente-y-buen-58538373.html,2026-10-04
Villa Devoto,Nazarre Al 4200,295,550000,1864,750,733,usab 2,zonaprop,https://www.zonaprop.com.ar/propiedades/clasificado/vecltrin-lote-villa-devoto-nazarre-al-4200-usab-2-para-750-50938217.html,2026-10-04
Villa Devoto,Marcos Paz 4500,375,589000,1571,750,785,usab 2,zonaprop,https://www.zonaprop.com.ar/propiedades/clasificado/vecltrin-lote-villa-devoto-marcos-paz-4500-p-750-m-sup2-44144961.html,2026-10-04
Villa Devoto,Jose Pedro Varela 3800,195,449000,2303,1382,325,,zonaprop,https://www.zonaprop.com.ar/propiedades/clasificado/vecltrin-lote-villa-devoto-jose-p.-varela-3800-p-1382-m-sup2-58131728.html,2026-10-04
Villa Devoto,Nogoya Al 4000,247,459000,1858,1043,440,,zonaprop,https://www.zonaprop.com.ar/propiedades/clasificado/vecltrin-lote-villa-devoto-nogoya-4000-para-1043-m-sup2-58593476.html,2026-10-04
Villa Devoto,PSJE.SIERRA GRANDE 2615. Entre Nogoya y Baigorria,132,190000,1439,,,,zonaprop,https://www.zonaprop.com.ar/propiedades/clasificado/vecltrin-lote-en-esquina-en-villa-devoto-57597948.html,2026-10-04
Villa Devoto,Vallejos 3300,109,270000,2477,,,usam ,zonaprop,https://www.zonaprop.com.ar/propiedades/clasificado/vecltrin-lote-en-villa-devoto-vallejos-3390-ideal-desar-60315862.html,2026-10-04
Villa Devoto,Tinogasta 5200,1276,1800000,1411,,,,zonaprop,https://www.zonaprop.com.ar/propiedades/clasificado/vecltrin-importante-terreno-exc-ubicacion-villa-devoto-60102915.html,2026-10-04
Villa Devoto,Pedro Moran 4600,165,479000,2903,675,710,,zonaprop,https://www.zonaprop.com.ar/propiedades/clasificado/vecltrin-lote-villa-devoto-pedro-moran-4600-para-877-m-sup2-58708068.html,2026-10-04
Villa Del Parque,Nazca 3300,117,384000,3282,860,447,,zonaprop,https://www.zonaprop.com.ar/propiedades/clasificado/vecltrin-excelente-terreno-en-villa-del-parque-860-m-sup2-57812177.html,2026-10-04
Villa Del Parque,Simbron 3232,377,520000,1379,980,531,pb + 4,zonaprop,https://www.zonaprop.com.ar/propiedades/clasificado/vecltrin-venta-lote-en-villa-del-parque-59822398.html,2026-10-04
Villa Del Parque,Tinogasta  al 3400,219,450000,2055,1011,445,,zonaprop,https://www.zonaprop.com.ar/propiedades/clasificado/vecltrin-terreno-en-villa-del-parque-59497627.html,2026-10-04
Villa Del Parque,Emilio Lamarca al 3300,234,429000,1833,1412,304,usam,zonaprop,https://www.zonaprop.com.ar/propiedades/clasificado/vecltrin-venta-lote-o-terreno-en-venta-en-villa-del-parque-58046680.html,2026-10-04
Villa Del Parque,Baigorria  al 2300,246,360000,1463,,,pb + 5,zonaprop,https://www.zonaprop.com.ar/propiedades/clasificado/vecltrin-terreno-en-venta-en-villa-del-parque-60266537.html,2026-10-04
Villa Del Parque,BAIGORRIA 2900. Entre Av. Nazca y Argerich,296,530000,1791,960,552,pb + 4,zonaprop,https://www.zonaprop.com.ar/propiedades/clasificado/vecltrin-lote-venta-villa-del-parque-56191695.html,2026-10-04
Villa Del Parque,Condarco al 3000,482,650000,1349,1697,383,pb + 5,zonaprop,https://www.zonaprop.com.ar/propiedades/clasificado/vecltrin-venta-lote-de-482-m-sup2--en-villa-del-parque.-59913888.html,2026-10-04
Villa Del Parque,Nogoyá 2500,780,1100000,1410,,,,zonaprop,https://www.zonaprop.com.ar/propiedades/clasificado/vecltrin-terreno-venta-doble-frente-villa-del-parque-56804340.html,2026-10-04
Villa Del Parque,Beiro 3200,292,750000,2568,,,,zonaprop,https://www.zonaprop.com.ar/propiedades/clasificado/vecltrin-terreno-sobre-av-comercial-venta-villa-del-parque-57873641.html,2026-10-04
Villa Del Parque,EL Quijote  al 2600,93,238000,2559,,,,zonaprop,https://www.zonaprop.com.ar/propiedades/clasificado/vecltrin-casa-en-villa-del-parque-60248129.html,2026-10-04
Villa Del Parque,Condarco al 3000,1344,650000,484,56.49,11506,,zonaprop,https://www.zonaprop.com.ar/propiedades/clasificado/vecltrin-terreno-en-villa-del-parque-a-la-venta-60314031.html,2026-10-04
Villa Del Parque,Caracas 2450,427,289900,679,,,,zonaprop,https://www.zonaprop.com.ar/propiedades/clasificado/vecltrin-por-partida-cuadruple-4-ph-venta-en-block-60318142.html,2026-10-04
Villa Del Parque,RICARDO GUTIERREZ 2979. Entre Av nazca y Argerich,257,245000,953,,,,zonaprop,https://www.zonaprop.com.ar/propiedades/clasificado/vecltrin-lote-8-66-x-29-61-en-villa-del-parque-56028088.html,2026-10-04
Villa Del Parque,"GONZALEZ, JOAQUIN V. 2487. Entre Marcos Sastre y Santo Tome",302,350000,1159,,,usab 1,zonaprop,https://www.zonaprop.com.ar/propiedades/clasificado/vecltrin-v.-del-parque-terreno-usab1-8.66x35-59720307.html,2026-10-04
Villa Del Parque,Bolivia 3300,115,200000,1739,,,usab 1,zonaprop,https://www.zonaprop.com.ar/propiedades/clasificado/vecltrin-terreno-villa-del-parque-55422564.html,2026-10-04
Villa Del Parque,BELAUSTEGUI 2900,452,329000,728,,,,zonaprop,https://www.zonaprop.com.ar/propiedades/clasificado/vecltrin-belaustegui-2900-excelente-lote-propio-de-8.72-x-48401180.html,2026-10-04
Villa Del Parque,Álvarez Jonte al 2600,246,380000,1545,,,,zonaprop,https://www.zonaprop.com.ar/propiedades/clasificado/vecltrin-local-y-deposito-en-venta-villa-del-parque-villa-59844007.html,2026-10-04
Villa Del Parque,Santo Tome al 3300 Entre Campana y Llavallol,393,420000,1069,880,477,usab 0,zonaprop,https://www.zonaprop.com.ar/propiedades/clasificado/vecltrin-terreno-en-villa-del-parque-60235910.html,2026-10-04
Villa Del Parque,San blas 1895,334,230000,689,300,767,usab 2,zonaprop,https://www.zonaprop.com.ar/propiedades/clasificado/vecltrin-nuevo-valor!-terreno-en-venta-usab-2-1690-m-sup2-57414952.html,2026-10-04
Villa Del Parque,nogoya 2900,227,330000,1454,100,3300,,zonaprop,https://www.zonaprop.com.ar/propiedades/clasificado/vecltrin-terreno-lote-en-venta-villa-del-parque-1376-m-sup2-59867899.html,2026-10-04
Villa Del Parque,- Casa - Lote -en Venta en Villa del Parque,257,245000,953,,,,zonaprop,https://www.zonaprop.com.ar/propiedades/clasificado/vecltrin-casa-lote-en-venta-en-villa-del-parque-59700765.html,2026-10-04
Villa Del Parque,CUENCA,1351,1600000,1184,4405,363,,zonaprop,https://www.zonaprop.com.ar/propiedades/clasificado/vecltrin-venta-villa-del-parque-unico!-espectacular-lote-doble-49368035.html,2026-10-04
Villa Del Parque,Simbrón 2950,289,689000,2384,,,Usam ,zonaprop,https://www.zonaprop.com.ar/propiedades/clasificado/vecltrin-venta-lote-9-10-x-34-25-m-villa-del-parque-p-1879-58326946.html,2026-10-04
Villa Del Parque,Joaquin V. Gonzalez al 2100 Villa del Parque,253,370000,1462,1300,285,,zonaprop,https://www.zonaprop.com.ar/propiedades/clasificado/vecltrin-terreno-en-villa-del-parque-57646168.html,2026-10-04
Villa Del Parque,Avda. Nazca 1176,440,470000,1068,1732,271,usaa ,zonaprop,https://www.zonaprop.com.ar/propiedades/clasificado/vecltrin-440-m-sup2--1732-m.-vendible-usaa-59085757.html,2026-10-04
Villa Del Parque,Pedro Lozano e/ Argerich y Helguera,508,980000,1929,,,,zonaprop,https://www.zonaprop.com.ar/propiedades/clasificado/vecltrin-terreno-en-venta-508-m-sup2--villa-del-parque-59863382.html,2026-10-04
Villa Del Parque,Condarco  al 2900,104,270000,2596,,,usam,zonaprop,https://www.zonaprop.com.ar/propiedades/clasificado/vecltrin-excelente-terreno-en-villa-del-parque-lideres-en-59207659.html,2026-10-04
Villa Del Parque,Argerich al 1800,288,590000,2049,1800,328,usam ,zonaprop,https://www.zonaprop.com.ar/propiedades/clasificado/vecltrin-lote-de-8-x-36-zonificacion-usaa-360u$s-m-sup2--de-51040097.html,2026-10-04
Villa Del Parque,Alfredo F. Bufano  al 2300,219,239600,1094,540,444,usab 1,zonaprop,https://www.zonaprop.com.ar/propiedades/clasificado/vecltrin-terreno-en-villa-del-parque-de-219-7-m-sup2--8-66x25-60117622.html,2026-10-04
Villa Del Parque,Biarritz  al 2500,364,220000,604,,,usab 1,zonaprop,https://www.zonaprop.com.ar/propiedades/clasificado/vecltrin-terreno-en-villa-del-parque-59984468.html,2026-10-04
Villa Del Parque,Av. Nazca 3185,240,340000,1417,,,usaa,zonaprop,https://www.zonaprop.com.ar/propiedades/clasificado/vecltrin-venta-lote-villa-del-parque-sobre-av-nazca-y-pedro-58015447.html,2026-10-04
Villa Del Parque,Baigorria 3593,111,215000,1937,389,553,pb + 5 + 2,zonaprop,https://www.zonaprop.com.ar/propiedades/clasificado/vecltrin-excelente-lote-en-venta-villa-del-parque!-oportunidad-49327541.html,2026-10-04
Villa Del Parque,Arregui 3100,196,219000,1117,,,,zonaprop,https://www.zonaprop.com.ar/propiedades/clasificado/vecltrin-terreno-en-venta-en-villa-del-parque-lote-propio-de-60058949.html,2026-10-04
Villa Del Parque,Adolfo P. Carranza 2830,337,290000,861,1212,239,usab 2,zonaprop,https://www.zonaprop.com.ar/propiedades/clasificado/vecltrin-excelente-terreno-en-villa-del-parque-c.-a.-b.-a.-59776819.html,2026-10-04
Villa Del Parque,Ricardo Gutiérrez 2979,268,239000,892,,,,zonaprop,https://www.zonaprop.com.ar/propiedades/clasificado/vecltrin-oportunidad-lote-de-8-66-x-31-en-villa-del-parque-baja-59902443.html,2026-10-04
Villa Del Parque,Pedro Lozano al 3000,508,980000,1929,,,,zonaprop,https://www.zonaprop.com.ar/propiedades/clasificado/vecltrin-terreno-en-la-mejor-zona-de-villa-del-parque-58475969.html,2026-10-04
Villa Del Parque,General Rivas  al 2450,525,499900,952,1740,287,usam ,zonaprop,https://www.zonaprop.com.ar/propiedades/clasificado/vecltrin-venta-terreno-lote-para-edificio-7-pisos-sup-59550135.html,2026-10-04
Villa Del Parque,Campana 3460,1805,1100000,609,1805,609,usam ,zonaprop,https://www.zonaprop.com.ar/propiedades/clasificado/vecltrin-campana-3400-1805-m-sup2--vendibles-pb-pisos-51523228.html,2026-10-04
Villa Del Parque,Artigas al 2400,239,195000,816,,,,zonaprop,https://www.zonaprop.com.ar/propiedades/clasificado/vecltrin-venta-lote-propio-con-casa-a-refaccionar-villa-del-60260491.html,2026-10-04
Villa Del Parque,ADOLFO P. CARRANZA 2820. Entre Terrada y Av. nazca,334,375000,1123,,,,zonaprop,https://www.zonaprop.com.ar/propiedades/clasificado/vecltrin-lote-en-villa-del-parque-55285898.html,2026-10-04
Villa Del Parque,CONCORDIA 3337,392,370000,944,1200,308,,zonaprop,https://www.zonaprop.com.ar/propiedades/clasificado/vecltrin-lote.-concordia-al-3300-52453884.html,2026-10-04
Villa Del Parque,SANTO TOME 3170. Entre Cuenca y Helguera,407,380000,934,146,2603,usab 2,zonaprop,https://www.zonaprop.com.ar/propiedades/clasificado/vecltrin-terreno-en-venta-usab-2-44879599.html,2026-10-04
Villa Del Parque,NOGOYA 4400. Entre Sanabria y Segurola,172,250000,1453,,,,zonaprop,https://www.zonaprop.com.ar/propiedades/clasificado/vecltrin-terreno-villa-del-parque-venta-58996887.html,2026-10-04
Villa Del Parque,Helguera 2600,172,199000,1157,,,,zonaprop,https://www.zonaprop.com.ar/propiedades/clasificado/vecltrin-venta-lote-villa-del-parque-usab1-587-m-construible-60163158.html,2026-10-04
Villa Del Parque,Simbron 3131,665,1350000,2030,2874,470,usam ,zonaprop,https://www.zonaprop.com.ar/propiedades/clasificado/vecltrin-lote.-simbron-al-3100-59747745.html,2026-10-04
Villa Del Parque,Simbron al 3200,336,430000,1280,149.98,2867,usab 2,zonaprop,https://www.zonaprop.com.ar/propiedades/clasificado/vecltrin-terreno-en-venta-de-336-90-m-sup2--para-desarrollo-60021328.html,2026-10-04
Villa Del Parque,Campana 3300,270,600000,2222,720.04,833,usab 1,zonaprop,https://www.zonaprop.com.ar/propiedades/clasificado/vecltrin-venta-lote-para-desarrollo-en-villa-del-parque.-967-60272261.html,2026-10-04
Villa Del Parque,Nazarre 2600,163,415000,2546,17.2,24128,,zonaprop,https://www.zonaprop.com.ar/propiedades/clasificado/vecltrin-venta-lote-terreno-en-villa-del-parque-59782581.html,2026-10-04
Villa Del Parque,Nogoyá al 2700,779,1200000,1540,,,,zonaprop,https://www.zonaprop.com.ar/propiedades/clasificado/vecltrin-venta-terreno-doble-frente-en-villa-del-parque-59163422.html,2026-10-04
Villa Del Parque,Simbron  al 3100,330,520000,1576,1461,356,,zonaprop,https://www.zonaprop.com.ar/propiedades/clasificado/vecltrin-terreno-en-villa-del-parque-60120706.html,2026-10-04
Villa Del Parque,GENERAL RIVAS 2400,527,550000,1044,,,,zonaprop,https://www.zonaprop.com.ar/propiedades/clasificado/vecltrin-lote-para-desarrollo-villa-del-parque-capital-federal-55447447.html,2026-10-04
Villa Del Parque,Helguera 2100,185,360000,1946,1022,352,,zonaprop,https://www.zonaprop.com.ar/propiedades/clasificado/vecltrin-venta-lote-con-plano-aprobados-y-demolido-1000-60180861.html,2026-10-04
Villa Del Parque,Álvarez Jonte 3700,260,260000,1000,863,301,pb + 5,zonaprop,https://www.zonaprop.com.ar/propiedades/clasificado/vecltrin-lote-av-jonte-688-m-sup2--homog.-plusvalia-min.-60284187.html,2026-10-04
Villa Del Parque,Bahía Blanca 2100,464,350000,754,802,436,usab2,zonaprop,https://www.zonaprop.com.ar/propiedades/clasificado/vecltrin-venta-lote-de-464-m-usab-2-monte-castro-60261515.html,2026-10-04
Villa Del Parque,Simbron  al 3000,330,520000,1576,1461,356,,zonaprop,https://www.zonaprop.com.ar/propiedades/clasificado/vecltrin-terreno-de-330-m-sup2--1.461-m-sup2--construible-60147905.html,2026-10-04
Villa Del Parque,Helguera 2700,732,799000,1092,1100,726,usab2,zonaprop,https://www.zonaprop.com.ar/propiedades/clasificado/vecltrin-terreno-lote-en-venta-en-villa-del-parque-capital-59843571.html,2026-10-04
Villa Del Parque,Baigorria al 3800,1342,1100000,820,2491,442,usab 1,zonaprop,https://www.zonaprop.com.ar/propiedades/clasificado/vecltrin-venta-cuatro-lotes-con-salida-a-dos-calles-2491-59864570.html,2026-10-04
Villa Del Parque,Emilio Lamarca al 3300,234,429000,1833,1412,304,usam ,zonaprop,https://www.zonaprop.com.ar/propiedades/clasificado/vecltrin-venta-lote-o-terreno-en-venta-en-villa-del-parque-60284917.html,2026-10-04
Villa Del Parque,Nogoya al 2900,227,387000,1705,1245,311,usam,zonaprop,https://www.zonaprop.com.ar/propiedades/clasificado/vecltrin-terreno-en-venta-en-viila-del-parque-58767667.html,2026-10-04
Villa Del Parque,"Helguera 1800, Entre San Blas y  García Agustín",286,610000,2133,,,,zonaprop,https://www.zonaprop.com.ar/propiedades/clasificado/vecltrin-lote-8x35.75-apto-edificio-venta-villa-del-parque-59934967.html,2026-10-04
Villa Del Parque,General Rivas al 2400,525,550000,1048,172,3198,Usam1,zonaprop,https://www.zonaprop.com.ar/propiedades/clasificado/vecltrin-terreno-en-excelente-ubicacion-con-vista-abierta-en-59479688.html,2026-10-04
Villa Del Parque,SAN NICOLAS 1900,346,338000,977,,,,zonaprop,https://www.zonaprop.com.ar/propiedades/clasificado/vecltrin-venta-lote-gran-potencial-en-villa-del-parque-60263873.html,2026-10-04
Villa Del Parque,Ricardo Gutiérrez 2700,204,249000,1221,203.067,1226,Usab ,zonaprop,https://www.zonaprop.com.ar/propiedades/clasificado/vecltrin-venta-de-lote-en-el-corazon-de-villa-del-parque-60097511.html,2026-10-04
Villa Del Parque,Santo Tomé 2800,398,380000,955,1020,373,usab 2,zonaprop,https://www.zonaprop.com.ar/propiedades/clasificado/vecltrin-lote-en-venta-400-m-sup2--villa-del-parque-60296233.html,2026-10-04
Villa Del Parque,Condarco al 2900,184,470000,2554,,,usam,zonaprop,https://www.zonaprop.com.ar/propiedades/clasificado/vecltrin-excelente-terreno-en-villa-del-parque-lideres-en-59207661.html,2026-10-04
Villa Del Parque,Av. Nazca al 3100,269,390000,1450,1173.67,332,pb + 7,zonaprop,https://www.zonaprop.com.ar/propiedades/clasificado/vecltrin-terreno-en-venta-villa-del-parque-de-1100-m-sup2-56227955.html,2026-10-04
Villa Del Parque,Avenida SAN Martin al 4000,223,279000,1251,,,usaa ,zonaprop,https://www.zonaprop.com.ar/propiedades/clasificado/vecltrin-venta-terreno-8-66-x-25usaa-frente-facultad-de-60122112.html,2026-10-04
Villa Del Parque,Concordia 3400,91,230000,2527,280,821,pb + 5,zonaprop,https://www.zonaprop.com.ar/propiedades/clasificado/vecltrin-venta-lote-280-m-sup2--construibles-usam.-60191574.html,2026-10-04
Villa Del Parque,Argerich 2659,445,380000,854,1222,311,usab 2,zonaprop,https://www.zonaprop.com.ar/propiedades/clasificado/vecltrin-venta-lote-terreno-villa-del-parque-58834923.html,2026-10-04
Villa Del Parque,Terrada al 3000,330,370000,1121,,,,zonaprop,https://www.zonaprop.com.ar/propiedades/clasificado/vecltrin-casa-2-plantas-8-66-m-sup2--de-frente-x-38-22-58806515.html,2026-10-04
Villa Del Parque,Pedro Lozano al 3000,508,980000,1929,,,,zonaprop,https://www.zonaprop.com.ar/propiedades/clasificado/vecltrin-terreno-en-villa-del-parque-58286520.html,2026-10-04
Villa Del Parque,Condarco 3038,553,680000,1230,,,,zonaprop,https://www.zonaprop.com.ar/propiedades/clasificado/vecltrin-lote-en-venta-en-villa-del-parque-58872167.html,2026-10-04
Villa Del Parque,Zamudio 3000,257,250000,973,900,278,usam ,zonaprop,https://www.zonaprop.com.ar/propiedades/clasificado/vecltrin-villa-del-parque-terreno-para-emprendimiento-58902928.html,2026-10-04
Villa Del Parque,Ricardo Gutierrez 2804. Entre Nogoya y Terrada,164,372000,2268,,,usam,zonaprop,https://www.zonaprop.com.ar/propiedades/clasificado/vecltrin-villa-del-parque-venta-lote-1227-m-vendibles-nogoya-y-48590282.html,2026-10-04
Villa Del Parque,Marcos Sastre al 3800,495,400000,808,,,,zonaprop,https://www.zonaprop.com.ar/propiedades/clasificado/vecltrin-venta-lote-en-villa-del-parque-60292406.html,2026-10-04
Villa Del Parque,Simbron 3210,248,1200000,4839,,,usab2,zonaprop,https://www.zonaprop.com.ar/propiedades/clasificado/vecltrin-espectacular-lote-en-la-mejor-ubicacion-de-villa-del-56328605.html,2026-10-04
Villa Del Parque,Pernambuco al 2200,400,300000,750,388,773,pb + 2,zonaprop,https://www.zonaprop.com.ar/propiedades/clasificado/vecltrin-lote-terreno-390-m-sup2--construibles-120-m-sup2-49676951.html,2026-10-04
Villa Del Parque,Gral. Alvarez Condarco  al 2500,340,295000,868,,,,zonaprop,https://www.zonaprop.com.ar/propiedades/clasificado/vecltrin-terreno-en-venta-en-condarco-2500-villa-del-parque-58735181.html,2026-10-04
Villa Del Parque,BOLIVIA 2942. Entre Nogoya y Baigorri,203,420000,2069,,,,zonaprop,https://www.zonaprop.com.ar/propiedades/clasificado/vecltrin-lote-en-villa-del-parque-usam-59318839.html,2026-10-04
Villa Del Parque,Arregui  al 2600,86,200000,2326,,,,zonaprop,https://www.zonaprop.com.ar/propiedades/clasificado/vecltrin-terreno-en-villa-del-parque-57502212.html,2026-10-04
Villa Del Parque,Marcos Sastre 3800,495,395000,798,310.657,1271,,zonaprop,https://www.zonaprop.com.ar/propiedades/clasificado/vecltrin-lote-residencial-8-66-x-35.33-1200-construibles-59348281.html,2026-10-04
Villa Del Parque,CONDARCO 3040,553,560000,1013,,,,zonaprop,https://www.zonaprop.com.ar/propiedades/clasificado/vecltrin-condarco-3038-unico-lote-de-553-m.-54220656.html,2026-10-04
Villa Del Parque,Empedrado al 2300,1003,1500000,1496,3680,408,,zonaprop,https://www.zonaprop.com.ar/propiedades/clasificado/vecltrin-venta-terreno-en-villa-del-parque-59055207.html,2026-10-04
Villa Del Parque,Adolfo P Carranza  al 2500,113,180000,1593,,,usab 0,zonaprop,https://www.zonaprop.com.ar/propiedades/clasificado/vecltrin-lote-en-venta-villa-del-parque-59864218.html,2026-10-04
Villa Del Parque,Enzo Bordabehere 2800,192,295000,1536,1235.86,239,,zonaprop,https://www.zonaprop.com.ar/propiedades/clasificado/vecltrin-venta-lote-villa-del-parque-60104450.html,2026-10-04
Villa Del Parque,Helguera2100,185,390000,2108,1022,382,,zonaprop,https://www.zonaprop.com.ar/propiedades/clasificado/vecltrin-terreno-en-venta-lote-con-plano-aprobado-y-demolido-60026388.html,2026-10-04
Villa Del Parque,Nazarre al 3600,280,340000,1214,595,571,pb + 3,zonaprop,https://www.zonaprop.com.ar/propiedades/clasificado/vecltrin-venta-terreno-en-villa-del-parque-57872763.html,2026-10-04
Villa Del Parque,ARGERICH 3634,283,285000,1007,,,usaa,zonaprop,https://www.zonaprop.com.ar/propiedades/clasificado/vecltrin-excelente-lote-de-8.66x33-55221694.html,2026-10-04
Villa Del Parque,Santo Tomé 2900,349,549990,1576,,,usab 2,zonaprop,https://www.zonaprop.com.ar/propiedades/clasificado/vecltrin-lote-villa-del-parque-1100-m-construibles-usab2-60195931.html,2026-10-04
Villa Del Parque,Alejandro Magariños Cervantes 3100,704,350000,497,,,,zonaprop,https://www.zonaprop.com.ar/propiedades/clasificado/vecltrin-terreno-lote-en-venta-villa-santa-rita-60198326.html,2026-10-04
Villa Del Parque,Llavallol al 2700,820,390000,476,123.5,3158,pb + 5,zonaprop,https://www.zonaprop.com.ar/propiedades/clasificado/vecltrin-terreno-en-venta-en-villa-del-parque-59994376.html,2026-10-04
Villa Del Parque,Arregui 3700,100,140000,1400,323,433,usab 0,zonaprop,https://www.zonaprop.com.ar/propiedades/clasificado/vecltrin-lote-terreno-en-venta-de-100-m-sup2-59272417.html,2026-10-04
Villa Del Parque,Arregui 3900,314,315000,1003,,,,zonaprop,https://www.zonaprop.com.ar/propiedades/clasificado/vecltrin-lote-casa-para-demoler-56835216.html,2026-10-04
Villa Del Parque,Llavallol 2700,150,398000,2653,820,485,pb + 5,zonaprop,https://www.zonaprop.com.ar/propiedades/clasificado/vecltrin-lote-venta-villa-del-parque-planos-aprobados-60079401.html,2026-10-04
Villa Del Parque,Terrada 2500,363,320000,882,,,usam,zonaprop,https://www.zonaprop.com.ar/propiedades/clasificado/vecltrin-venta-terreno-villa-del-parque-363-m-sup2-60177428.html,2026-10-04
Villa Del Parque,Condarco al 1600,280,230000,821,,,Usab ,zonaprop,https://www.zonaprop.com.ar/propiedades/clasificado/vecltrin-terreno-en-villa-del-parque-50430964.html,2026-10-04
Villa Del Parque,Bufano 2170,900,270000,300,,,,zonaprop,https://www.zonaprop.com.ar/propiedades/clasificado/vecltrin-lote-en-venta-de-385-m-sup2--superficie.-villa-del-53656892.html,2026-10-04
Villa Del Parque,Tinogasta 2957,385,620000,1610,385,1610,usaa,zonaprop,https://www.zonaprop.com.ar/propiedades/clasificado/vecltrin-excelente-lote-8.66x44.45-a-m-av-nazca-cuenca-y-54963398.html,2026-10-04
Villa Del Parque,teodoro vilardebo 2737,326,500000,1534,,,usab 2,zonaprop,https://www.zonaprop.com.ar/propiedades/clasificado/vecltrin-venta-terreno-villa-del-parque-57226371.html,2026-10-04
Villa Del Parque,Simbrón 3300,260,360000,1385,,,,zonaprop,https://www.zonaprop.com.ar/propiedades/clasificado/vecltrin-venta-lote-en-villa-del-parque-terreno-8-66-m-x-30-m-60078909.html,2026-10-04
Villa Del Parque,Nogoya al 3800,210,380000,1810,1000,380,usam,zonaprop,https://www.zonaprop.com.ar/propiedades/clasificado/vecltrin-venta-terreno-en-villa-del-parque-usam-60093946.html,2026-10-04
Villa Del Parque,Adolfo P Carranza  al 2500,173,180000,1040,,,usab 0,zonaprop,https://www.zonaprop.com.ar/propiedades/clasificado/vecltrin-lote-en-venta-villa-del-parque-59863609.html,2026-10-04
Villa Del Parque,Estado Plurinacional de Bolivia 2000,171,235000,1374,,,,zonaprop,https://www.zonaprop.com.ar/propiedades/clasificado/vecltrin-venta-lote-villa-del-parque-construccion-aprobada-60320933.html,2026-10-04
Villa Del Parque,Helguera 2750,728,799000,1098,1100,726,usab2,zonaprop,https://www.zonaprop.com.ar/propiedades/clasificado/vecltrin-lote-en-venta-villa-del-parque-usab2-940-m-sup2-59851560.html,2026-10-04
Villa Del Parque,Condarco 3040,553,550000,995,,,,zonaprop,https://www.zonaprop.com.ar/propiedades/clasificado/vecltrin-excelente-oportunidad-de-terreno-para-construir-50861981.html,2026-10-04
Villa Del Parque,CAFULCURA 2800. Entre Av. Nazca y Terrada,181,238000,1315,,,,zonaprop,https://www.zonaprop.com.ar/propiedades/clasificado/vecltrin-venta-lote-propio-casa-5-ambientes-con-cochera-59992608.html,2026-10-04
Villa Del Parque,MARCOS SASTRE 2700,239,307000,1285,,,Ca,zonaprop,https://www.zonaprop.com.ar/propiedades/clasificado/vecltrin-terrenos-fracciones-loteos-terrenos-villa-del-60294711.html,2026-10-04
Villa Del Parque,Emilio Lamarca 3300,739,1499900,2030,1720,872,usam ,zonaprop,https://www.zonaprop.com.ar/propiedades/clasificado/vecltrin-venta-lote-doble-frente-villa-del-parque-60097162.html,2026-10-04
Villa Del Parque,Martin Pescador al 2100,150,260000,1733,766.7,339,,zonaprop,https://www.zonaprop.com.ar/propiedades/clasificado/vecltrin-oportunidad-planos-aprobados-lote-para-construir-5-59771305.html,2026-10-04
Villa Del Parque,Cuenca 2400,314,700000,2229,,,usaa,zonaprop,https://www.zonaprop.com.ar/propiedades/clasificado/vecltrin-lote-8.66-x-36.26-a-100-m-de-la-plaza-53339724.html,2026-10-04
Villa Del Parque,Ricardo Gutierrez al 3100 Entre Nazarre y Helguera,285,330000,1158,,,,zonaprop,https://www.zonaprop.com.ar/propiedades/clasificado/vecltrin-terreno-venta-villa-del-parque-59935029.html,2026-10-04
Villa Del Parque,Los Territorios 2748,260,219000,842,19866,11,,zonaprop,https://www.zonaprop.com.ar/propiedades/clasificado/vecltrin-excelente-terreno-57952333.html,2026-10-04
Villa Del Parque,Lascano,194,240000,1237,259.358,925,,zonaprop,https://www.zonaprop.com.ar/propiedades/clasificado/vecltrin-villa-del-parque-lote-8.66x22.40-ideal-constructor!-54279414.html,2026-10-04
Villa Del Parque,Llavallol 3027,275,350000,1273,,,usab1,zonaprop,https://www.zonaprop.com.ar/propiedades/clasificado/vecltrin-lote-8-66-x-31-76-m-en-excelente-ubicacion.-usb1-55816920.html,2026-10-04
Villa Del Parque,Adolfo P Carranza 2700,268,290000,1082,,,,zonaprop,https://www.zonaprop.com.ar/propiedades/clasificado/vecltrin-venta-en-block-2-ph-de-3-ambientes-con-patio-y-tza-55118166.html,2026-10-04
Villa Del Parque,Cittadini al 2300,1356,1950000,1438,4800,406,,zonaprop,https://www.zonaprop.com.ar/propiedades/clasificado/vecltrin-venta-terreno-en-villa-del-parque-59055035.html,2026-10-04
Villa Del Parque,Pedro Lozano 3026. Entre Argerich y Helguera,516,980000,1899,,,,zonaprop,https://www.zonaprop.com.ar/propiedades/clasificado/vecltrin-lote.-pedro-lozano-al-3000-59025981.html,2026-10-04
Villa Del Parque,Teodoro Vilardebo 3082,172,310000,1802,,,,zonaprop,https://www.zonaprop.com.ar/propiedades/clasificado/vecltrin-con-demolicion-53636841.html,2026-10-04
Villa Del Parque,Dirección no informada,116,380000,3276,,,usaa ,zonaprop,https://www.zonaprop.com.ar/propiedades/clasificado/vecltrin-v.-del-parque-lote-en-usaa-con-planos-aprobados-58769113.html,2026-10-04
Villa Del Parque,Ricardo Gutiérrez 2400,297,395000,1330,1300.85,304,,zonaprop,https://www.zonaprop.com.ar/propiedades/clasificado/vecltrin-terreno-apto-para-construir-1.300-m-sup2--vendibles-60038024.html,2026-10-04
Villa Del Parque,Melincué 3000,440,450000,1023,,,usam,zonaprop,https://www.zonaprop.com.ar/propiedades/clasificado/vecltrin-venta-lote-villa-del-parque-melincue-3052-59833042.html,2026-10-04
Villa Del Parque,Concordia 2500,334,520000,1557,1079,482,usab2,zonaprop,https://www.zonaprop.com.ar/propiedades/clasificado/vecltrin-terreno-c-4-lozas-construidas-ideal-casa-o-edificio-56523384.html,2026-10-04
Villa Del Parque,Teodoro Vilardebo 2900,184,275000,1495,,,,zonaprop,https://www.zonaprop.com.ar/propiedades/clasificado/vecltrin-lote-de-8.40-x-21.40-usab1-edificable-12-m-de-altura-58032632.html,2026-10-04
Villa Del Parque,Gral. Rivas 2300,267,315000,1180,7.75,40645,usam 2,zonaprop,https://www.zonaprop.com.ar/propiedades/clasificado/vecltrin-lote-villa-del-parque-usam-2-880-m-sup2--vendibles-60254644.html,2026-10-04
Villa Del Parque,Av. Nazca al 1500,164,295000,1799,1400,211,,zonaprop,https://www.zonaprop.com.ar/propiedades/clasificado/vecltrin-terreno-en-villa-santa-rita-59866553.html,2026-10-04
Villa Del Parque,Baigorria 2392,170,320000,1882,161.627,1980,,zonaprop,https://www.zonaprop.com.ar/propiedades/clasificado/vecltrin-venta-terreno-para-desarrolladores-en-villa-del-60154509.html,2026-10-04
Villa Del Parque,"Lascano 3077, VILLA DEL PARQUE",277,295000,1065,,,pb + 2,zonaprop,https://www.zonaprop.com.ar/propiedades/clasificado/vecltrin-lote-8-66-x-32-53340393.html,2026-10-04
Villa Del Parque,Nogoya,1300,450000,346,1300,346,,zonaprop,https://www.zonaprop.com.ar/propiedades/clasificado/vecltrin-lote-en-villa-del-parque-de-8-66-x-30-60-53598894.html,2026-10-04
Villa Del Parque,Terrada 2400,520,520000,1000,,,ca,zonaprop,https://www.zonaprop.com.ar/propiedades/clasificado/vecltrin-lote-en-venta-en-villa-del-parque-59331199.html,2026-10-04
Villa Del Parque,Ricardo Gutierrez Al 2800,249,319000,1281,1375,232,,zonaprop,https://www.zonaprop.com.ar/propiedades/clasificado/vecltrin-lote-villa-del-parque-ricardo-gutierrez-2800-1375-50938292.html,2026-10-04
Villa Del Parque,AV SAN MARTIN 5266. Entre Av Nazca y Terrada,222,320000,1441,,,usaa ,zonaprop,https://www.zonaprop.com.ar/propiedades/clasificado/vecltrin-v.-del-parque-terreno-usaa.-pb-7-2-59814205.html,2026-10-04
Villa Del Parque,Bolivia 3000,198,399000,2015,1045,382,usaa,zonaprop,https://www.zonaprop.com.ar/propiedades/clasificado/vecltrin-lote-villa-del-parque-bolivia-al-3000-usaa-para-51004153.html,2026-10-04
Villa Del Parque,Argerich 3300,169,449000,2657,975,461,,zonaprop,https://www.zonaprop.com.ar/propiedades/clasificado/vecltrin-lote-villa-del-parque-argerich-3300-para-975-m-sup2-58131720.html,2026-10-04
Villa Del Parque,Simbron 2900,198,549000,2773,1585,346,usam,zonaprop,https://www.zonaprop.com.ar/propiedades/clasificado/vecltrin-lote-villa-del-parque-simbron-2900-para-1585-59314667.html,2026-10-04
Villa Del Parque,Jose Pedro Varela 3400,395,899000,2276,3224,279,,zonaprop,https://www.zonaprop.com.ar/propiedades/clasificado/vecltrin-lote-villa-del-parque-jose-p.-varela-3400-p-3224-58136742.html,2026-10-04
Villa Del Parque,Alvarez Jonte 2833,255,350000,1373,,,usab 2,zonaprop,https://www.zonaprop.com.ar/propiedades/clasificado/vecltrin-terreno-8.66-x-29.32-zonificacion-usab-2-59511688.html,2026-10-04
Villa Del Parque,Simbrón 2900,239,450000,1883,1160,388,,zonaprop,https://www.zonaprop.com.ar/propiedades/clasificado/vecltrin-lote-venta-v.-del-parque-demolido-y-aprobado-60140085.html,2026-10-04
Villa Del Parque,Melincue 3300,543,1999000,3681,3666,545,,zonaprop,https://www.zonaprop.com.ar/propiedades/clasificado/vecltrin-lote-villa-del-parque-melincue-3300-para-3666-m-sup2-56892505.html,2026-10-04
Villa Del Parque,Av Nazca 2900,198,359000,1813,1466,245,usaa,zonaprop,https://www.zonaprop.com.ar/propiedades/clasificado/vecltrin-lote-villa-del-parque-nazca-al-2900-para-1466-55621627.html,2026-10-04
Villa Del Parque,Helguera Al 3100,379,699000,1844,2375,294,,zonaprop,https://www.zonaprop.com.ar/propiedades/clasificado/vecltrin-lote-villa-del-parque-helguera-3100-para-2375-m-sup2-50937814.html,2026-10-04
Villa Del Parque,Simbron 3100,665,1350000,2030,2874,470,usam ,zonaprop,https://www.zonaprop.com.ar/propiedades/clasificado/vecltrin-venta-doble-lote-usam-de-13-x-38-en-villa-del-parque-58092416.html,2026-10-04
Villa Del Parque,Nazarre 3000,149,349000,2342,854,409,,zonaprop,https://www.zonaprop.com.ar/propiedades/clasificado/vecltrin-lote-villa-del-parque-nazarre-3000-para-854-m-sup2-50301044.html,2026-10-04
Villa Del Parque,Santo Tome al 3100,687,1300000,1892,526,2471,,zonaprop,https://www.zonaprop.com.ar/propiedades/clasificado/vecltrin-terreno-en-villa-del-parque-51411402.html,2026-10-04
Agronomia,Av. Warnes & Avenida Chorroarín,800,400000,500,,,,zonaprop,https://www.zonaprop.com.ar/propiedades/clasificado/vecltrin-terreno-en-venta-3-dorm.-2-banos-800-m-agronomia-59803392.html,2026-10-04
Agronomia,Av. De Los Constituyentes 3674,253,570000,2253,1400,407,usaa,zonaprop,https://www.zonaprop.com.ar/propiedades/clasificado/vecltrin-terreno-en-agronomia-zonificacion-usaa-pb-7-pisos-2-59763943.html,2026-10-04
Agronomia,NAVARRO 3048. Entre Helguera y Argerich,251,350000,1394,,,usab1,zonaprop,https://www.zonaprop.com.ar/propiedades/clasificado/vecltrin-venta-de-terreno-en-agronomia-en-zonificacion-usab1-pb-58260624.html,2026-10-04
Agronomia,Avenida San Martin 3963,347,275000,793,,,,zonaprop,https://www.zonaprop.com.ar/propiedades/clasificado/vecltrin-casa-valor-lote-56872208.html,2026-10-04
Agronomia,Zamudio al 3900,264,295000,1117,700,421,usab 1,zonaprop,https://www.zonaprop.com.ar/propiedades/clasificado/vecltrin-terreno-en-agronomia-de-8-66-x-30-26-zonificacion-58898063.html,2026-10-04
Agronomia,MARISCAL FRANCISCO SOLANO LOPEZ 2638,368,380000,1033,986,385,usab 1,zonaprop,https://www.zonaprop.com.ar/propiedades/clasificado/vecltrin-venta-terreno-en-agronomia-solano-lopez-2638-59198201.html,2026-10-04
Agronomia,"Beiro, Francisco AV. al 2500",291,430000,1478,,,usaa,zonaprop,https://www.zonaprop.com.ar/propiedades/clasificado/vecltrin-excelente-terreno-en-agronomia-lideres-en-terrenos-59516042.html,2026-10-04
Agronomia,Av Francisco Beiro 2700,186,520000,2796,,,,zonaprop,https://www.zonaprop.com.ar/propiedades/clasificado/vecltrin-terreno-lote-en-venta-en-agronomia-capital-federal-57428222.html,2026-10-04
Agronomia,Avenida Francisco Beiró 2900,368,450000,1223,2075.5,217,,zonaprop,https://www.zonaprop.com.ar/propiedades/clasificado/vecltrin-venta-lote-en-agronomia!-unidades-de-sustentabilidad-60234493.html,2026-10-04
Agronomia,ANDONAEGUI 900,364,309000,849,,,,zonaprop,https://www.zonaprop.com.ar/propiedades/clasificado/vecltrin-terrenos-fracciones-loteos-terrenos-agronomia-58575979.html,2026-10-04
Agronomia,Av. Beiro  al 2200,237,320000,1350,1353,237,,zonaprop,https://www.zonaprop.com.ar/propiedades/clasificado/vecltrin-venta-de-terreno-av-beiro-vista-abierta-1353-m-sup2-60191783.html,2026-10-04
Agronomia,San Martín al 6000,214,420000,1963,,,pb + 7,zonaprop,https://www.zonaprop.com.ar/propiedades/clasificado/vecltrin-lote-8.66-x-25-apto-1500-m-sup2-50569575.html,2026-10-04
Agronomia,Av Beiro 2700,195,460000,2359,1900,242,,zonaprop,https://www.zonaprop.com.ar/propiedades/clasificado/vecltrin-lote-en-esquina-15-x-13-apto-1650-m-sup2--vendibles-60218222.html,2026-10-04
Agronomia,Navarro 3110,170,285000,1676,900,317,usam ,zonaprop,https://www.zonaprop.com.ar/propiedades/clasificado/vecltrin-lote-usam-900-m-sup2--vendibles-ideal-desarrollo-59501044.html,2026-10-04
Agronomia,Av San Martin 4521,142,550000,3873,1300,423,,zonaprop,https://www.zonaprop.com.ar/propiedades/clasificado/vecltrin-venta-de-lote-con-proyecto-av-san-martin-frente-a-la-57012087.html,2026-10-04
Agronomia,Avenida de los Constituyentes 3600,260,450000,1731,1600,281,pb + 7,zonaprop,https://www.zonaprop.com.ar/propiedades/clasificado/vecltrin-terreno-de-8.66-de-frente-x-30-de-fondo-en-excelente-59471488.html,2026-10-04
Agronomia,Avenida San Martín 5700,104,235000,2260,493,477,usam ,zonaprop,https://www.zonaprop.com.ar/propiedades/clasificado/vecltrin-venta-lote-en-villa-devoto-sobre-av-san-martin-60157433.html,2026-10-04
Agronomia,Gavilán 3800,260,285000,1096,,,usab 1,zonaprop,https://www.zonaprop.com.ar/propiedades/clasificado/vecltrin-excelente-lote-sobre-gavilan-entre-pedro-moran-y-59649089.html,2026-10-04
Agronomia,Avenida Salvador María del Carril 2900,775,390000,503,,,,zonaprop,https://www.zonaprop.com.ar/propiedades/clasificado/vecltrin-terreno-en-venta-en-agronomia-capital-federal-buenos-59738008.html,2026-10-04
Agronomia,Venecia 3124. Entre Av. San Martin,151,195000,1291,,,,zonaprop,https://www.zonaprop.com.ar/propiedades/clasificado/vecltrin-lote.-venecia-al-3100-58881914.html,2026-10-04
Agronomia,Av. Beiro  al 2200,237,320000,1350,1353,237,,zonaprop,https://www.zonaprop.com.ar/propiedades/clasificado/vecltrin-venta-lote-av-beiro-vista-abierta-1353-m-sup2-58056568.html,2026-10-04
Agronomia,ANDONAEGUI 900,364,309000,849,,,,zonaprop,https://www.zonaprop.com.ar/propiedades/clasificado/vecltrin-terrenos-fracciones-loteos-terrenos-agronomia-60295169.html,2026-10-04
Agronomia,Solano Lopez Al 2800,159,228000,1434,359,635,,zonaprop,https://www.zonaprop.com.ar/propiedades/clasificado/vecltrin-lote-agronomia-mariscal-solano-lopez-2800-p-474-50938077.html,2026-10-04
Agronomia,Av Beiro 2800,179,449000,2508,1900,236,,zonaprop,https://www.zonaprop.com.ar/propiedades/clasificado/vecltrin-lote-agronomia-beiro-al-2800-para-2280-m-sup2-57613243.html,2026-10-04
Agronomia,Av. Warnes & Avenida Chorroarín,800,400000,500,,,,zonaprop,https://www.zonaprop.com.ar/propiedades/clasificado/vecltrpa-terreno-con-probabilidad-de-edificacion-de-1300-m-59483445.html,2026-10-04
Agronomia,Beiro. 2700,180,460000,2556,1550,297,,zonaprop,https://www.zonaprop.com.ar/propiedades/clasificado/vecltrin-terreno-lote-en-venta-en-villa-devoto-capital-60211051.html,2026-10-04
Parque Chas,Campillo  al 2600,197,149000,756,,,,zonaprop,https://www.zonaprop.com.ar/propiedades/clasificado/vecltrin-venta-casa-4-ambientes-a-remodelar-con-terraza-en-60171466.html,2026-10-04
Parque Chas,Behring  al 2500,281,380000,1352,,,,zonaprop,https://www.zonaprop.com.ar/propiedades/clasificado/vecltrin-excelente-terreno-en-parque-chas-lideres-en-terrenos-59206043.html,2026-10-04
Parque Chas,Incas al 5400,260,790000,3038,,,pb + 9,zonaprop,https://www.zonaprop.com.ar/propiedades/clasificado/vecltrin-espectacular-terreno-en-venta-con-plano-aprobados!-52573895.html,2026-10-04
Parque Chas,Avenida de los Incas 4500,251,920000,3665,1038,886,,zonaprop,https://www.zonaprop.com.ar/propiedades/clasificado/vecltrin-lote-en-venta-parque-chas-gran-potencial-60258825.html,2026-10-04
Parque Chas,"Terreno en Parque Chas 8,66x 43mts en Campillo al 3000",371,410000,1105,1460,281,,zonaprop,https://www.zonaprop.com.ar/propiedades/clasificado/vecltrin-terreno-en-parque-chas-8-66-x-43-59996222.html,2026-10-04
Parque Chas,Llerena  al 3000,130,172000,1323,45000,4,usab 2,zonaprop,https://www.zonaprop.com.ar/propiedades/clasificado/vecltrin-excelente-terreno-en-parque-chas-lideres-en-terrenos-59206082.html,2026-10-04
Parque Chas,cadiz 3928,124,225000,1815,,,,zonaprop,https://www.zonaprop.com.ar/propiedades/clasificado/vecltrin-venta-lote-de-1240-m-sup2--en-parque-cha-59881440.html,2026-10-04
Parque Chas,Quirós 2707,127,220000,1732,125.69,1750,,zonaprop,https://www.zonaprop.com.ar/propiedades/clasificado/vecltrin-lote-en-venta-en-parque-chas-usab-2-59570332.html,2026-10-04
Parque Chas,LLERENA 2871,301,460000,1528,1800,256,pb + 4,zonaprop,https://www.zonaprop.com.ar/propiedades/clasificado/vecltrin-lote-para-1.300-m-sup2--vendibles-58428701.html,2026-10-04
Parque Chas,BENJAMIN VICTORICA 3200. Entre Av Constituyentes y Barzana,196,200000,1020,141.175,1417,,zonaprop,https://www.zonaprop.com.ar/propiedades/clasificado/vecltrin-lote-venta-parque-cha-59878031.html,2026-10-04
Parque Chas,Bucarelli al 1200,244,280000,1148,,,usab 2,zonaprop,https://www.zonaprop.com.ar/propiedades/clasificado/vecltrin-excelente-terreno-en-parque-chas-lideres-en-terrenos-59966868.html,2026-10-04
Parque Chas,Morlote al 900,409,380000,929,41250,9,usam,zonaprop,https://www.zonaprop.com.ar/propiedades/clasificado/vecltrin-terreno-en-parque-chas-8-60-x-47-50-zonificacion-59480773.html,2026-10-04
Parque Chas,Bauness al 1000,196,220000,1122,,,usab 2,zonaprop,https://www.zonaprop.com.ar/propiedades/clasificado/vecltrin-excelente-terreno-en-parque-chas-lideres-en-terrenos-59207716.html,2026-10-04
Parque Chas,GANDARA 3000. Entre Andonaegui y Barzana,1868,1300000,696,,,,zonaprop,https://www.zonaprop.com.ar/propiedades/clasificado/vecltrin-lote-en-parque-cha-55122791.html,2026-10-04
Parque Chas,Av. de los Incas al 4700,269,700000,2602,,,,zonaprop,https://www.zonaprop.com.ar/propiedades/clasificado/vecltrin-terreno-en-venta-en-parque-cha-59330547.html,2026-10-04
Parque Chas,Bucarelli 1231/ 33,261,290000,1111,,,usab 2,zonaprop,https://www.zonaprop.com.ar/propiedades/clasificado/vecltrin-excelente-terreno-en-parque-chas-lideres-en-terrenos-59508296.html,2026-10-04
Parque Chas,DE LOS Constituyentes AV.  al 3900,170,199000,1171,,,usab 2,zonaprop,https://www.zonaprop.com.ar/propiedades/clasificado/vecltrin-excelente-terreno-en-parque-chas-lideres-en-terrenos-59207565.html,2026-10-04
Parque Chas,AV DE LOS Incas al 5400,260,790000,3038,,,pb + 9,zonaprop,https://www.zonaprop.com.ar/propiedades/clasificado/vecltrin-terreno-en-venta!-planos-aprobados-av-de-los-incas!-59207501.html,2026-10-04
Parque Chas,Nápoles al 3100,150,240000,1600,358,670,pb + 2,zonaprop,https://www.zonaprop.com.ar/propiedades/clasificado/vecltrin-terreno-en-parque-chas-de-8-66-x17-70-con-zonificacion-60209147.html,2026-10-04
Parque Chas,Incas al 5400,1452,790000,544,,,pb + 9,zonaprop,https://www.zonaprop.com.ar/propiedades/clasificado/vecltrin-excelente-lote-sobre-av-de-los-incas-entre-bucarest-y-50783016.html,2026-10-04
Parque Chas,DEL Campo AV. 1602/ Tronador  al 296,112,225000,2009,,,usam,zonaprop,https://www.zonaprop.com.ar/propiedades/clasificado/vecltrin-del-campo-esquina-tronador-excelente-terreno-en-59839103.html,2026-10-04
Parque Chas,tasso 2685,393,415000,1056,1220,340,,zonaprop,https://www.zonaprop.com.ar/propiedades/clasificado/vecltrin-lote-en-venta-en-parque-chas-1.220-m-sup2--vendibles-58986197.html,2026-10-04
Parque Chas,BUCARELLI 1191. Entre Llerena,780,259000,332,,,usab2,zonaprop,https://www.zonaprop.com.ar/propiedades/clasificado/vecltrin-lote.-bucarelli-1191-56078781.html,2026-10-04
Parque Chas,Behring 2667,229,470000,2052,700,671,usab 2,zonaprop,https://www.zonaprop.com.ar/propiedades/clasificado/vecltrin-venta-de-casa-lote-en-parque-chass-55530696.html,2026-10-04
Parque Chas,Hamburgo  al 2800,185,250000,1351,,,,zonaprop,https://www.zonaprop.com.ar/propiedades/clasificado/vecltrin-casa-sobre-lote-propio-de-185-10-m-sup2--en-parque-cha-59601179.html,2026-10-04
Parque Chas,Ballivian 2278,427,450000,1054,1395.82,322,usab2,zonaprop,https://www.zonaprop.com.ar/propiedades/clasificado/vecltrin-venta-lote-terreno-parque-cha-57735443.html,2026-10-04
Parque Chas,Barzana 1000,216,460000,2130,,,,zonaprop,https://www.zonaprop.com.ar/propiedades/clasificado/vecltrin-terreno-en-venta-57565340.html,2026-10-04
Parque Chas,Burela 1600,291,345000,1186,,,,zonaprop,https://www.zonaprop.com.ar/propiedades/clasificado/vecltrin-lote-de-8-66-x-34-59568031.html,2026-10-04
Parque Chas,Andonaegui 1000,713,579000,812,1600,362,usab 2,zonaprop,https://www.zonaprop.com.ar/propiedades/clasificado/vecltrin-espectacular-terreno-de-700-m-sup2--en-parque-chas!-56770743.html,2026-10-04
Parque Chas,Avenida De Los Incas 3700,600,299000,498,120,2492,,zonaprop,https://www.zonaprop.com.ar/propiedades/clasificado/vecltrin-terreno-en-venta-en-belgrano-r-59861631.html,2026-10-04
Parque Chas,"ANDONAEGUI 1114,1116",476,260000,546,,,pb + 4,zonaprop,https://www.zonaprop.com.ar/propiedades/clasificado/vecltrin-parque-chas-lote-para-desarrollo-476-m-sup2-60063219.html,2026-10-04
Parque Chas,Gandara  al 2300,170,219000,1288,,,,zonaprop,https://www.zonaprop.com.ar/propiedades/clasificado/vecltrin-venta-lote-de-170-m-sup2--en-parque-cha-60217528.html,2026-10-04
Parque Chas,BUCARELLI 1177,358,340000,950,1234.8,275,,zonaprop,https://www.zonaprop.com.ar/propiedades/clasificado/vecltrin-bucarelli-1177-parque-chas-lote-apto-1235-m-sup2-!-55930238.html,2026-10-04
Parque Chas,Pasaje Tasso 2600,120,190000,1583,603,315,usab 2,zonaprop,https://www.zonaprop.com.ar/propiedades/clasificado/vecltrin-excelente-terreno-en-parque-cha-lote-de-10x12.25-59549786.html,2026-10-04
Parque Chas,Llerena 2600,265,420000,1585,92.85,4523,usab 2,zonaprop,https://www.zonaprop.com.ar/propiedades/clasificado/vecltrin-terreno-edificable-en-parque-chas-742-m-sup2-60121234.html,2026-10-04
Parque Chas,ANDONAEGUI 900,364,309000,849,,,,zonaprop,https://www.zonaprop.com.ar/propiedades/clasificado/vecltrin-terrenos-fracciones-loteos-terrenos-parque-chas-60295147.html,2026-10-04
Parque Chas,Barzana 1100,298,399000,1339,1020,391,,zonaprop,https://www.zonaprop.com.ar/propiedades/clasificado/vecltrin-lote-parque-chas-barzana-1100-para-1020-m-sup2-55513489.html,2026-10-04
Parque Chas,Campillo 3045. Entre Barzana y Andonaegui,369,410000,1111,258.07,1589,usab2,zonaprop,https://www.zonaprop.com.ar/propiedades/clasificado/vecltrin-lote.-campillo-3045-59941775.html,2026-10-04
Parque Chas,Andonaegui Al 1000,549,830000,1512,,,usam,zonaprop,https://www.zonaprop.com.ar/propiedades/clasificado/vecltrin-lote-parque-chas-andonaegui-1000-mucho-canje-53399012.html,2026-10-04
Parque Chas,Campillo 2800,199,199900,1005,,,usab 2,zonaprop,https://www.zonaprop.com.ar/propiedades/clasificado/vecltrin-lote-199-m-sup2-.-usab-2.-parque-cha-ideal-desarrollo-60123374.html,2026-10-04
Parque Chas,Avalos 1300,169,249900,1479,512,488,usab 2,zonaprop,https://www.zonaprop.com.ar/propiedades/clasificado/vecltrin-lote-parque-chas-avalos-1300-para-665-m-sup2-53492605.html,2026-10-04
Parque Chas,Bauness 1100,489,699000,1429,260,2688,usam,zonaprop,https://www.zonaprop.com.ar/propiedades/clasificado/vecltrin-parque-chas-bauness-1100-usam-para-1500-m-sup2-51146566.html,2026-10-04
Parque Chas,Behring 2500,281,365000,1299,1100,332,usab 2,zonaprop,https://www.zonaprop.com.ar/propiedades/clasificado/vecltrin-venta-amplio-terreno-en-parque-cha-280-70-m-sup2-.-60190103.html,2026-10-04
Parque Chas,Llerena 3000,365,579000,1586,1375,421,,zonaprop,https://www.zonaprop.com.ar/propiedades/clasificado/vecltrin-lote-parque-chas-llerena-3000-para-1375-m-sup2-58593594.html,2026-10-04
Paternal,Gavilan  al 2300,120,129900,1082,120.121,1081,,zonaprop,https://www.zonaprop.com.ar/propiedades/clasificado/vecltrin-venta-terreno-en-paternal-60269843.html,2026-10-04
Paternal,Maturin  al 2200,243,260000,1070,,,,zonaprop,https://www.zonaprop.com.ar/propiedades/clasificado/vecltrin-lote-a-refaccionar-ideal-inversor-59165300.html,2026-10-04
Paternal,Miguel Ángel y Av San Martin,1075,1700000,1581,4971,342,,zonaprop,https://www.zonaprop.com.ar/propiedades/clasificado/vecltrin-lote-triple-frente-en-block-4971-m-sup2--vendibles-58859580.html,2026-10-04
Paternal,DEL Campo AV. 1602/ Tronador  al 296,112,225000,2009,,,usam,zonaprop,https://www.zonaprop.com.ar/propiedades/clasificado/vecltrin-del-campo-esquina-tronador-excelente-terreno-en-59839100.html,2026-10-04
Paternal,Nicasio Oroño  al 2300,330,380000,1152,1330,286,pb + 5,zonaprop,https://www.zonaprop.com.ar/propiedades/clasificado/vecltrin-terreno-paternal-venta-8-66-x-38-incidencia-58417275.html,2026-10-04
Paternal,Alvarez Jonte 2180,243,218000,897,,,,zonaprop,https://www.zonaprop.com.ar/propiedades/clasificado/vecltrin-venta-en-block.-3-ph-local.-ideal-para-desarrollo-60056499.html,2026-10-04
Paternal,Alejandro Margariños Cervantes,423,590000,1395,1510,391,usab 2,zonaprop,https://www.zonaprop.com.ar/propiedades/clasificado/vecltrin-lote-en-venta-de-423-m-sup2--usab-2-1.510-m-sup2-60058318.html,2026-10-04
Paternal,Av. San Martin 3434 - CABA,1575,1000000,635,4300,233,,zonaprop,https://www.zonaprop.com.ar/propiedades/clasificado/vecltrin-terreno-doble-frente-y-un-terreno-simple-frente--ideal-56899616.html,2026-10-04
Paternal,Donato Alvarez  al 2200,322,345000,1071,,,,zonaprop,https://www.zonaprop.com.ar/propiedades/clasificado/vecltrin-venta-lote-con-3-phs-donato-alvarez-2200-58091774.html,2026-10-04
Paternal,Nicasio Oroño 2272,620,475000,766,,,,zonaprop,https://www.zonaprop.com.ar/propiedades/clasificado/vecltrin-lote-620-m-sup2--salida-a-dos-calles-usam-suelo-b3-55232752.html,2026-10-04
Paternal,Fragata Sarmiento 2379,250,240000,960,,,usam,zonaprop,https://www.zonaprop.com.ar/propiedades/clasificado/vecltrin-lote-propio-8-66-x-28-75-54842636.html,2026-10-04
Paternal,Donato Alvarez  al 2200,322,345000,1071,,,,zonaprop,https://www.zonaprop.com.ar/propiedades/clasificado/vecltrin-venta-lote-con-3-phs-donato-alvarez-2200-58091767.html,2026-10-04
Paternal,san Blas 2068,242,169000,698,533,317,,zonaprop,https://www.zonaprop.com.ar/propiedades/clasificado/vecltrin-venta-terreno-paternal-59788696.html,2026-10-04
Paternal,Juan Agustín Garcia 1700,207,260000,1256,845,308,usab 2,zonaprop,https://www.zonaprop.com.ar/propiedades/clasificado/vecltrin-terreno-en-paternal-usab-2-845-m-sup2--vendibles-58224631.html,2026-10-04
Paternal,Espinosa al 2600,184,385000,2092,1270,303,usaa,zonaprop,https://www.zonaprop.com.ar/propiedades/clasificado/vecltrin-lote-en-esquina-apto-1270-m-sup2-60180402.html,2026-10-04
Paternal,Nicasio Oroño 2569,413,500000,1211,1924,260,usam ,zonaprop,https://www.zonaprop.com.ar/propiedades/clasificado/vecltrin-terreno-en-paternal-usam-1.924-m-sup2--vendibles-60133472.html,2026-10-04
Paternal,san Blas 2068,242,169000,698,533,317,,zonaprop,https://www.zonaprop.com.ar/propiedades/clasificado/vecltrin-venta-terreno-paternal-58984493.html,2026-10-04
Paternal,Alvarez Jonte al 2200,944,900000,953,,,,zonaprop,https://www.zonaprop.com.ar/propiedades/clasificado/vecltrin-terreno-venta-en-bloque-con-local-paternal-57128076.html,2026-10-04
Paternal,Av. Alvarez Jonte al 2000,210,350000,1667,14.6,23973,usab2,zonaprop,https://www.zonaprop.com.ar/propiedades/clasificado/vecltrin-terreno-irregular-de-210-5-m-sup2--zonificacion-usab2-59996581.html,2026-10-04
Paternal,Maturin al 2400,365,250000,685,,,,zonaprop,https://www.zonaprop.com.ar/propiedades/clasificado/vecltrin-terreno-en-paternal.-1000-m-sup2--vendibles.-60170318.html,2026-10-04
Paternal,Cucha Cucha 2371,850,1390000,1635,2.283,608848,usam ,zonaprop,https://www.zonaprop.com.ar/propiedades/clasificado/vecltrin-terreno-de-17-x-50-m.-usam.-la-paternal.-58060977.html,2026-10-04
Paternal,Fragata Presidente Sarmiento 2400,413,319000,772,2550,125,,zonaprop,https://www.zonaprop.com.ar/propiedades/clasificado/vecltrin-venta-lote-terreno-para-construir-o-galpon-en-paternal-58076015.html,2026-10-04
Paternal,"MAGARIÑOS CERVANTES 2000. Entre Boyaca, Avda. y Lamas, Andres",345,320000,928,1000,320,usab2,zonaprop,https://www.zonaprop.com.ar/propiedades/clasificado/vecltrin-lote-a-la-venta-en-paternal.-gran-capacidad-58891295.html,2026-10-04
Paternal,"AVENIDA JUAN B JUSTO 4200. Entre Nicasio OroÑo y Segui, F.",179,280000,1564,,,usaa ,zonaprop,https://www.zonaprop.com.ar/propiedades/clasificado/vecltrin-lote.-av-juan-b-justo-4200-60193621.html,2026-10-04
Paternal,"ALVAREZ, DONATO, T. GRAL. 2141. Entre Av san martin y Espinosa",304,450000,1480,2230,202,pb + 7,zonaprop,https://www.zonaprop.com.ar/propiedades/clasificado/vecltrin-lote-en-paternal-59093696.html,2026-10-04
Paternal,Juan B. Justo  al 6100,181,300000,1657,,,usaa,zonaprop,https://www.zonaprop.com.ar/propiedades/clasificado/vecltrin-excelente-terreno-en-juan-b.-justo-esquina-concordia-59949559.html,2026-10-04
Paternal,Espinosa al 1900,1516,250000,165,1516,165,,zonaprop,https://www.zonaprop.com.ar/propiedades/clasificado/vecltrin-venta-terreno-de-1516-m-sup2--vendibles-en-paternal-58101433.html,2026-10-04
Paternal,Nicasio Oroño  al 2200,93,200000,2151,860,233,,zonaprop,https://www.zonaprop.com.ar/propiedades/clasificado/vecltrin-venta-lote-en-la-paternal-en-esquina-60041119.html,2026-10-04
Paternal,Alvarez Jonte al 1700,1418,1100000,776,,,,zonaprop,https://www.zonaprop.com.ar/propiedades/clasificado/vecltrin-terreno-en-paternal-58733755.html,2026-10-04
Paternal,12 de Octubre 1800,250,299000,1196,1380.25,217,usam,zonaprop,https://www.zonaprop.com.ar/propiedades/clasificado/vecltrin-terreno-venta-paternal-v-gral-mitre-ex-incidencia-60229673.html,2026-10-04
Paternal,Chorroarin  al 100,377,460000,1220,,,usab 2,zonaprop,https://www.zonaprop.com.ar/propiedades/clasificado/vecltrin-excelente-terreno-en-paternal-lideres-en-terrenos-59207574.html,2026-10-04
Paternal,Chorroarin AL 100,977,1300000,1331,,,usab 2,zonaprop,https://www.zonaprop.com.ar/propiedades/clasificado/vecltrin-excelente-terreno-en-paternal-lideres-en-terrenos-59207575.html,2026-10-04
Paternal,Santos Dumont al 4400 (iturri y Otero),273,365000,1337,,,,zonaprop,https://www.zonaprop.com.ar/propiedades/clasificado/vecltrin-venta-galpon-deposito-terreno-lote-273-m-sup2--60314455.html,2026-10-04
Paternal,Nicasio Oroño 1919,195,180000,923,,,usaa 7,zonaprop,https://www.zonaprop.com.ar/propiedades/clasificado/vecltrin-lote-11-2-x-8-3-2-phs-o-posibilidad-de-edificar-51697219.html,2026-10-04
Paternal,Chorroarin  al 100,374,460000,1230,,,usab 2,zonaprop,https://www.zonaprop.com.ar/propiedades/clasificado/vecltrin-excelente-terreno-en-paternal-lideres-en-terrenos-59207584.html,2026-10-04
Paternal,Av. San Martin al 2700,874,2531000,2896,,,,zonaprop,https://www.zonaprop.com.ar/propiedades/clasificado/vecltrin-terreno-en-venta-en-paternal-59330640.html,2026-10-04
Paternal,Chorroarin al 100,229,390000,1703,,,usab 2,zonaprop,https://www.zonaprop.com.ar/propiedades/clasificado/vecltrin-excelente-terreno-en-paternal-lideres-en-terrenos-59207583.html,2026-10-04
Paternal,Espinosa al 2800,170,150000,882,1100,136,usam ,zonaprop,https://www.zonaprop.com.ar/propiedades/clasificado/vecltrin-terreno-en-paternal-apto-1000-m-sup2-!-nuevo-precio!-57548908.html,2026-10-04
Paternal,Terrero  al 2000,120,160000,1333,468,342,usab 2,zonaprop,https://www.zonaprop.com.ar/propiedades/clasificado/vecltrin-venta-terreno-ideal-desarrollo.-se-toman-m-terminados.-60289664.html,2026-10-04
Paternal,Camarones  al 1700,543,365000,672,,,usab 2,zonaprop,https://www.zonaprop.com.ar/propiedades/clasificado/vecltrin-terreno-en-venta-543-m-sup2--paternal-59675815.html,2026-10-04
Paternal,Biarritz al 1800,96,184999,1927,,,usam ,zonaprop,https://www.zonaprop.com.ar/propiedades/clasificado/vecltrin-terreno-paternal-50217048.html,2026-10-04
Paternal,Juan Agustín García 1100,183,230000,1257,152.938,1504,,zonaprop,https://www.zonaprop.com.ar/propiedades/clasificado/vecltrin-lote-con-demolicion-juan-a.-garcia-al-1100-58902693.html,2026-10-04
Paternal,Balboa 300,280,200000,714,,,,zonaprop,https://www.zonaprop.com.ar/propiedades/clasificado/vecltrin-excelente-lote-de-8.66x17.43-le-brique-propiedades-60058374.html,2026-10-04
Paternal,"Miguel Angel al 1800, Paternal",246,345000,1402,939.6,367,,zonaprop,https://www.zonaprop.com.ar/propiedades/clasificado/vecltrin-venta-terreno-en-paternal-miguel-angel-y-san-martin-60178779.html,2026-10-04
Paternal,Trelles 1700,296,380000,1284,21.71,17503,pb + 5,zonaprop,https://www.zonaprop.com.ar/propiedades/clasificado/vecltrin-lote-en-venta.8-x-37-m.-zonificacion-usam.-a-m-de-60046560.html,2026-10-04
Paternal,Gral Manuel Rodriguez 2308,122,290000,2377,823.36,352,,zonaprop,https://www.zonaprop.com.ar/propiedades/clasificado/vecltrin-venta-lote-esquina-paternal-59481760.html,2026-10-04
Paternal,Boyaca 1934,312,255000,817,,,usam ,zonaprop,https://www.zonaprop.com.ar/propiedades/clasificado/vecltrin-lote-en-venta-8-66-x-36-en-caba-60075006.html,2026-10-04
Paternal,Biarritz 1900,311,290000,932,,,usam ,zonaprop,https://www.zonaprop.com.ar/propiedades/clasificado/vecltrin-lote-para-desarrollo-c-plano-aprobado-apto-8-pisos-60209054.html,2026-10-04
Paternal,"Sanchez 2200, La paternal",189,155000,820,1260,123,,zonaprop,https://www.zonaprop.com.ar/propiedades/clasificado/vecltrin-lote-frente-9.65-x-20-la-paternal-57189435.html,2026-10-04
Paternal,Tres Arroyos 1300,327,400000,1223,,,,zonaprop,https://www.zonaprop.com.ar/propiedades/clasificado/vecltrin-lote-tres-arroyos-al-1300-51847925.html,2026-10-04
Paternal,SANCHEZ 2142,540,590000,1093,,,,zonaprop,https://www.zonaprop.com.ar/propiedades/clasificado/vecltrin-venta-terreno-paternal-57694452.html,2026-10-04
Paternal,"Av San Martin al 3400, Paternal",826,1150000,1392,4032.2,285,,zonaprop,https://www.zonaprop.com.ar/propiedades/clasificado/vecltrin-terreno-doble-frente-en-venta-sobre-av-san-martin-60178798.html,2026-10-04
Paternal,Gral. César Díaz 1700,270,380000,1407,1616,235,usam ,zonaprop,https://www.zonaprop.com.ar/propiedades/clasificado/vecltrin-casa-sobre-lote-propio-8-66-x-31-20-58929300.html,2026-10-04
Paternal,Fragata Sarmiento al 2100,307,350000,1140,,,,zonaprop,https://www.zonaprop.com.ar/propiedades/clasificado/vecltrin-terreno-paternal-59415441.html,2026-10-04
Paternal,Nicolás Granada 1600,150,229000,1527,1529,150,pb + 7,zonaprop,https://www.zonaprop.com.ar/propiedades/clasificado/vecltrin-lote-venta-paternal-usaa-oportunidad-60297511.html,2026-10-04
Paternal,Sanchez 2200,183,165000,902,1300,127,,zonaprop,https://www.zonaprop.com.ar/propiedades/clasificado/vecltrin-lote-en-la-paternal-1300-m-sup2--construibles-57646585.html,2026-10-04
Paternal,Nicasio Oroño 1500,409,350000,856,1.48,236486,,zonaprop,https://www.zonaprop.com.ar/propiedades/clasificado/vecltrin-lote-nicasio-orono-al-1500-58446584.html,2026-10-04
Paternal,Camarones 2100,160,155000,969,,,,zonaprop,https://www.zonaprop.com.ar/propiedades/clasificado/vecltrin-casa-precio-lote-60225087.html,2026-10-04
Paternal,Paz Soldán 4749,190,210000,1105,,,,zonaprop,https://www.zonaprop.com.ar/propiedades/clasificado/vecltrin-terreno-8-66x-21-59-con-dos-unidades-de-vivienda-a-58550302.html,2026-10-04
Paternal,Boyaca 1900 Entre Cervantes y Camarones,312,280000,897,845,331,,zonaprop,https://www.zonaprop.com.ar/propiedades/clasificado/vecltrin-terreno-venta-paternal-59935027.html,2026-10-04
Paternal,Belaustegui 1300,218,600000,2752,1628,369,,zonaprop,https://www.zonaprop.com.ar/propiedades/clasificado/vecltrin-terreno-lote-en-venta-en-paternal-capital-federal-60126549.html,2026-10-04
Paternal,Boyaca 1934,312,255000,817,,,usam ,zonaprop,https://www.zonaprop.com.ar/propiedades/clasificado/vecltrin-lote-en-venta-8-66-x-36-en-caba-59636873.html,2026-10-04
Paternal,Nicasio Oroño al 2000,414,590000,1425,,,usaa,zonaprop,https://www.zonaprop.com.ar/propiedades/clasificado/vecltrin-terreno-para-contruir-60240942.html,2026-10-04
Paternal,Av San Martin 2300,263,850000,3232,1800,472,usaa ,zonaprop,https://www.zonaprop.com.ar/propiedades/clasificado/vecltrin-terreno-en-venta-con-excelente-renta-58803993.html,2026-10-04
Paternal,almirante f j segui,375,320000,853,,,,zonaprop,https://www.zonaprop.com.ar/propiedades/clasificado/vecltrin-venta-terreno-parcela-paternal-55265934.html,2026-10-04
Paternal,CAMARONES 1700,534,590000,1105,,,usab 2,zonaprop,https://www.zonaprop.com.ar/propiedades/clasificado/vecltrin-terrenos-fracciones-loteos-terrenos-la-paternal-43292484.html,2026-10-04
Paternal,Dirección no informada,878,289000,329,21962,13,,zonaprop,https://www.zonaprop.com.ar/propiedades/clasificado/vecltrin-paternal.-miguel-angel-1900.-terreno-8-66-x-41-46.-51658238.html,2026-10-04
Paternal,ESPINOSA 2500,360,540000,1500,,,Usaa ,zonaprop,https://www.zonaprop.com.ar/propiedades/clasificado/vecltrin-terreno-en-venta-en-paternal-49676149.html,2026-10-04
Paternal,MATURIN 2500,324,270000,833,,,,zonaprop,https://www.zonaprop.com.ar/propiedades/clasificado/vecltrin-terreno-en-venta-en-paternal-52457458.html,2026-10-04
Paternal,Artigas 1832,302,315000,1043,,,usab 1,zonaprop,https://www.zonaprop.com.ar/propiedades/clasificado/vecltrin-lote-de-8-x-37.75-m-usab1-48205745.html,2026-10-04
Paternal,Segui 2300,128,189000,1477,1014,186,,zonaprop,https://www.zonaprop.com.ar/propiedades/clasificado/vecltrin-lote-paternal-segui-2300-para-1014-m-sup2-57268657.html,2026-10-04
Paternal,JUSTO JUAN B 3000,381,1100000,2887,,,pb + 10,zonaprop,https://www.zonaprop.com.ar/propiedades/clasificado/vecltrin-terreno-en-venta-en-paternal-50637695.html,2026-10-04
Paternal,Alvarez Jonte 1600,978,1299000,1328,5015,259,,zonaprop,https://www.zonaprop.com.ar/propiedades/clasificado/vecltrin-lote-paternal-alvarez-jonte-1600-para-5015-m-sup2-56892277.html,2026-10-04
Paternal,Alvarez Jonte 1700,249,299000,1201,,,,zonaprop,https://www.zonaprop.com.ar/propiedades/clasificado/vecltrin-lote-paternal-alvarez-jonte-1700-50801420.html,2026-10-04
Paternal,Punta Arenas 1800,260,225000,865,,,usab 1,zonaprop,https://www.zonaprop.com.ar/propiedades/clasificado/vecltrin-terreno-en-venta-en-paternal-apto-edificio-60295240.html,2026-10-04
Villa Gral. Mitre,Donato Alvarez Ttegral al 1500,566,420000,742,,,usam,zonaprop,https://www.zonaprop.com.ar/propiedades/clasificado/vecltrin-terreno-en-villa-gral.-mitre-60152154.html,2026-10-04
Villa Gral. Mitre,Juan Agustín Garcia 1700,207,260000,1256,845,308,usab 2,zonaprop,https://www.zonaprop.com.ar/propiedades/clasificado/vecltrin-terreno-9-06-x-23-m.-usab-2-enrase-general-mitre-58224608.html,2026-10-04
Villa Gral. Mitre,Camarones al 1700,520,320000,615,,,,zonaprop,https://www.zonaprop.com.ar/propiedades/clasificado/vecltrin-terreno-en-villa-gral.-mitre-60211469.html,2026-10-04
Villa Gral. Mitre,Coronel Apolinario Figueroa 1700,343,300000,875,986,304,usab2,zonaprop,https://www.zonaprop.com.ar/propiedades/clasificado/vecltrin-venta-lote-usab-2-caballito-986-m-vendibles-60190301.html,2026-10-04
Villa Gral. Mitre,Espinosa al 2600,184,385000,2092,1270,303,usaa,zonaprop,https://www.zonaprop.com.ar/propiedades/clasificado/vecltrin-lote-en-esquina-apto-1270-m-sup2-60180403.html,2026-10-04
Villa Gral. Mitre,Juan A Garcia  al 2500,245,240000,980,,,,zonaprop,https://www.zonaprop.com.ar/propiedades/clasificado/vecltrin-terreno-en-villa-gral.-mitre-60179640.html,2026-10-04
Villa Gral. Mitre,DONATO ALVAREZ TTE. 1824. Entre Gral. cesar diaz y Alejandro magariño  cervantes,296,409000,1382,1800,227,pb + 5,zonaprop,https://www.zonaprop.com.ar/propiedades/clasificado/vecltrin-lote-para-1.400-m-sup2--vendibles-58428694.html,2026-10-04
Villa Gral. Mitre,Camarones al 1700,543,320000,589,,,usab 2,zonaprop,https://www.zonaprop.com.ar/propiedades/clasificado/vecltrin-excelente-terreno-en-villa-gral.-mitre-lideres-en-60167264.html,2026-10-04
Villa Gral. Mitre,Av. Donato Alvarez  al 1800,239,420000,1757,1200,350,usam,zonaprop,https://www.zonaprop.com.ar/propiedades/clasificado/vecltrin-terreno-villa-gral-mitre-s-av-ideal-inversor-59913553.html,2026-10-04
Villa Gral. Mitre,Juan B. Justo al 5000,376,330000,878,1500,220,,zonaprop,https://www.zonaprop.com.ar/propiedades/clasificado/vecltrin-venta-terreno-en-juan-b.-justo-cercano-a-av-nazca-59996713.html,2026-10-04
Villa Gral. Mitre,Gaona al 2300,284,680000,2394,,,usaa,zonaprop,https://www.zonaprop.com.ar/propiedades/clasificado/vecltrin-excelente-terreno-en-villa-gral.-mitre-lideres-en-59207535.html,2026-10-04
Villa Gral. Mitre,Av. Juan B. Justo  al 4300,199,500000,2513,,,usaa ,zonaprop,https://www.zonaprop.com.ar/propiedades/clasificado/vecltrin-terreno-venta-lote-permuta-villa-general-mitre-59409884.html,2026-10-04
Villa Gral. Mitre,Camarones 2293,119,185000,1555,,,pb+ 2,zonaprop,https://www.zonaprop.com.ar/propiedades/clasificado/vecltrin-venta-de-lote-en-camarones-al-2200-villa-general-55422517.html,2026-10-04
Villa Gral. Mitre,Remedios DE Escalada DE SAN Martin  al 2100,347,349000,1006,,,usab 1,zonaprop,https://www.zonaprop.com.ar/propiedades/clasificado/vecltrin-excelente-terreno-en-villa-gral.-mitre-lideres-en-59207650.html,2026-10-04
Villa Gral. Mitre,Doctor Luis Beláustegui 1600,450,380000,844,185.83,2045,,zonaprop,https://www.zonaprop.com.ar/propiedades/clasificado/vecltrin-lote-en-venta-en-caba-60192710.html,2026-10-04
Villa Gral. Mitre,Gaona al 2400,275,520000,1891,,,usaa,zonaprop,https://www.zonaprop.com.ar/propiedades/clasificado/vecltrin-excelente-terreno-en-villa-gral.-mitre-lideres-en-59207546.html,2026-10-04
Villa Gral. Mitre,Donato Alvarez  al 1500,563,420000,746,,,usam,zonaprop,https://www.zonaprop.com.ar/propiedades/clasificado/vecltrin-excelente-terreno-en-villa-gral.-mitre-lideres-en-60189117.html,2026-10-04
Villa Gral. Mitre,Andrés Lamas 1300,358,320000,894,14.6,21918,usab 2,zonaprop,https://www.zonaprop.com.ar/propiedades/clasificado/vecltrin-lote-358-m-sup2--1481-m-sup2--real-construible-60106304.html,2026-10-04
Villa Gral. Mitre,Tres Arroyos 3500,246,300000,1220,900,333,pb + 3,zonaprop,https://www.zonaprop.com.ar/propiedades/clasificado/vecltrin-amplio-terreno-para-construir-8-1-m-x-30-47-m-pb-59031112.html,2026-10-04
Villa Gral. Mitre,Avenida Boyacá 1200,157,190000,1210,,,,zonaprop,https://www.zonaprop.com.ar/propiedades/clasificado/vecltrin-venta-lote-en-flores.-60190670.html,2026-10-04
Villa Gral. Mitre,Jose Gervasio Artigas al 2000,218,195000,894,576,339,pb + 3,zonaprop,https://www.zonaprop.com.ar/propiedades/clasificado/vecltrin-oportunidad-lote-en-venta-villa-general-mitre-ideal-60113168.html,2026-10-04
Villa Gral. Mitre,Camarones al 1700,543,340000,626,,,usab2,zonaprop,https://www.zonaprop.com.ar/propiedades/clasificado/vecltrin-terreno-en-villa-gral.-mitre-60130159.html,2026-10-04
Villa Gral. Mitre,Andres Lamas 1800,165,189000,1145,164.683,1148,,zonaprop,https://www.zonaprop.com.ar/propiedades/clasificado/vecltrin-lote-165-m-sup2--x-planta-gral-mitre-altura-maxima-12-58937685.html,2026-10-04
Villa Gral. Mitre,JUSTO JUAN B 5200,161,550000,3416,1371,401,,zonaprop,https://www.zonaprop.com.ar/propiedades/clasificado/vecltrin-terreno-en-venta-en-villa-gral.-mitre-58076871.html,2026-10-04
Villa Gral. Mitre,AV. Juan B Justo 5200 Caba,272,230000,846,,,usaa,zonaprop,https://www.zonaprop.com.ar/propiedades/clasificado/vecltrin-venta-lote-casa-en-villa-gral.-mitre-caba-muy-58836270.html,2026-10-04
Villa Gral. Mitre,Juan Agustin Garcia  1762,1007,480000,477,343.68,1397,,zonaprop,https://www.zonaprop.com.ar/propiedades/clasificado/vecltrin-lote-de-terreno-1.007-m-sup2--doble-frente-56374721.html,2026-10-04
Villa Gral. Mitre,Alejandro Magariños Cervantes 1510,100,180000,1800,,,,zonaprop,https://www.zonaprop.com.ar/propiedades/clasificado/vecltrin-terreno-en-esquina-10-30x9-50-con-local-y-vivienda-a-59284378.html,2026-10-04
Villa Gral. Mitre,Av. Juan B. Justo  5200,272,230000,846,1463,157,usaa,zonaprop,https://www.zonaprop.com.ar/propiedades/clasificado/vecltrin-venta-terreno-villa-gral.-mitre-caba-superficie-58836259.html,2026-10-04
Villa Gral. Mitre,Manuel Ricardo Trelles 2000,341,320000,938,933,343,usab2,zonaprop,https://www.zonaprop.com.ar/propiedades/clasificado/vecltrin-lote-en-venta-en-villa-general-mitre-60044462.html,2026-10-04
Villa Gral. Mitre,Camarones,750,600000,800,,,,zonaprop,https://www.zonaprop.com.ar/propiedades/clasificado/vecltrin-terreno-de-750-m-sup2--en-venta-en-villa-general-mitre-57491636.html,2026-10-04
Villa Gral. Mitre,Bufano 2170,850,275000,324,,,,zonaprop,https://www.zonaprop.com.ar/propiedades/clasificado/vecltrin-terreno-de-850-m-sup2--en-venta-en-villa-general-mitre-53566140.html,2026-10-04
Villa Gral. Mitre,San Blas  al 1800,355,345000,972,790,437,usab ,zonaprop,https://www.zonaprop.com.ar/propiedades/clasificado/vecltrin-terreno-en-villa-gral.-mitre-59348356.html,2026-10-04
Villa Gral. Mitre,CAMARONES 2293. Entre Caracas y Gavilan,118,185000,1568,,,usab1,zonaprop,https://www.zonaprop.com.ar/propiedades/clasificado/vecltrin-villa-general-mitre-lote-usab1-vivienda-local-53957101.html,2026-10-04
Villa Gral. Mitre,Juan B. Justo Al 4700,119,349000,2933,1150,303,usaa,zonaprop,https://www.zonaprop.com.ar/propiedades/clasificado/vecltrin-lote-juan-b.-justo-al-4700-para-1150-m-vendibles-53445146.html,2026-10-04
Villa Gral. Mitre,Camarones al 2000,398,499000,1254,1537,325,,zonaprop,https://www.zonaprop.com.ar/propiedades/clasificado/vecltrin-lote-villa-gral-mitre-camarones-al-2000-casi-todo-55780047.html,2026-10-04
Villa Gral. Mitre,ALEJANDRO MAGARIÑOS CERVANTES 2600. Entre Condarco y Bolivia,164,220000,1341,,,,zonaprop,https://www.zonaprop.com.ar/propiedades/clasificado/vecltrin-lote.-alejandro-magarinos-cervantes-al-2600-60003619.html,2026-10-04
Villa Santa Rita,Nazca al 1700,270,650000,2407,2400,271,usaa ,zonaprop,https://www.zonaprop.com.ar/propiedades/clasificado/vecltrin-lote-en-venta-con-planos-vigentes-2.400-m-sup2-59747193.html,2026-10-04
Villa Santa Rita,Condarco 1700. Entre Cesar diaz y A.m. cervantes,276,395000,1431,1900,208,usam,zonaprop,https://www.zonaprop.com.ar/propiedades/clasificado/vecltrin-lote-en-venta-con-potencial-para-desarrollo-villa-59914754.html,2026-10-04
Villa Santa Rita,AV JUAN B JUSTO 5629. Entre Av Nazca y Terrada,950,298000,314,950,314,,zonaprop,https://www.zonaprop.com.ar/propiedades/clasificado/vecltrin-lote-con-proyecto-aprobado-listo-para-construir-58693580.html,2026-10-04
Villa Santa Rita,Argerich al 1600,287,293000,1021,,,usam ,zonaprop,https://www.zonaprop.com.ar/propiedades/clasificado/vecltrin-venta-lote-terreno-argerich-al-1600-8x36-usam-60002312.html,2026-10-04
Villa Santa Rita,Avenida Nazca 1415,400,850000,2125,2800,304,usaa ,zonaprop,https://www.zonaprop.com.ar/propiedades/clasificado/vecltrin--oportunidad-desarrolladores!-terreno-doble-frente-57558563.html,2026-10-04
Villa Santa Rita,Gaona 3800. Entre Concordia y Cuenca,500,940000,1880,,,usaa,zonaprop,https://www.zonaprop.com.ar/propiedades/clasificado/vecltrin-venta-de-lote-para-desarrollo-sobre-av-gaona-villa-59942502.html,2026-10-04
Villa Santa Rita,Avenida Juan B Justo 6199,1730,312000,180,1730,180,pb + 7,zonaprop,https://www.zonaprop.com.ar/propiedades/clasificado/vecltrin-venta-de-terreno-1730-m-sup2--vendibles-en-villa-santa-60141671.html,2026-10-04
Villa Santa Rita,Avenida Nazca al 1100,443,460000,1038,1732,266,usaa,zonaprop,https://www.zonaprop.com.ar/propiedades/clasificado/vecltrin-terreno-en-venta-en-villa-santa-rita-59761525.html,2026-10-04
Villa Santa Rita,CAMARONES 2700. Entre Condarco y Terrada,642,300000,467,1350,222,usam,zonaprop,https://www.zonaprop.com.ar/propiedades/clasificado/vecltrin-lote-en-villa-santa-rita-464-m-sup2--ideal-59914573.html,2026-10-04
Villa Santa Rita,san Blas 2068,242,169000,698,533,317,,zonaprop,https://www.zonaprop.com.ar/propiedades/clasificado/vecltrin-venta-terreno-paternal-59804090.html,2026-10-04
Villa Santa Rita,Helguera  al 1700,286,295000,1031,12,24583,,zonaprop,https://www.zonaprop.com.ar/propiedades/clasificado/vecltrin-lote-propio-de-8.06-x-35.68-en-villa-santa-rita-57877163.html,2026-10-04
Villa Santa Rita,Av. Juan B Justo  al 5900,700,690000,986,,,usaa,zonaprop,https://www.zonaprop.com.ar/propiedades/clasificado/vecltrin-doble-lote-con-gran-potencial-constructivo-villa-59822958.html,2026-10-04
Villa Santa Rita,Campana 1944,440,320000,727,,,,zonaprop,https://www.zonaprop.com.ar/propiedades/clasificado/vecltrin-gran-terreno-de-8.66-x-51-en-villa-del-parque-villa-59943820.html,2026-10-04
Villa Santa Rita,"LAMARCA, EMILIO 1000. Entre Tres arroyos y Galicia",163,249000,1528,,,,zonaprop,https://www.zonaprop.com.ar/propiedades/clasificado/vecltrin-venta-de-lote-en-villa-santa-rita-capital-federal-59696639.html,2026-10-04
Villa Santa Rita,"Belaustegui, Luis, DR.  al 3100",155,188000,1213,38400,5,usab 0,zonaprop,https://www.zonaprop.com.ar/propiedades/clasificado/vecltrin-excelente-terreno-en-villa-santa-rita-lideres-en-59207671.html,2026-10-04
Villa Santa Rita,Terrada 1460,795,790000,994,2377,332,,zonaprop,https://www.zonaprop.com.ar/propiedades/clasificado/vecltrin-excelente-lote-en-ph-57995360.html,2026-10-04
Villa Santa Rita,Justo Juan b 6075,155,290000,1871,,,usaa 1,zonaprop,https://www.zonaprop.com.ar/propiedades/clasificado/vecltrin-se-toman-m.-terreno-m-edificables-1450-m-sup2-54918444.html,2026-10-04
Villa Santa Rita,Galicia  al 2700,350,399000,1140,248.296,1607,Usam,zonaprop,https://www.zonaprop.com.ar/propiedades/clasificado/vecltrin-lote-en-venta-villa-santa-rita-usam-57305525.html,2026-10-04
Villa Santa Rita,Alejandro Magariños Cervantes 3243,502,310000,618,,,,zonaprop,https://www.zonaprop.com.ar/propiedades/clasificado/vecltrin-lote-8-66-x-58-usab-1-58822165.html,2026-10-04
Villa Santa Rita,Nazca 1356,440,890000,2023,,,pb + 7,zonaprop,https://www.zonaprop.com.ar/propiedades/clasificado/vecltrin-venta-terreno-en-villa-santa-rita-59113415.html,2026-10-04
Villa Santa Rita,Argerich 1409,200,430000,2150,890,483,usaa ,zonaprop,https://www.zonaprop.com.ar/propiedades/clasificado/vecltrin-terreno-de-8.32-x-25.-usaa.-argerich-al-1400.-villa-51542409.html,2026-10-04
Villa Santa Rita,Gavilan 1700,300,179000,597,918,195,Usab 1,zonaprop,https://www.zonaprop.com.ar/propiedades/clasificado/vecltrin-lote-de-8.70-x-27-usab-1-57938518.html,2026-10-04
Villa Santa Rita,Belaustegui 3325,220,400000,1818,,,,zonaprop,https://www.zonaprop.com.ar/propiedades/clasificado/vecltrin-lote-8-66-x-38-34-superficie-332-m-sup2-54623120.html,2026-10-04
Villa Santa Rita,Emilio Lamarca 899,569,1900000,3339,,,,zonaprop,https://www.zonaprop.com.ar/propiedades/clasificado/vecltrin-edificio-a-refaccionar-floresta-ideal-inversor-58441021.html,2026-10-04
Villa Santa Rita,Concordia al 1100,345,890000,2580,,,,zonaprop,https://www.zonaprop.com.ar/propiedades/clasificado/vecltrin-venta-terreno-en-villa-santa-rita-57623738.html,2026-10-04
Villa Santa Rita,General José Gervasio Artigas 2000,344,265000,770,,,,zonaprop,https://www.zonaprop.com.ar/propiedades/clasificado/vecltrin-venta-terreno-lote-344-m-sup2-60140339.html,2026-10-04
Villa Santa Rita,San Nicolás 1900,350,335000,957,,,,zonaprop,https://www.zonaprop.com.ar/propiedades/clasificado/vecltrin-venta-lote-gran-potencial-en-villa-del-parque-60263718.html,2026-10-04
Villa Santa Rita,Terrada  al 1500,451,450000,998,,,usam,zonaprop,https://www.zonaprop.com.ar/propiedades/clasificado/vecltrin-excelente-terreno-en-villa-santa-rita-lideres-en-59207630.html,2026-10-04
Villa Santa Rita,Cuenca 1400,286,360000,1259,1900,189,usam,zonaprop,https://www.zonaprop.com.ar/propiedades/clasificado/vecltrin-venta-lote-para-desarrollo-en-santa-rita-60315165.html,2026-10-04
Villa Santa Rita,Concordia al 1100,1150,320000,278,,,usab 2,zonaprop,https://www.zonaprop.com.ar/propiedades/clasificado/vecltrin-venta-terreno-en-villa-santa-rita-58673497.html,2026-10-04
Villa Santa Rita,Helguera  al 1800,286,385000,1346,,,usam,zonaprop,https://www.zonaprop.com.ar/propiedades/clasificado/vecltrin-excelente-terreno-en-villa-santa-rita-lideres-en-59211394.html,2026-10-04
Villa Santa Rita,Juan B. Justo  al 6100,181,300000,1657,,,usaa,zonaprop,https://www.zonaprop.com.ar/propiedades/clasificado/vecltrin-excelente-terreno-en-juan-b.-justo-esquina-concordia-59949515.html,2026-10-04
Villa Santa Rita,Terrada 1300,299,535000,1789,,,pb + 5,zonaprop,https://www.zonaprop.com.ar/propiedades/clasificado/vecltrin-venta-lote-superficie-vendible-1530-m-sup2-60222104.html,2026-10-04
Villa Santa Rita,Juan B. Justo  al 6100,181,300000,1657,,,usaa,zonaprop,https://www.zonaprop.com.ar/propiedades/clasificado/vecltrin-excelente-terreno-en-juan-b.-justo-esquina-concordia-59949549.html,2026-10-04
Villa Santa Rita,Campana 1900,446,290000,650,,,,zonaprop,https://www.zonaprop.com.ar/propiedades/clasificado/vecltrin-nuevo-valor-casa-a-demoler-venta-permuta-60164688.html,2026-10-04
Villa Santa Rita,Emilio Lamarca al 1900,282,240000,851,,,,zonaprop,https://www.zonaprop.com.ar/propiedades/clasificado/vecltrin-casa-terreno-en-villa-santa-rita-58776014.html,2026-10-04
Villa Santa Rita,NAZCA 1400,328,800000,2439,2500,320,usaa,zonaprop,https://www.zonaprop.com.ar/propiedades/clasificado/vecltrin-lote.-nazca-al-1400-58161379.html,2026-10-04
Villa Santa Rita,Av Nazca al 2300,463,450000,972,2600,173,,zonaprop,https://www.zonaprop.com.ar/propiedades/clasificado/vecltrin-terreno-villa-del-parque-oportunidad-se-escuchan-55024181.html,2026-10-04
Villa Santa Rita,Galicia  al 2700,350,399000,1140,248.296,1607,Usam,zonaprop,https://www.zonaprop.com.ar/propiedades/clasificado/vecltrin-lote-en-venta-villa-santa-rita-usam-56913053.html,2026-10-04
Villa Santa Rita,Emilio Lamarca 1015,173,320000,1850,,,,zonaprop,https://www.zonaprop.com.ar/propiedades/clasificado/vecltrin-gran-galpon-con-oficina-y-doble-bano-en-lamarca-al-58604819.html,2026-10-04
Villa Santa Rita,Helguera 1420,285,195000,684,,,,zonaprop,https://www.zonaprop.com.ar/propiedades/clasificado/vecltrin-lote-de-286-m-sup2--8-x-35-75-m-excelente-zona-56876045.html,2026-10-04
Villa Santa Rita,Nazca 1909,143,310000,2168,,,usaa ,zonaprop,https://www.zonaprop.com.ar/propiedades/clasificado/vecltrin-oportunidad-unica-constructores-y-desarrolladores.-59513220.html,2026-10-04
Villa Santa Rita,General Cesar Diaz 2852,238,295000,1239,1300,227,usam ,zonaprop,https://www.zonaprop.com.ar/propiedades/clasificado/vecltrin-venta-lote-terreno-usam-desarrollo-inmob-villa-59943208.html,2026-10-04
Villa Santa Rita,ARGERICH 1400,246,525000,2134,1363,385,pb + 5,zonaprop,https://www.zonaprop.com.ar/propiedades/clasificado/vecltrin-terreno-en-venta-en-barrio-santa-rita-56233098.html,2026-10-04
Villa Santa Rita,Av. Nazca al 1500,164,295000,1799,1400,211,,zonaprop,https://www.zonaprop.com.ar/propiedades/clasificado/vecltrin-terreno-en-villa-santa-rita-58575334.html,2026-10-04
Villa Santa Rita,Helguera 1370,115,150000,1304,,,,zonaprop,https://www.zonaprop.com.ar/propiedades/clasificado/vecltrin-casa-para-reciclar-lote-propio-8-66-x-12-56532513.html,2026-10-04
Villa Santa Rita,San Nicolás 1413,85,120000,1412,,,usab1,zonaprop,https://www.zonaprop.com.ar/propiedades/clasificado/vecltrin-lote-8-45-x-9-94-en-zona-residencial-con-potencial-57585800.html,2026-10-04
Villa Santa Rita,Cesar Diaz al 2700,210,260000,1238,,,pb + 5,zonaprop,https://www.zonaprop.com.ar/propiedades/clasificado/vecltrin-terreno-villa-santa-rita-55026358.html,2026-10-04
Villa Santa Rita,Gaona al 2900,1500,1440000,960,,,,zonaprop,https://www.zonaprop.com.ar/propiedades/clasificado/vecltrin-lote-terreno-en-villa-santa-rita-venta-57692533.html,2026-10-04
Villa Santa Rita,Tres Arroyos 3532,250,290000,1160,650,446,usab 1,zonaprop,https://www.zonaprop.com.ar/propiedades/clasificado/vecltrin-terreno-ideal-construccion-59350872.html,2026-10-04
Villa Santa Rita,Juan B Justo  al 5500,177,259000,1463,,,pb + 2,zonaprop,https://www.zonaprop.com.ar/propiedades/clasificado/vecltrin-terreno-en-villa-santa-rita-60054007.html,2026-10-04
Villa Santa Rita,Av. Juan Bautista Justo 5902 5902,331,850000,2568,148.744,5715,,zonaprop,https://www.zonaprop.com.ar/propiedades/clasificado/vecltrin-venta-lote-doble-frente-villa-santa-rita-sobre-av-juan-59114513.html,2026-10-04
Villa Santa Rita,General Cesar Diaz al 2800,240,295000,1229,,,Usam ,zonaprop,https://www.zonaprop.com.ar/propiedades/clasificado/vecltrin-venta-lote-de-8-66-x-27-50-mtrs.-usam-en-villa-santa-60091461.html,2026-10-04
Villa Santa Rita,Juan Agustín García 5245/47,650,390000,600,1175,332,usam 2,zonaprop,https://www.zonaprop.com.ar/propiedades/clasificado/vecltrin-excelente-terreno-en-villa-santa-rita-57925904.html,2026-10-04
Villa Santa Rita,Concordia al 1700,387,395000,1021,,,,zonaprop,https://www.zonaprop.com.ar/propiedades/clasificado/vecltrin-terreno-casa-deposito-y-garage-villa-santa-rita-58282402.html,2026-10-04
Villa Santa Rita,Terrada al 2100,204,330000,1618,8.66,38106,,zonaprop,https://www.zonaprop.com.ar/propiedades/clasificado/vecltrin-venta-terreno-villa-santa-rita-planos-aprobados-para-59694973.html,2026-10-04
Villa Santa Rita,Miranda 4600,2000,3500000,1750,8800,398,,zonaprop,https://www.zonaprop.com.ar/propiedades/clasificado/vecltrin-terreno-lote-en-venta-en-monte-castro-capital-60217041.html,2026-10-04
Villa Santa Rita,Joaquín V. González 1651,337,250000,742,585,427,pb + 3,zonaprop,https://www.zonaprop.com.ar/propiedades/clasificado/vecltrin-monte-castro-joaquin-v-gonzalez-1600-58748470.html,2026-10-04
Villa Santa Rita,Magariños Cervantes al 2500,172,175000,1017,,,pb + 3,zonaprop,https://www.zonaprop.com.ar/propiedades/clasificado/vecltrin-terreno-en-villa-santa-rita-60252766.html,2026-10-04
Villa Santa Rita,Juan Bautista Justo 5500,138,80000,580,1160,69,pb + 7 + 2,zonaprop,https://www.zonaprop.com.ar/propiedades/clasificado/vecltrin-lote-venta-sobre-juan-b-justo-villa-santa-rita-acepta-59164493.html,2026-10-04
Villa Santa Rita,Emilio Lamarca 1300,285,284900,1000,1600,178,pb + 3,zonaprop,https://www.zonaprop.com.ar/propiedades/clasificado/vecltrin-terreno-entre-medianeras-de-270-20-m-sup2-58225337.html,2026-10-04
Villa Santa Rita,Helguera al 1100,357,920000,2577,2200,418,,zonaprop,https://www.zonaprop.com.ar/propiedades/clasificado/vecltrin-lote-venta-planos-aprobados-60120141.html,2026-10-04
Villa Santa Rita,Doctor Luis Beláustegui 3332,305,205000,672,,,,zonaprop,https://www.zonaprop.com.ar/propiedades/clasificado/vecltrin-muy-buen-lote-apto-construccion-ph-galpon.-59011065.html,2026-10-04
Villa Santa Rita,Paez al 2600,151,260000,1722,,,,zonaprop,https://www.zonaprop.com.ar/propiedades/clasificado/vecltrin-terreno-en-villa-santa-rita-57183527.html,2026-10-04
Villa Santa Rita,Avenica Nazca 1300,438,890000,2032,,,,zonaprop,https://www.zonaprop.com.ar/propiedades/clasificado/vecltrin-venta-terreno-villa-santa-rita-57241941.html,2026-10-04
Villa Santa Rita,Campana 1900,446,290000,650,,,,zonaprop,https://www.zonaprop.com.ar/propiedades/clasificado/vecltrin-nuevo-valor-lote-en-villa-santa-rita-60076992.html,2026-10-04
Villa Santa Rita,Avenida Juan B Justo 5500,166,250000,1506,,,,zonaprop,https://www.zonaprop.com.ar/propiedades/clasificado/vecltrin-local-en-venta-en-villa-santa-rita-capital-federal-60217045.html,2026-10-04
Villa Santa Rita,Camarones Al 2900,398,499000,1254,1820,274,,zonaprop,https://www.zonaprop.com.ar/propiedades/clasificado/vecltrin-lote-villa-sta-rita-camarones-al-2900-para-1820-57102078.html,2026-10-04
Villa Santa Rita,Alejandro Magariños Cervantes 3100,80,160000,2000,,,pb + 3,zonaprop,https://www.zonaprop.com.ar/propiedades/clasificado/vecltrin-venta-de-lote-estrategico-de-80-m-sup2--en-villa-santa-58863626.html,2026-10-04
Villa Santa Rita,JUAN B JUSTO 5965 y Cuenca,484,690000,1426,,,pb + 7,zonaprop,https://www.zonaprop.com.ar/propiedades/clasificado/vecltrin-venta-de-lote-santa-rita-caba-59632871.html,2026-10-04
Villa Santa Rita,Argerich 1635,260,289000,1112,,,usab 0,zonaprop,https://www.zonaprop.com.ar/propiedades/clasificado/vecltrin-venta-de-terreno-8.66-x-30-zon.:-usab-0-56084207.html,2026-10-04
Villa Santa Rita,Av. Juan Bautista Justo 5600,1282,285000,222,,,,zonaprop,https://www.zonaprop.com.ar/propiedades/clasificado/vecltrpa-dueno-vende-excelente-lote-av-juan-b.-justo-y-nazca.-60156624.html,2026-10-04
Monte Castro,Juan Agustín Garcia al 5100,492,400000,813,1639.23,244,,zonaprop,https://www.zonaprop.com.ar/propiedades/clasificado/vecltrin-terreno-en-monte-castro-59735585.html,2026-10-04
Monte Castro,Mercedes 2100,970,360000,371,,,usam,zonaprop,https://www.zonaprop.com.ar/propiedades/clasificado/vecltrin-lote-de-8-70-x-34-62-con-casa-existente.-ideal-para-56158486.html,2026-10-04
Monte Castro,Benito Juarez  al 2000,259,270000,1042,213.5,1265,usam,zonaprop,https://www.zonaprop.com.ar/propiedades/clasificado/vecltrin-terreno-usam-en-monte-castro-59902605.html,2026-10-04
Monte Castro,ELPIDIO GONZALEZ 5007. Entre Cervantes y Calderon De La Barca,99,270000,2727,,,usam ,zonaprop,https://www.zonaprop.com.ar/propiedades/clasificado/vecltrin-montecastro-venta-lote-con-planos-aprobados-usam-56711316.html,2026-10-04
Monte Castro,Marcos Paz al 1900,219,280000,1279,1015,276,pb + 5,zonaprop,https://www.zonaprop.com.ar/propiedades/clasificado/vecltrin-terreno-en-monte-castro-para-construir-1100-m-sup2-58527036.html,2026-10-04
Monte Castro,Moliere  al 1400,330,320000,970,,,,zonaprop,https://www.zonaprop.com.ar/propiedades/clasificado/vecltrin-venta-lote-de-10-x-32-zona-residencial-bajo-el-codigo-59736498.html,2026-10-04
Monte Castro,Benito Juarez  al 1900,511,495000,969,,,,zonaprop,https://www.zonaprop.com.ar/propiedades/clasificado/vecltrin-venta-lote-en-monte-castro-nuevo-valor-acepta-m-58792388.html,2026-10-04
Monte Castro,Chivilcoy 2031,760,235000,309,,,,zonaprop,https://www.zonaprop.com.ar/propiedades/clasificado/vecltrin-vendo-lote-de-terreno-8-66x21-65-usab2-posibilidad-de-58297258.html,2026-10-04
Monte Castro,Av Segurola 2035,197,310000,1574,159.3,1946,,zonaprop,https://www.zonaprop.com.ar/propiedades/clasificado/vecltrin-terreno-en-venta-56171467.html,2026-10-04
Monte Castro,Av. Segurola y Alvarez Jonte,320,378000,1181,1118,338,,zonaprop,https://www.zonaprop.com.ar/propiedades/clasificado/vecltrin-terreno-8-66-x-37-m-con-demolicion-av-segurola-y-59965837.html,2026-10-04
Monte Castro,ELPIDIO GONZALEZ 4807,219,205000,936,786.09,261,,zonaprop,https://www.zonaprop.com.ar/propiedades/clasificado/vecltrin-terreno-para-emprendimiento-inmobiliario-muy-buena-57393196.html,2026-10-04
Monte Castro,BERNALDES 1626,1636,290000,177,762,381,,zonaprop,https://www.zonaprop.com.ar/propiedades/clasificado/vecltrin-lote-en-venta-en-monte-castro-1600-m-sup2-58392988.html,2026-10-04
Monte Castro,Lascano al 5000,761,307000,403,761.85,403,,zonaprop,https://www.zonaprop.com.ar/propiedades/clasificado/vecltrin-terreno-en-monte-castro-caba-56872796.html,2026-10-04
Monte Castro,SANABRIA 2415/13. Entre Santo tome y Baigorria,469,900000,1919,,,,zonaprop,https://www.zonaprop.com.ar/propiedades/clasificado/vecltrin-lote-8-66-x-29-66-usaa-en-monte-castro-56888894.html,2026-10-04
Monte Castro,Arregui 3990,121,249000,2058,,,,zonaprop,https://www.zonaprop.com.ar/propiedades/clasificado/vecltrin-terreno-en-devoto-usa-b1-59943892.html,2026-10-04
Monte Castro,Gualeguaychú 2000,263,260000,989,1500,173,,zonaprop,https://www.zonaprop.com.ar/propiedades/clasificado/vecltrin-venta-lote-montecastro-1500-m-sup2--170usd-60233906.html,2026-10-04
Monte Castro,Coliqueo al 2100,225,280000,1244,,,usab 1,zonaprop,https://www.zonaprop.com.ar/propiedades/clasificado/vecltrin-terreno-monte-castro-lideres-en-terrenos-guimat-59207497.html,2026-10-04
Monte Castro,Marcos Paz 2000,1400,1800000,1286,,,,zonaprop,https://www.zonaprop.com.ar/propiedades/clasificado/vecltrin-terreno-lote-en-venta-en-monte-castro-capital-60281899.html,2026-10-04
Monte Castro,Miranda 4500. Entre Segurola y Bernaldes,415,300000,723,207.4,1446,usam,zonaprop,https://www.zonaprop.com.ar/propiedades/clasificado/vecltrin-lote.-miranda-4500-50052637.html,2026-10-04
Monte Castro,"BERMUDEZ 1500. Entre Gonzalez, Elpidio y Garcia Juan Agustin",237,230000,970,,,,zonaprop,https://www.zonaprop.com.ar/propiedades/clasificado/vecltrin-venta-de-lote-en-monte-castro-capital-federal-58143284.html,2026-10-04
Monte Castro,Pasaje Wagner  al 1200,182,173000,951,,,,zonaprop,https://www.zonaprop.com.ar/propiedades/clasificado/vecltrin-terreno-en-venta-en-monte-castro.-60299503.html,2026-10-04
Monte Castro,Cervantes 1800,150,194000,1293,813,239,usab 0,zonaprop,https://www.zonaprop.com.ar/propiedades/clasificado/vecltrin-venta-lote-150-m-en-monte-castro-60171728.html,2026-10-04
Monte Castro,"Juan Agustín García 4600, Ciudad Autónoma de Buenos Aires, Argentina",403,330000,819,,,usam ,zonaprop,https://www.zonaprop.com.ar/propiedades/clasificado/vecltrin-lote-en-venta-con-casa-multifamiliar-juan-agustin-58609244.html,2026-10-04
Monte Castro,Lascano al 3900,172,385000,2238,1110.62,347,,zonaprop,https://www.zonaprop.com.ar/propiedades/clasificado/vecltrin-lote-en-venta-en-montecastro-con-planos-aprobados-y-60250541.html,2026-10-04
Monte Castro,Alcaraz  al 4700,223,210000,942,,,,zonaprop,https://www.zonaprop.com.ar/propiedades/clasificado/vecltrin-venta-terreno-zonificacion-usam-en-monte-castro-60112871.html,2026-10-04
Monte Castro,Marcos Paz 1982,130,250000,1923,17.2,14535,usam,zonaprop,https://www.zonaprop.com.ar/propiedades/clasificado/vecltrin-venta-terreno-lote-usam-en-monte-castro-60187291.html,2026-10-04
Monte Castro,Coliqueo al 2100,225,280000,1244,49362,6,usab 0,zonaprop,https://www.zonaprop.com.ar/propiedades/clasificado/vecltrin-excelente-terreno-en-monte-castro-lideres-en-59207552.html,2026-10-04
Monte Castro,"Gonzalez, Elpidio al 4500",496,395000,796,,,usam,zonaprop,https://www.zonaprop.com.ar/propiedades/clasificado/vecltrin-excelente-terreno-en-monte-castro-lideres-en-59819806.html,2026-10-04
Monte Castro,Calderon de la Barca  al 2000,225,190000,844,,,,zonaprop,https://www.zonaprop.com.ar/propiedades/clasificado/vecltrin-venta-lote-en-monte-castro-ideal-desarrollo-59699333.html,2026-10-04
Monte Castro,Miranda 4900,247,380000,1538,1395,272,usam,zonaprop,https://www.zonaprop.com.ar/propiedades/clasificado/vecltrin-venta-lote-terreno-miranda-4900-montecastro-caba-60075396.html,2026-10-04
Monte Castro,Arregui al 4200,388,390000,1005,,,usab 1,zonaprop,https://www.zonaprop.com.ar/propiedades/clasificado/vecltrin-terreno-10-x-38.80-usab-1-en-monte-castro-57400103.html,2026-10-04
Monte Castro,Miranda,303,280000,924,,,,zonaprop,https://www.zonaprop.com.ar/propiedades/clasificado/vecltrin-3-ph-en-block-sobre-lote-8-66-x-36-56658195.html,2026-10-04
Monte Castro,Allende 2100,170,219000,1288,,,,zonaprop,https://www.zonaprop.com.ar/propiedades/clasificado/vecltrin-terreno-en-venta-allende-y-av-jonte-57494422.html,2026-10-04
Monte Castro,Rafael  Alcaraz,351,215000,613,860,250,,zonaprop,https://www.zonaprop.com.ar/propiedades/clasificado/vecltrin-terreno-de-10-x-21-parcela-de-210-m-sup2-54671472.html,2026-10-04
Monte Castro,Bemudez  al 1900,300,350000,1167,1700,206,,zonaprop,https://www.zonaprop.com.ar/propiedades/clasificado/vecltrin-excelente-terreno-con-posibilidad-de-construir-8-pisos-54875991.html,2026-10-04
Monte Castro,Segurola al 2000,577,1200000,2080,,,usaa,zonaprop,https://www.zonaprop.com.ar/propiedades/clasificado/vecltrin-venta-lote-monte-castro-permuta-y-financiacion-60028874.html,2026-10-04
Monte Castro,Marcos Sastre 5000,111,185000,1667,,,usab 0,zonaprop,https://www.zonaprop.com.ar/propiedades/clasificado/vecltrin-marco-sastre-y-cervantes-monte-castro-lote-60264104.html,2026-10-04
Monte Castro,Allende 2100,165,198000,1200,1100,180,,zonaprop,https://www.zonaprop.com.ar/propiedades/clasificado/vecltrin-optimo-lote-pleno-centro-del-barrio-monte-castro-60185299.html,2026-10-04
Monte Castro,AV. ALVAREZ JONTE 5799. Entre Irigoyen y Cortina,124,290000,2339,800,362,,zonaprop,https://www.zonaprop.com.ar/propiedades/clasificado/vecltrin-venta-lote-monte-castro-51519561.html,2026-10-04
Monte Castro,Moliere 1816,328,245000,747,,,usab 0,zonaprop,https://www.zonaprop.com.ar/propiedades/clasificado/vecltrin-venta-lote-de-terreno-en-montecastro-58858767.html,2026-10-04
Monte Castro,Juan Agustín García 5207,165,200000,1212,,,,zonaprop,https://www.zonaprop.com.ar/propiedades/clasificado/vecltrin-terreno-de-165-m-sup2--8-66-x-19-con-casa-de-3-54762878.html,2026-10-04
Monte Castro,Miranda 4600,2000,3500000,1750,8800,398,,zonaprop,https://www.zonaprop.com.ar/propiedades/clasificado/vecltrin-terreno-lote-en-venta-en-floresta-capital-federal-60212378.html,2026-10-04
Monte Castro,MERCEDES 2325. Entre Arregui y Santo Tome,637,320000,502,637,502,,zonaprop,https://www.zonaprop.com.ar/propiedades/clasificado/vecltrin-lote.-mercedes-2325-59404512.html,2026-10-04
Monte Castro,Arregui 4647,330,260000,788,338,769,pb + 2,zonaprop,https://www.zonaprop.com.ar/propiedades/clasificado/vecltrin-terreno-en-monte-castro-8.66-x-43-56127169.html,2026-10-04
Monte Castro,Mercedes 2400,232,179000,772,1650,108,usam ,zonaprop,https://www.zonaprop.com.ar/propiedades/clasificado/vecltrin-oportunidad-lote-usab-1-c-planos-presentados-usam-60036973.html,2026-10-04
Monte Castro,Cervantes 1900,233,340000,1459,,,,zonaprop,https://www.zonaprop.com.ar/propiedades/clasificado/vecltrin-lote-8-66-x-27-zonificacion-u.-s.-a.-m-59782622.html,2026-10-04
Monte Castro,Álvarez Jonte 5300,165,249000,1509,,,,zonaprop,https://www.zonaprop.com.ar/propiedades/clasificado/vecltrin-montecastro.-jonte-5300-excelente-lote-8.66-x-19-59252704.html,2026-10-04
Monte Castro,Juan Agustín García 4800,149,180000,1208,770,234,pb + 5,zonaprop,https://www.zonaprop.com.ar/propiedades/clasificado/vecltrin-venta-lote-en-monte-castro-nuevo-valor!-60154217.html,2026-10-04
Monte Castro,Baigorria al 4200,148,165000,1115,,,,zonaprop,https://www.zonaprop.com.ar/propiedades/clasificado/vecltrin-venta-excelente-lote-en-esquina-en-monte-castro-60264496.html,2026-10-04
Monte Castro,ELPIDIO GONZALEZ 4800,489,550000,1125,,,usam ,zonaprop,https://www.zonaprop.com.ar/propiedades/clasificado/vecltrin-terreno-en-monte-castro-59404023.html,2026-10-04
Monte Castro,Lascano al 5700,232,218000,940,,,usab0,zonaprop,https://www.zonaprop.com.ar/propiedades/clasificado/vecltrin-terreno-usab0-en-monte-castro-56308069.html,2026-10-04
Monte Castro,Elpidio González 4700,429,398000,928,,,,zonaprop,https://www.zonaprop.com.ar/propiedades/clasificado/vecltrin-venta-lote-ideal-desarrollo-monte-castro-60223208.html,2026-10-04
Monte Castro,"MARCOS PAZ 1878. Entre Gonzalez, Elpidio y Juan Agustin Garcia",151,198000,1311,1109.4,178,usam ,zonaprop,https://www.zonaprop.com.ar/propiedades/clasificado/vecltrin-lote-en-venta-monte-castro-59095441.html,2026-10-04
Monte Castro,alcaraz,432,400000,926,,,,zonaprop,https://www.zonaprop.com.ar/propiedades/clasificado/vecltrin-lote-en-venta-de-8-48-x-50-94-55585240.html,2026-10-04
Monte Castro,Arregui 4246,384,495000,1289,,,usam,zonaprop,https://www.zonaprop.com.ar/propiedades/clasificado/vecltrin-gran-terreno-en-villa-devoto-monte-castro-54119382.html,2026-10-04
Monte Castro,Moliere,328,245000,747,,,,zonaprop,https://www.zonaprop.com.ar/propiedades/clasificado/vecltrin-venta-lote-propio-en-monte-castro-56530377.html,2026-10-04
Monte Castro,Calderón de la barca 1565,736,400000,543,,,,zonaprop,https://www.zonaprop.com.ar/propiedades/clasificado/vecltrin-venta-en-monte-castro-2-terrenos-de-380-m-sup2--cada-54707579.html,2026-10-04
Monte Castro,Juan Agustín García 5028,450,330000,733,,,usam,zonaprop,https://www.zonaprop.com.ar/propiedades/clasificado/vecltrin-1720-m-sup2--construibles-pb-5-pisos-2-retiros-60138168.html,2026-10-04
Monte Castro,Alcaraz al 5200,133,145000,1090,,,,zonaprop,https://www.zonaprop.com.ar/propiedades/clasificado/vecltrin-venta-terreno-con-construccion-monte-castro-60119053.html,2026-10-04
Monte Castro,elpidio gonzalez,440,280000,636,,,,zonaprop,https://www.zonaprop.com.ar/propiedades/clasificado/vecltrin-lote-8-66-x-50-55585746.html,2026-10-04
Monte Castro,Santo Tomé 5400,930,580000,624,816,711,usab 0,zonaprop,https://www.zonaprop.com.ar/propiedades/clasificado/vecltrin-venta-doble-lote-monte-castro-fondo-libre-60255858.html,2026-10-04
Monte Castro,Av Segurola  al 1600,342,300000,877,,,,zonaprop,https://www.zonaprop.com.ar/propiedades/clasificado/vecltrin-terreno-en-monte-castro-58045959.html,2026-10-04
Monte Castro,CORTINA 1450,450,500000,1111,,,,zonaprop,https://www.zonaprop.com.ar/propiedades/clasificado/vecltrin-terreno-de-8-66-m-x-52-m-50576730.html,2026-10-04
Monte Castro,Arregui 3949,437,290000,664,,,,zonaprop,https://www.zonaprop.com.ar/propiedades/clasificado/vecltrin-terreno-de-437-m-sup2--en-venta-en-monte-castro-59215355.html,2026-10-04
Monte Castro,Avenida Lope de Vega 1422,272,520000,1912,,,,zonaprop,https://www.zonaprop.com.ar/propiedades/clasificado/vecltrin-lote-de-7-86-x-34-60-frente-a-la-plaza-59996468.html,2026-10-04
Monte Castro,Segurola 2057,1503,420000,279,1118,376,,zonaprop,https://www.zonaprop.com.ar/propiedades/clasificado/vecltrin-lote-montecastro-toma-m-59063499.html,2026-10-04
Monte Castro,Lascano al 5000,152,260000,1711,,,,zonaprop,https://www.zonaprop.com.ar/propiedades/clasificado/vecltrin-lote-en-venta!-58681838.html,2026-10-04
Monte Castro,Lascano 4764,236,250000,1059,17380,14,Pb + 5,zonaprop,https://www.zonaprop.com.ar/propiedades/clasificado/vecltrin-m-castro-lascano-4764-terreno-en-venta-u.-s.-a.-m.-pb-59408028.html,2026-10-04
Monte Castro,Bahía Blanca 2280,270,250000,926,,,,zonaprop,https://www.zonaprop.com.ar/propiedades/clasificado/vecltrin-lote-8-x-33-62-58607835.html,2026-10-04
Monte Castro,Elpidio González 4683,340,340000,1000,,,,zonaprop,https://www.zonaprop.com.ar/propiedades/clasificado/vecltrin-terreno-de-8-66-x-40-57103514.html,2026-10-04
Monte Castro,JUAN AGUSTÍN GARCÍA 4600,365,439000,1203,17.2,25523,,zonaprop,https://www.zonaprop.com.ar/propiedades/clasificado/vecltrin-terreno-en-venta.-velez-sarsfield.-para-17.20-m.-59923291.html,2026-10-04
Monte Castro,Bermudez  al 2100,175,220000,1257,,,usab 0,zonaprop,https://www.zonaprop.com.ar/propiedades/clasificado/vecltrin-venta-lote-de-11-x-15-60-m-en-monte-castro-60042307.html,2026-10-04
Monte Castro,Av Alvarez Jonte 5799,189,280000,1481,,,pb + 7,zonaprop,https://www.zonaprop.com.ar/propiedades/clasificado/vecltrin-lote-8-37-m-x-16-10-m-monte-castro-residencial-usaa-52767055.html,2026-10-04
Monte Castro,Mercedes 2137. Entre Av. Alvarez Jonte y Lascano,298,280000,940,850,329,pb+5+2,zonaprop,https://www.zonaprop.com.ar/propiedades/clasificado/vecltrin-lote.-mercedes-al-2100-58373184.html,2026-10-04
Monte Castro,Marcos Sastre 3900,249,399000,1602,1378,290,usam,zonaprop,https://www.zonaprop.com.ar/propiedades/clasificado/vecltrin-lote-en-monte-castro-marcos-sastre-al-3900-para-1378-53994861.html,2026-10-04
Monte Castro,Marcos Paz 2000,1400,1800000,1286,6644.6,271,usam,zonaprop,https://www.zonaprop.com.ar/propiedades/clasificado/vecltrin-lote-amplio-en-venta-monte-castro-55965550.html,2026-10-04
Monte Castro,Sanabria 2000,179,299000,1670,,,,zonaprop,https://www.zonaprop.com.ar/propiedades/clasificado/vecltrin-lote-monte-castro-sanabria-al-2000-casi-todo-canje-56437904.html,2026-10-04
Monte Castro,Bernaldes 1891. Entre Alcaraz y Miranda,176,320000,1818,,,usam,zonaprop,https://www.zonaprop.com.ar/propiedades/clasificado/vecltrin-lote.-bernaldes-1891-56402409.html,2026-10-04
Monte Castro,AV LOPE DE VEGA 1359. Entre Elpidio Gonzalez y Juan Agustin Garcia,389,550000,1414,,,usaa ,zonaprop,https://www.zonaprop.com.ar/propiedades/clasificado/vecltrin-venta-terreno-en-montecastro-usaa-pb-9-57840114.html,2026-10-04
Monte Castro,Atahualpa 1400,140,139000,993,,,usab 0,zonaprop,https://www.zonaprop.com.ar/propiedades/clasificado/vecltrin-terreno-en-esquina-lote-propio-10.99-x-12.82-57581941.html,2026-10-04
Monte Castro,Bernaldes 1800,178,300000,1685,,,,zonaprop,https://www.zonaprop.com.ar/propiedades/clasificado/vecltrin-lote-en-venta-usam-860-m-vendibles-planos-60281122.html,2026-10-04
Monte Castro,Lascano 5287. Entre Av. lope de vega y Jose verdi,155,185000,1194,,,,zonaprop,https://www.zonaprop.com.ar/propiedades/clasificado/vecltrin-lote.-lascano-al-5200-58955184.html,2026-10-04
Monte Castro,Bermúdez 1400,219,220000,1005,,,,zonaprop,https://www.zonaprop.com.ar/propiedades/clasificado/vecltrin-venta-de-lote-propio-en-monte-castro-219-m.-tot-60317906.html,2026-10-04
Monte Castro,Álvarez Jonte 4100,313,350000,1118,,,usam 8,zonaprop,https://www.zonaprop.com.ar/propiedades/clasificado/vecltrin-venta-lote-monte-castro-8-67-x-36-usam-sobre-jonte-60076135.html,2026-10-04
Monte Castro,Bahía Blanca 1900,620,400000,645,,,usab 1,zonaprop,https://www.zonaprop.com.ar/propiedades/clasificado/vecltrin-lote-para-desarrollo-excelente-zona-60075307.html,2026-10-04
Monte Castro,Santo Tome 4900,337,249000,739,800,311,usab 0,zonaprop,https://www.zonaprop.com.ar/propiedades/clasificado/vecltrin-lote-monte-castro-santo-tome-4900-para-800-m-sup2-50393323.html,2026-10-04
Monte Castro,Álvarez Jonte 4100,104,195000,1875,104.157,1872,usam,zonaprop,https://www.zonaprop.com.ar/propiedades/clasificado/vecltrin-venta-lote-terreno-usam-monte-castro-60308323.html,2026-10-04
Monte Castro,San Blas 4600,233,210000,901,209.29,1003,usam,zonaprop,https://www.zonaprop.com.ar/propiedades/clasificado/vecltrin-lote-en-venta-en-monte-castro-58317408.html,2026-10-04
Flores,Portela al 200,324,850000,2623,3900,218,,zonaprop,https://www.zonaprop.com.ar/propiedades/clasificado/vecltrin-terreno-flores-3.130-m-sup2--vendibles.-3.900-60294483.html,2026-10-04
Flores,Felipe Vallese e/ Helguera y Argerich,286,1400000,4895,,,,zonaprop,https://www.zonaprop.com.ar/propiedades/clasificado/vecltrin-terreno-en-venta-286-m-flores-59963562.html,2026-10-04
Flores,Mendez de Andes al 1800,268,540000,2015,100,5400,pb + 7,zonaprop,https://www.zonaprop.com.ar/propiedades/clasificado/vecltrin-terreno-en-flores-norte-venta-limite-caballito-59802033.html,2026-10-04
Flores,Bolivia  al 1100,429,425000,991,,,usam ,zonaprop,https://www.zonaprop.com.ar/propiedades/clasificado/vecltrin-oportunidad-venta-terreno-en-flores-a-m-de-av-gaona-59985221.html,2026-10-04
Flores,Bacacay  al 1800,172,240000,1395,137,1752,usam ,zonaprop,https://www.zonaprop.com.ar/propiedades/clasificado/vecltrin-bacacay-1800-lote-en-venta-en-flores-58923912.html,2026-10-04
Flores,Av. Directorio  al 3700,125,180000,1440,,,usaa ,zonaprop,https://www.zonaprop.com.ar/propiedades/clasificado/vecltrin-terreno-en-venta-usaa-en-flores-58460635.html,2026-10-04
Flores,Mendez DE Andes  al 1900,253,330000,1304,1215,272,,zonaprop,https://www.zonaprop.com.ar/propiedades/clasificado/vecltrin-venta-terreno-apto-1160-m-sup2--en-flores-capital-60019600.html,2026-10-04
Flores,Gaona AV. al 2500,386,720000,1865,,,usaa,zonaprop,https://www.zonaprop.com.ar/propiedades/clasificado/vecltrin-excelente-terreno-en-av-gaona-2500-lideres-en-59909441.html,2026-10-04
Flores,Gavilan al 300,381,439000,1152,1250,351,,zonaprop,https://www.zonaprop.com.ar/propiedades/clasificado/vecltrin-terreno-en-flores-59797694.html,2026-10-04
Flores,Lautaro al 200,332,475000,1431,1456,326,usaa 2,zonaprop,https://www.zonaprop.com.ar/propiedades/clasificado/vecltrin-terreno-en-venta-en-flores-58921040.html,2026-10-04
Flores,Av Juan Bautista Alberdi al 3100,498,1050000,2108,,,pb + 1,zonaprop,https://www.zonaprop.com.ar/propiedades/clasificado/vecltrin-terreno-emplazado-en-el-barrio-de-flores-sobre-la-av-56053410.html,2026-10-04
Flores,Pumacahua al 100,174,900000,5172,,,,zonaprop,https://www.zonaprop.com.ar/propiedades/clasificado/vecltrin-gran-oportunidad-en-caba-ideal-constructoras!-54917852.html,2026-10-04
Flores,Juan B Alberdi  al 2900,397,650000,1637,2685,242,Cm,zonaprop,https://www.zonaprop.com.ar/propiedades/clasificado/vecltrin-venta-terreno-lote-flores-juan-bautista-alberdi-al-59517525.html,2026-10-04
Flores,Francisco Bilbao al 1800,143,465000,3252,,,usam,zonaprop,https://www.zonaprop.com.ar/propiedades/clasificado/vecltrin-casa-a-valor-terreno-esquina-con-gran-potencial.-60046603.html,2026-10-04
Flores,Yerbal  al 2700,563,1500000,2664,3500,429,Pb+10,zonaprop,https://www.zonaprop.com.ar/propiedades/clasificado/vecltrin-terreno-en-venta-yerbal-2700lote-17x33-mtrs.-pb-56619484.html,2026-10-04
Flores,Lautaro al 500,380,420000,1105,1527,275,,zonaprop,https://www.zonaprop.com.ar/propiedades/clasificado/vecltrin-terreno-apto-1500-m-sup2--construibles-en-flores-58822177.html,2026-10-04
Flores,Neuquen 2700,295,340000,1153,961,354,usam ,zonaprop,https://www.zonaprop.com.ar/propiedades/clasificado/vecltrin-venta-terreno-flores-norte-8-66-x-35-usam-59398894.html,2026-10-04
Flores,Portela al 200,169,490000,2899,1800,272,pb + 7,zonaprop,https://www.zonaprop.com.ar/propiedades/clasificado/vecltrin-excelente-terreno-flores-oportunidad-1.400-60294505.html,2026-10-04
Flores,Paez y Cuenca,140,1100000,7857,,,,zonaprop,https://www.zonaprop.com.ar/propiedades/clasificado/vecltrin-terreno-en-venta-140-m-sup2--flores-59756913.html,2026-10-04
Flores,"Bilbao, Francisco AV.  al 3100",272,240000,882,,,usab 1,zonaprop,https://www.zonaprop.com.ar/propiedades/clasificado/vecltrin-excelente-terreno-en-flores-lideres-en-terrenos-60320992.html,2026-10-04
Flores,Yerbal 3000,450,360000,800,,,,zonaprop,https://www.zonaprop.com.ar/propiedades/clasificado/vecltrin-venta-de-terreno-en-flores-yerbal-3058-caba-59923488.html,2026-10-04
Flores,AV RIVADAVIA N° 7278,579,1000000,1727,5525,181,,zonaprop,https://www.zonaprop.com.ar/propiedades/clasificado/vecltrin-inmueble-sobre-lote-propio-en-venta-av-rivadavia-n-56796322.html,2026-10-04
Flores,Avenida Varela 832,418,298000,713,1800,166,usaa ,zonaprop,https://www.zonaprop.com.ar/propiedades/clasificado/vecltrin-av-varela-832:-venta-en-block-4-ph-s-2-locales-59886156.html,2026-10-04
Flores,Felipe Vallese  al 2700,490,430000,878,,,usam ,zonaprop,https://www.zonaprop.com.ar/propiedades/clasificado/vecltrin-casa-en-lote-de-9-48-m-x-52-49-m-opcional-60167115.html,2026-10-04
Flores,Gavilán 659,372,350000,941,1300,269,,zonaprop,https://www.zonaprop.com.ar/propiedades/clasificado/vecltrin-oportunidad!-terreno-en-venta-en-flores-norte-58956099.html,2026-10-04
Flores,Ramón Falcón e/ Rivera Indarte y Pedernera n 2460,1756,1750000,997,5032,348,,zonaprop,https://www.zonaprop.com.ar/propiedades/clasificado/vecltrin-terreno-en-venta-en-flores-59168213.html,2026-10-04
Flores,Lafuente 100: 575 M2 -corredor Medio A 1 Cuadra DEL Subte Entre Rivadavia Y SAN Pedrito,575,910000,1583,4789,190,,zonaprop,https://www.zonaprop.com.ar/propiedades/clasificado/vecltrin-venta-terreno-flores:-575-m-sup2--corredor-medio-a-1-60171931.html,2026-10-04
Flores,Coronel Esteban Bonorino 170,425,650000,1529,,,usaa ,zonaprop,https://www.zonaprop.com.ar/propiedades/clasificado/vecltrin-oportunidad!-terreno-de-8.59-x-49.5-para-edificar-1479-59784888.html,2026-10-04
Flores,Boyacá 894,225,520000,2311,,,,zonaprop,https://www.zonaprop.com.ar/propiedades/clasificado/vecltrin-lote-unico!-59643026.html,2026-10-04
Flores,Nazca al 900,232,650000,2802,840,774,,zonaprop,https://www.zonaprop.com.ar/propiedades/clasificado/vecltrin-terreno-en-venta-en-nazca-900-flores-60008297.html,2026-10-04
Flores,Camacua al 200,229,490000,2140,860,570,usaa ,zonaprop,https://www.zonaprop.com.ar/propiedades/clasificado/vecltrin-terreno-en-flores-usaa-pb-7-pisos-2-retiros-a-59149258.html,2026-10-04
Flores,Gregorio de Laferrère 2513,190,198000,1042,,,pb + 5,zonaprop,https://www.zonaprop.com.ar/propiedades/clasificado/vecltrin-venta-de-galpon-terrero-en-flores-58757238.html,2026-10-04
Flores,Quirno y Av. Rivadavia,457,519900,1138,2083,250,pb + 10,zonaprop,https://www.zonaprop.com.ar/propiedades/clasificado/vecltrin-terreno-en-venta-en-flores-caba-apto-2100-m-sup2-58694207.html,2026-10-04
Flores,Caracas al 1500,333,260000,781,1810.13,144,usam 1,zonaprop,https://www.zonaprop.com.ar/propiedades/clasificado/vecltrin-venta-de-lote-de-8-64-m-x-38-54-m-usam-1447-30-60284534.html,2026-10-04
Flores,José Bonifacio 2997,188,480000,2553,1530,314,pb + 9,zonaprop,https://www.zonaprop.com.ar/propiedades/clasificado/vecltrin--oportunidad!-lote-en-venta-ideal-desarrollo-57130701.html,2026-10-04
Flores,José Martí al 100,145,230000,1586,1100,209,pb + 10,zonaprop,https://www.zonaprop.com.ar/propiedades/clasificado/vecltrin-venta-terreno-apto-desarrollo-en-flores-58349070.html,2026-10-04
Flores,"PEDERNERA 259. Entre Av Alberdi y Bonifacio, Jose",910,900000,989,,,,zonaprop,https://www.zonaprop.com.ar/propiedades/clasificado/vecltrin-lote.-pedernera-al-200-50024197.html,2026-10-04
Flores,Yerbal al 1700,262,560000,2137,2300,243,pb+ 2,zonaprop,https://www.zonaprop.com.ar/propiedades/clasificado/vecltrin-venta-de-terreno-ideal-para-desarrollo-inmobiliario-en-59361371.html,2026-10-04
Flores,Avenida  Varela al 600- Ideal Inversores,317,380000,1199,,,,zonaprop,https://www.zonaprop.com.ar/propiedades/clasificado/vecltrin-terreno-en-av-varelal-al-600-56500103.html,2026-10-04
Flores,Lafuente  al 1400,427,180000,422,372.86,483,,zonaprop,https://www.zonaprop.com.ar/propiedades/clasificado/vecltrin-terreno-en-flores-59456867.html,2026-10-04
Flores,Av. Avellaneda 2500,1216,500000,411,1590,314,,zonaprop,https://www.zonaprop.com.ar/propiedades/clasificado/vecltrin-espectacular-lote-sobre-av-avellaneda-y-artigas-1216-59013042.html,2026-10-04
Flores,José Bonifacio 2215,239,310000,1297,,,pb + 4,zonaprop,https://www.zonaprop.com.ar/propiedades/clasificado/vecltrin-lote-de-239-m-sup2--en-flores-gran-potencial-para-60054405.html,2026-10-04
Flores,Morón 2362,438,409000,934,,,,zonaprop,https://www.zonaprop.com.ar/propiedades/clasificado/vecltrin-oportunidad-terreno-en-esquina-ideal-proyecto-59452691.html,2026-10-04
Flores,R FALCON,700,1750000,2500,,,,zonaprop,https://www.zonaprop.com.ar/propiedades/clasificado/vecltrin-terreno-zona-residencial-55509129.html,2026-10-04
Flores,Bacacay 2400,291,448500,1541,,,,zonaprop,https://www.zonaprop.com.ar/propiedades/clasificado/vecltrin-terreno-lote-en-venta-ubicado-en-flores-capital-59529073.html,2026-10-04
Flores,Juan B. Justo  al 6100,181,300000,1657,,,usaa,zonaprop,https://www.zonaprop.com.ar/propiedades/clasificado/vecltrin-excelente-terreno-en-juan-b.-justo-esquina-concordia-59949562.html,2026-10-04
Flores,Avenida Coronel Esteban Bonorino e/ Falcon y Alberdi,472,600000,1271,,,,zonaprop,https://www.zonaprop.com.ar/propiedades/clasificado/vecltrin-terreno-en-venta-472-m-flores-60296224.html,2026-10-04
Flores,Quirno al 100,375,590000,1573,2300,257,,zonaprop,https://www.zonaprop.com.ar/propiedades/clasificado/vecltrin-venta-terreno-8.66x43.30-m-sup2--en-flores-59636945.html,2026-10-04
Flores,fray cayetano rodriguez 345. Entre Bogota y Bacacay,282,450000,1596,1800,250,pb + 5,zonaprop,https://www.zonaprop.com.ar/propiedades/clasificado/vecltrin-lote.-fray-cayetano-rodriguez-al-300-59929963.html,2026-10-04
Flores,AV Lafuente al 0,574,910000,1585,,,,zonaprop,https://www.zonaprop.com.ar/propiedades/clasificado/vecltrin-venta-de-terreno-de-535-m-sup2--en-flores-59757743.html,2026-10-04
Flores,Avenida Juan Bautista Alberdi y Lautaro,485,2100000,4330,,,,zonaprop,https://www.zonaprop.com.ar/propiedades/clasificado/vecltrin-terreno-en-venta-485-m-sup2--flores-60268248.html,2026-10-04
Flores,Caracas 75,145,330000,2276,866,381,pb + 10,zonaprop,https://www.zonaprop.com.ar/propiedades/clasificado/vecltrin-terreno-venta-flores-canje-a-convenir-a-100-m-de-56767549.html,2026-10-04
Flores,Av. Juan Bautista Alberdi 2800,278,770000,2770,2545,303,,zonaprop,https://www.zonaprop.com.ar/propiedades/clasificado/vecltrin-lote-con-demolicion-59900201.html,2026-10-04
Flores,Emilio Lamarca 27,191,320000,1675,1000,320,usaa 1,zonaprop,https://www.zonaprop.com.ar/propiedades/clasificado/vecltrin-lote-en-venta-en-flores-8.66-x-22-55916574.html,2026-10-04
Flores,Cnel. E. Bonorino 25,176,480000,2727,,,,zonaprop,https://www.zonaprop.com.ar/propiedades/clasificado/vecltrin-importante-terreno-con-edificio-comercial-y-local-en-60211885.html,2026-10-04
Flores,Pergamino 36,161,250000,1553,1015,246,,zonaprop,https://www.zonaprop.com.ar/propiedades/clasificado/vecltrin-terreno-para-1.000-m-sup2--vendibles-flores-59602759.html,2026-10-04
Flores,Páez 2618,153,197000,1288,,,,zonaprop,https://www.zonaprop.com.ar/propiedades/clasificado/vecltrin-flores-terreno-con-casa-y-garage-ideal-60169650.html,2026-10-04
Flores,Neuquen 2900,165,350000,2121,,,,zonaprop,https://www.zonaprop.com.ar/propiedades/clasificado/vecltrin-lote-en-venta-56505712.html,2026-10-04
Flores,Pergamino 1731,200,105000,525,,,usab 0,zonaprop,https://www.zonaprop.com.ar/propiedades/clasificado/vecltrin-venta-lote-8.73-x-22.95-m.-200-m-usab-0-60174574.html,2026-10-04
Flores,Av. Varela 1100. Entre Zuviria y Echeandia,322,165000,512,221.36,745,,zonaprop,https://www.zonaprop.com.ar/propiedades/clasificado/vecltrin-venta-terreno-sobre-av-varela-820-m-sup2--vendibles-59852177.html,2026-10-04
Flores,Av. Directorio al 3100,220,350000,1591,,,,zonaprop,https://www.zonaprop.com.ar/propiedades/clasificado/vecltrin-lote-sobre-la-av-ideal-edificio-en-flores-59506141.html,2026-10-04
Flores,Jose Marti 69. Entre Ramon falcon y Av. rivadavia,270,570000,2111,,,,zonaprop,https://www.zonaprop.com.ar/propiedades/clasificado/vecltrin-terreno-en-flores-sur-56126173.html,2026-10-04
Flores,"SAN PEDRITO, AV. 351. Entre Avenida directorio y José bonifacio",559,450000,805,1566,287,,zonaprop,https://www.zonaprop.com.ar/propiedades/clasificado/vecltrin-terreno-en-flores-para-construir-1957-m-sup2-.-56044729.html,2026-10-04
Flores,Terrada al 300,220,600000,2727,1200,500,,zonaprop,https://www.zonaprop.com.ar/propiedades/clasificado/vecltrin-terrada-al-300-terreno-51769326.html,2026-10-04
Flores,Av. Avellaneda 2482,136,450000,3309,1300,346,,zonaprop,https://www.zonaprop.com.ar/propiedades/clasificado/vecltrin-unico-terreno-en-venta-sobre-av-avellaneda!-8.66-m-x-53442335.html,2026-10-04
Flores,Mendez de Andes al 1800 Esquina Calcena,1570,1990000,1268,6500,306,,zonaprop,https://www.zonaprop.com.ar/propiedades/clasificado/vecltrin-venta-terreno-con-renta-en-flores-caballito-58288447.html,2026-10-04
Flores,Andres lamas 838,230,290000,1261,,,,zonaprop,https://www.zonaprop.com.ar/propiedades/clasificado/vecltrin-terreno-en-venta-p-1200-m-vendibles-andres-lamas-52465937.html,2026-10-04
Flores,Membrillar,500,450000,900,1600,281,usaa,zonaprop,https://www.zonaprop.com.ar/propiedades/clasificado/vecltrin-terreno-1600-m-vendibles-flores-9-mx45-m-59265463.html,2026-10-04
Flores,Crisóstomo Álvarez 2933,96,165000,1719,693,238,,zonaprop,https://www.zonaprop.com.ar/propiedades/clasificado/vecltrin-oportunidad-flores:-lote-usam-con-700-m-sup2-58941730.html,2026-10-04
Flores,Avenida Coronel Esteban Bonorino 170,432,600000,1389,,,pb + 7,zonaprop,https://www.zonaprop.com.ar/propiedades/clasificado/vecltrin-terreno-en-venta-flores-58855793.html,2026-10-04
Flores,Curapaligue al 100,186,399000,2145,,,usaa ,zonaprop,https://www.zonaprop.com.ar/propiedades/clasificado/vecltrin-lote-apto-edificar-flores-limite-caballito-60215857.html,2026-10-04
Flores,Primera Junta  al 2000,190,210000,1105,716,293,usab 2,zonaprop,https://www.zonaprop.com.ar/propiedades/clasificado/vecltrin-lote-en-venta-exc-ubicacion-de-flores.-59629661.html,2026-10-04
Flores,José Bonifacio 2341,968,1600000,1653,,,usaa,zonaprop,https://www.zonaprop.com.ar/propiedades/clasificado/vecltrin-lote-doble-frente-en-flores-bonifacio-y-membrillar!-58799288.html,2026-10-04
Flores,Rivera Indarte 112,500,660000,1320,20.6,32039,,zonaprop,https://www.zonaprop.com.ar/propiedades/clasificado/vecltrin-rivera-indarte-al-100-lote-en-excelente-ubicacion-51497589.html,2026-10-04
Flores,SAN Nicolas,320,1200000,3750,,,,zonaprop,https://www.zonaprop.com.ar/propiedades/clasificado/vecltrin-san-nicolas-al-400-apto-galeria-50843606.html,2026-10-04
Flores,Av. Gaona 3416/20,159,380000,2390,1175,323,,zonaprop,https://www.zonaprop.com.ar/propiedades/clasificado/vecltrin-terreno-de-159-m-sup2--en-venta-en-flores-norte-58059105.html,2026-10-04
Flores,Av Boyacá 632,485,850000,1753,,,,zonaprop,https://www.zonaprop.com.ar/propiedades/clasificado/vecltrin-boyaca-632-terreno-para-desarrollo-residencial-1735-56821963.html,2026-10-04
Flores,Ramon Falcon al 3400,408,490000,1201,,,,zonaprop,https://www.zonaprop.com.ar/propiedades/clasificado/vecltrin-terreno-flores-55100037.html,2026-10-04
Flores,Francisco Bilbao 2400,287,480000,1672,14.6,32877,,zonaprop,https://www.zonaprop.com.ar/propiedades/clasificado/vecltrin-4-ph-en-block-a-refac-s-lote-propio-de-8-66x33-14-id-60160448.html,2026-10-04
Flores,Av. Boyacá,2000,400000,200,,,,zonaprop,https://www.zonaprop.com.ar/propiedades/clasificado/vecltrin-terreno-en-venta-p-2000-m-vendibles-av-gaona-y-51870575.html,2026-10-04
Flores,Ramon Falcon 2035,88,300000,3409,,,,zonaprop,https://www.zonaprop.com.ar/propiedades/clasificado/vecltrin-terreno-en-flores-sur-56126163.html,2026-10-04
Flores,PORTELA 1171. Entre Primera Junta y Av Eva Peron,163,195000,1196,,,usam,zonaprop,https://www.zonaprop.com.ar/propiedades/clasificado/vecltrin-lote.-portela-al-1100-57537203.html,2026-10-04
Flores,Moron al 3600,374,830000,2219,,,,zonaprop,https://www.zonaprop.com.ar/propiedades/clasificado/vecltrin-floresta-lote-propio-8-66-x-43-30-apto-credito-59803115.html,2026-10-04
Flores,Condarco 300,150,175000,1167,,,usam ,zonaprop,https://www.zonaprop.com.ar/propiedades/clasificado/vecltrin-lote-propio-8-2-x-13-2-57302361.html,2026-10-04
Flores,Granaderos 61,390,830000,2128,2251,369,cm,zonaprop,https://www.zonaprop.com.ar/propiedades/clasificado/vecltrin-ubicado-en-una-zona-estrategica-de-flores-el-inmueble-58782101.html,2026-10-04
Flores,Francisco Bilbao  al 1900,152,290000,1908,,,usam,zonaprop,https://www.zonaprop.com.ar/propiedades/clasificado/vecltrin-venta-casa-en-lote-propio-en-flores-usam-plaza-60304571.html,2026-10-04
Flores,Azul al 300,286,250000,874,21453,12,Usaa ,zonaprop,https://www.zonaprop.com.ar/propiedades/clasificado/vecltrin-excelente-terreno-en-flores-calle-azul-y-alberdi-8-66-58630278.html,2026-10-04
Flores,"RIVERA INDARTE 900. Entre Av Eva Peron y Recuero, C.",92,129000,1402,,,,zonaprop,https://www.zonaprop.com.ar/propiedades/clasificado/vecltrin-oportunidad!-u$s-1228-x-m-sup2--venta-de-lote-en-54829412.html,2026-10-04
Flores,Juan B Alberdi  al 2900,397,650000,1637,2685,242,Cm,zonaprop,https://www.zonaprop.com.ar/propiedades/clasificado/vecltrin-venta-terreno-lote-flores-juan-bautista-alberdi-al-59493944.html,2026-10-04
Flores,"Bilbao, Francisco AV.  al 3100",272,240000,882,,,usab 1,zonaprop,https://www.zonaprop.com.ar/propiedades/clasificado/vecltrin-excelente-terreno-en-flores-lideres-en-terrenos-59612375.html,2026-10-04
Flores,Neuquen 2025,482,349000,724,1939.02,180,usab2,zonaprop,https://www.zonaprop.com.ar/propiedades/clasificado/vecltrin-lote-terreno-1300-m-sup2--vendibles-se-escuchan-60047970.html,2026-10-04
Flores,Fray Cayetano AL 400,289,445000,1540,,,usam,zonaprop,https://www.zonaprop.com.ar/propiedades/clasificado/vecltrin-venta-terreno-flores-60216143.html,2026-10-04
Flores,Felipe Vallese 3000,286,1350000,4720,,,,zonaprop,https://www.zonaprop.com.ar/propiedades/clasificado/vecltrin-terreno-lote-en-venta-en-flores-capital-federal-60005680.html,2026-10-04
Flores,"Vallese, Felipe al 2200",225,260000,1156,,,usab 1,zonaprop,https://www.zonaprop.com.ar/propiedades/clasificado/vecltrin-excelente-terreno-en-flores-lideres-en-terrenos-59522118.html,2026-10-04
Flores,Esteban Bonorino 154,678,1600000,2360,3515,455,,zonaprop,https://www.zonaprop.com.ar/propiedades/clasificado/vecltrin-terreno-doble-frente-en-flores-con-planos-aprobados-59496280.html,2026-10-04
Flores,Terrada 400,496,2400000,4839,,,,zonaprop,https://www.zonaprop.com.ar/propiedades/clasificado/vecltrin-terreno-lote-en-venta-en-flores-capital-federal-58872818.html,2026-10-04
Flores,AV Gaona 3800. Entre Cuenca y Concordia,268,1350000,5037,1520,888,,zonaprop,https://www.zonaprop.com.ar/propiedades/clasificado/vecltrin-venta-lote-8.83-40-apto-1500-m-sup2--vendibles-zona-58714598.html,2026-10-04
Flores,Fray Cayetano AL 400,289,490000,1696,1310,374,usam 1,zonaprop,https://www.zonaprop.com.ar/propiedades/clasificado/vecltrin-venta-terreno-con-casa-flores-distrito-usam-1300-59863698.html,2026-10-04
Flores,Neuquen 2700,295,340000,1153,,,usam ,zonaprop,https://www.zonaprop.com.ar/propiedades/clasificado/vecltrin-venta-deposito-galpon-oficinas-neuquen-2700-59390393.html,2026-10-04
Flores,Jose Bonifacio  al 2900,188,480000,2553,1530,314,pb + 9,zonaprop,https://www.zonaprop.com.ar/propiedades/clasificado/vecltrin-terreno-para-desarrollo-con-planos-aprobados-58718967.html,2026-10-04
Flores,Avenida Rivadavia  al 7137,1339,3500000,2614,6513,537,pb + 12,zonaprop,https://www.zonaprop.com.ar/propiedades/clasificado/vecltrin-venta-terreno-av-rivadavia-flores-60091053.html,2026-10-04
Flores,Culpina 485,256,400000,1562,,,,zonaprop,https://www.zonaprop.com.ar/propiedades/clasificado/vecltrin-terreno-en-venta-256-m-flores-59680718.html,2026-10-04
Flores,Fray Cayetano 418,289,490000,1696,1208,406,usam,zonaprop,https://www.zonaprop.com.ar/propiedades/clasificado/vecltrin-terreno-en-flores-59934257.html,2026-10-04
Flores,Av. San Pedrito 568,365,239000,655,,,pb + 5,zonaprop,https://www.zonaprop.com.ar/propiedades/clasificado/vecltrin-venta-de-lote-con-galpon-en-flores-59641643.html,2026-10-04
Flores,Neuquen 2025,482,349000,724,1939.02,180,usab2,zonaprop,https://www.zonaprop.com.ar/propiedades/clasificado/vecltrin-lote-terreno-1300-m-sup2--vendibles-se-escuchan-59764755.html,2026-10-04
Flores,Fray Cayetano Rodríguez e/ Avenida Avellaneda y Bogotá,1000,490000,490,,,,zonaprop,https://www.zonaprop.com.ar/propiedades/clasificado/vecltrin-terreno-en-venta-1000-m-sup2--flores-59884757.html,2026-10-04
Flores,Quirno 100,381,550000,1444,,,cm,zonaprop,https://www.zonaprop.com.ar/propiedades/clasificado/vecltrin-venta-lote-para-emprendimiento-en-flores-60140649.html,2026-10-04
Flores,Rivera Indarte 200,482,850000,1763,3223,264,pb + 9,zonaprop,https://www.zonaprop.com.ar/propiedades/clasificado/vecltrin-terreno-en-venta-482-m-sup2--flores-59866829.html,2026-10-04
Flores,Avenida Carabobo 700,306,510000,1667,,,,zonaprop,https://www.zonaprop.com.ar/propiedades/clasificado/vecltrin-venta-lote-sobre-av-carabobo-flores-60211156.html,2026-10-04
Flores,Emilio Lamarca  al 1200,130,250000,1923,,,,zonaprop,https://www.zonaprop.com.ar/propiedades/clasificado/vecltrin-emilio-lamarca-1200-terreno-54169468.html,2026-10-04
Flores,Méndez de Andés 2100,243,380000,1564,152.43,2493,,zonaprop,https://www.zonaprop.com.ar/propiedades/clasificado/vecltrin-venta-lote-con-casa-a-refaccionar-flores-60267060.html,2026-10-04
Flores,Bolivia 896,150,180000,1200,,,usam,zonaprop,https://www.zonaprop.com.ar/propiedades/clasificado/vecltrin-casa-lote-propio-de-8-70-x-18-usaam-59226922.html,2026-10-04
Flores,Aranguren 4068,243,450000,1852,,,,zonaprop,https://www.zonaprop.com.ar/propiedades/clasificado/vecltrin-aranguren-4068-57024632.html,2026-10-04
Flores,Pergamino 200,326,357900,1098,1876.25,191,,zonaprop,https://www.zonaprop.com.ar/propiedades/clasificado/vecltrin-excelente-oportunidad-de-inversion-en-floresta-60297551.html,2026-10-04
Flores,Moron 3531,239,999000,4180,217.609,4591,,zonaprop,https://www.zonaprop.com.ar/propiedades/clasificado/vecltrin-venta-lote-8-66x25-17-usab1-flores.-oportunidad-59001917.html,2026-10-04
Flores,Caracas 100,127,600000,4724,,,,zonaprop,https://www.zonaprop.com.ar/propiedades/clasificado/vecltrin-terreno-lote-en-venta-o-permuta-ubicado-en-flores-53877119.html,2026-10-04
Flores,Condarco 100,854,1650000,1932,7100,232,,zonaprop,https://www.zonaprop.com.ar/propiedades/clasificado/vecltrin-venta-terreno-doble-frente-en-flores-de-7.100-m-58421160.html,2026-10-04
Flores,Santander 3020. Entre Avenida Lafuente y Manco Capac,232,100000,431,,,,zonaprop,https://www.zonaprop.com.ar/propiedades/clasificado/vecltrin-venta-de-terreno-en-flores.-55971833.html,2026-10-04
Flores,Neuquen al 2600,743,805000,1083,496.84,1620,usam,zonaprop,https://www.zonaprop.com.ar/propiedades/clasificado/vecltrin-venta-terreno-doble-frente-flores-norte-60001717.html,2026-10-04
Flores,Miranda 4600,2000,3500000,1750,8800,398,,zonaprop,https://www.zonaprop.com.ar/propiedades/clasificado/vecltrin-deposito-en-venta-en-flores-capital-federal-buenos-60212110.html,2026-10-04
Flores,Avenida Directorio al 2900,330,550000,1667,2022,272,,zonaprop,https://www.zonaprop.com.ar/propiedades/clasificado/vecltrin-venta-de-lote-2000-m-construibles-flores-av-directorio-56965470.html,2026-10-04
Flores,Avenida San Pedrito 238,430,900000,2093,3337,270,pb + 11,zonaprop,https://www.zonaprop.com.ar/propiedades/clasificado/vecltrin-venta-de-lote-con-demolicion-y-con-proyecto-aprobado-57460693.html,2026-10-04
Flores,Avenida Juan Bautista Alberdi 2400,789,1750000,2218,5480,319,pb + 12,zonaprop,https://www.zonaprop.com.ar/propiedades/clasificado/vecltrin-oportunidad-p-desarrollo-lote-doble-av-alberdi-60235078.html,2026-10-04
Flores,José Bonifacio 2900,188,550000,2926,1514,363,usaa,zonaprop,https://www.zonaprop.com.ar/propiedades/clasificado/vecltrin-terreno-de-188-m-sup2--en-venta-en-flores-58987155.html,2026-10-04
Flores,LAFUENTE 100,157,350000,2229,1302,269,cm,zonaprop,https://www.zonaprop.com.ar/propiedades/clasificado/vecltrin-terreno-en-venta-en-flores-59290185.html,2026-10-04
Flores,Ramon Falcon 3170,1529,2200000,1439,,,pb + 7 + 2,zonaprop,https://www.zonaprop.com.ar/propiedades/clasificado/vecltrin-excelente-terreno-flores-apto-8452-m-sup2-47150438.html,2026-10-04
Flores,Cnel. E. Bonorino 25,176,480000,2727,,,,zonaprop,https://www.zonaprop.com.ar/propiedades/clasificado/vecltrin-importante-terreno-con-edificio-comercial-y-local-en-60026568.html,2026-10-04
Flores,Granaderos 500,221,365000,1652,,,usam ,zonaprop,https://www.zonaprop.com.ar/propiedades/clasificado/vecltrin-lote-usam-flores:-alta-demanda-y-excelente-precio-60163543.html,2026-10-04
Flores,Pergamino 1600,148,69000,466,,,usab 1,zonaprop,https://www.zonaprop.com.ar/propiedades/clasificado/vecltrin-lote-propio-148-m-sup2--flores-exc-ubicacion-usab-1-60171088.html,2026-10-04
Flores,Condarco 1100,800,370000,462,1551,239,pb + 5 + 2,zonaprop,https://www.zonaprop.com.ar/propiedades/clasificado/vecltrin-terreno-en-flores-60126490.html,2026-10-04
Flores,Artigas 62,910,1200000,1319,2850,421,pb + 9,zonaprop,https://www.zonaprop.com.ar/propiedades/clasificado/vecltrin-retasado!-excelente-lote-fte-a-plaza-14.29-x-32-50429166.html,2026-10-04
Flores,Paez 3300,180,550000,3056,,,,zonaprop,https://www.zonaprop.com.ar/propiedades/clasificado/vecltrin-terreno-lote-en-venta-en-flores-capital-federal-60211124.html,2026-10-04
Flores,Avenida Juan Bautista Alberdi 2900,296,690000,2331,2200,314,pb + 10,zonaprop,https://www.zonaprop.com.ar/propiedades/clasificado/vecltrin-venta-terreno-corredor-medio-10-x-30-2200-m-sup2-60117304.html,2026-10-04
Flores,rivera indarte 156,956,1999999,2092,1603,1248,,zonaprop,https://www.zonaprop.com.ar/propiedades/clasificado/vecltrin-lote-espectacular-lo-mejor-de-flores-doble-49560031.html,2026-10-04
Flores,"Primera Junta 3000. Entre CastaÑon y San pedrito, av.",259,200000,772,,,,zonaprop,https://www.zonaprop.com.ar/propiedades/clasificado/vecltrin-venta-de-lote-en-flores-54584856.html,2026-10-04
Flores,Andrés Lamas 832,900,370000,411,,,,zonaprop,https://www.zonaprop.com.ar/propiedades/clasificado/vecltrin-lote-propio-9-x-25-usam-apto-pb-7-pisos-59247513.html,2026-10-04
Flores,JUSTO JUAN B 5200,161,550000,3416,1371,401,,zonaprop,https://www.zonaprop.com.ar/propiedades/clasificado/vecltrin-terreno-en-venta-en-flores-58076873.html,2026-10-04
Flores,Avenida Lafuente 1223. Entre Echeandía y Zuviría,1890,850000,450,,,,zonaprop,https://www.zonaprop.com.ar/propiedades/clasificado/vecltrin-lote-de-1890-m-sup2--en-venta-en-flores.-57373001.html,2026-10-04
Flores,Jose Bonifacio  al 2900,188,480000,2553,1530,314,pb + 9,zonaprop,https://www.zonaprop.com.ar/propiedades/clasificado/vecltrin-terreno-en-flores-60064180.html,2026-10-04
Flores,Castañon al 1400,270,110000,407,,,,zonaprop,https://www.zonaprop.com.ar/propiedades/clasificado/vecltrin-terreno-8-66-x-31-26-59753711.html,2026-10-04
Flores,Quirno  50,340,550000,1618,2327,236,cm,zonaprop,https://www.zonaprop.com.ar/propiedades/clasificado/vecltrin-terreno-en-venta-en-flores-de-340-m-sup2-59774158.html,2026-10-04
Flores,Condarco al 100,320,900000,2812,2100,429,,zonaprop,https://www.zonaprop.com.ar/propiedades/clasificado/vecltrin-venta-terreno-en-flores-58063661.html,2026-10-04
Flores,Emilio Lamarca 27,191,320000,1675,1000,320,usaa 1,zonaprop,https://www.zonaprop.com.ar/propiedades/clasificado/vecltrin-lote-en-venta-en-flores-8.66-x-22-55916584.html,2026-10-04
Flores,Portela 0,410,540000,1317,1706.09,317,,zonaprop,https://www.zonaprop.com.ar/propiedades/clasificado/vecltrin-venta-lote-en-flores-60196301.html,2026-10-04
Flores,Avenida Lafuente al 1200,410,170000,415,,,,zonaprop,https://www.zonaprop.com.ar/propiedades/clasificado/vecltrin-terreno-410-m-sup2-59754054.html,2026-10-04
Flores,Dirección no informada,218,180000,826,,,,zonaprop,https://www.zonaprop.com.ar/propiedades/clasificado/vecltrin-flores.-jose-g-artigas-2024-56269686.html,2026-10-04
Flores,Esteban Bonorino 274,296,390000,1318,1744,224,,zonaprop,https://www.zonaprop.com.ar/propiedades/clasificado/vecltrin-lote-apto-construccion-1700-m-sup2--en-excelente-60167414.html,2026-10-04
Flores,RIVADAVIA,564,2100000,3723,5575,377,,zonaprop,https://www.zonaprop.com.ar/propiedades/clasificado/vecltrin-flores.-av-rivadavia-6100-terreno-de-12-m-de-frente-x-57294394.html,2026-10-04
Flores,Francisco Bilbao 2776,228,249000,1092,,,,zonaprop,https://www.zonaprop.com.ar/propiedades/clasificado/vecltrin-terreno-en-venta-de-9-x-26-en-av-bilbao-2776-58566541.html,2026-10-04
Flores,Avenida Directorio al 3100,220,330000,1500,1508,219,,zonaprop,https://www.zonaprop.com.ar/propiedades/clasificado/vecltrin-lote-en-venta-para-construccion-av-directorio-3100-55796729.html,2026-10-04
Flores,TERRADA 485,375,950000,2533,1300,731,usam ,zonaprop,https://www.zonaprop.com.ar/propiedades/clasificado/vecltrin-local-terrada-al-485-y-av-avellaneda-52893527.html,2026-10-04
Flores,Juan Bautista Alberdi 2600,223,295000,1323,,,,zonaprop,https://www.zonaprop.com.ar/propiedades/clasificado/vecltrin-terreno-fraccion-en-venta-en-flores-capital-federal-59934431.html,2026-10-04
Flores,Av. Juan Bautista Alberdi 1882,145,259000,1786,1300,199,pb + 10,zonaprop,https://www.zonaprop.com.ar/propiedades/clasificado/vecltrin-terreno-de-145-m-sup2--en-venta-en-flores!-59426764.html,2026-10-04
Flores,Primera Junta 2100,264,299000,1133,1619,185,,zonaprop,https://www.zonaprop.com.ar/propiedades/clasificado/vecltrin-lote-en-venta-1281-m-sup2--vendibles-en-flores-60273170.html,2026-10-04
Flores,Cesar Diaz al 4500,515,390000,757,346,1127,,zonaprop,https://www.zonaprop.com.ar/propiedades/clasificado/vecltrin-terreno-en-flores-59291499.html,2026-10-04
Flores,Páez 2200,177,300000,1695,,,,zonaprop,https://www.zonaprop.com.ar/propiedades/clasificado/vecltrin-venta-en-block-ph-2-unid-inversores-constructores-60170257.html,2026-10-04
Flores,Terrada al 1000,346,400000,1156,,,,zonaprop,https://www.zonaprop.com.ar/propiedades/clasificado/vecltrin-terreno-en-flores-60148401.html,2026-10-04
Flores,Portela 40,300,285000,950,,,pb + 1,zonaprop,https://www.zonaprop.com.ar/propiedades/clasificado/vecltrin-lote-con-gran-potencial-en-flores-usaa-mixtura-4-59845033.html,2026-10-04
Flores,Jose Bonifacio 3300,373,560000,1501,,,,zonaprop,https://www.zonaprop.com.ar/propiedades/clasificado/vecltrin-oportunidad-para-desarrolladores-lote-gran-potencial-59467304.html,2026-10-04
Flores,Bogota 2400,289,330000,1142,178,1854,usam,zonaprop,https://www.zonaprop.com.ar/propiedades/clasificado/vecltrin-venta-de-lote-en-flores-1200-m-sup2--vendible-aprox.-60121983.html,2026-10-04
Flores,Ramon Falcon  al 1800,283,298000,1053,,,,zonaprop,https://www.zonaprop.com.ar/propiedades/clasificado/vecltrin-casa-en-lote-propio-ramon-falcon-1800-entre-av-60239847.html,2026-10-04
Flores,AVENIDA GAONA,200,660000,3300,1519,434,,zonaprop,https://www.zonaprop.com.ar/propiedades/clasificado/vecltrin-esquina-lote-propio-sobre-av-56101707.html,2026-10-04
Flores,Caracas 100,125,600000,4800,,,,zonaprop,https://www.zonaprop.com.ar/propiedades/clasificado/vecltrin-terreno-lote-en-venta-ubicado-en-flores-capital-59356869.html,2026-10-04
Flores,Carabobo al 600 (retasado),322,390000,1211,,,,zonaprop,https://www.zonaprop.com.ar/propiedades/clasificado/vecltrin-terreno-en-carabobo-al-600-58353146.html,2026-10-04
Flores,Gavilán 252,325,480000,1477,,,,zonaprop,https://www.zonaprop.com.ar/propiedades/clasificado/vecltrin-lote-gavilan-252-m-edificables-2388-m-58526609.html,2026-10-04
Flores,Condarco al 800,421,499000,1185,257.5,1938,usam,zonaprop,https://www.zonaprop.com.ar/propiedades/clasificado/vecltrin-terreno-flores-excelente-ubicacion-y-oportunidad-60283054.html,2026-10-04
Flores,Lafuente 100,157,350000,2229,1786.2,196,,zonaprop,https://www.zonaprop.com.ar/propiedades/clasificado/vecltrin-venta-de-lote-en-flores-capital-federal-para-59309161.html,2026-10-04
Flores,Venancio Flores 3600,199,450000,2261,,,,zonaprop,https://www.zonaprop.com.ar/propiedades/clasificado/vecltrin-terreno-casa-deposito-en-venta-flores-59124634.html,2026-10-04
Flores,Av. Lafuente 1600. Entre Balbastro y Velazquez,143,85000,594,,,,zonaprop,https://www.zonaprop.com.ar/propiedades/clasificado/vecltrin-lote.-av-lafuente-al-1600-58577001.html,2026-10-04
Flores,Fray Cayetano Rodríguez 300,263,295000,1122,,,usam,zonaprop,https://www.zonaprop.com.ar/propiedades/clasificado/vecltrin-execelente-lote-en-flores-60192376.html,2026-10-04
Flores,Avenida Varela 728,353,265000,751,144.29,1837,usaa ,zonaprop,https://www.zonaprop.com.ar/propiedades/clasificado/vecltrin-venta-lote-ideal-desarrollo-av-varela-flores-60166582.html,2026-10-04
Flores,Lafuente 100,158,350000,2215,1740,201,pb + 10,zonaprop,https://www.zonaprop.com.ar/propiedades/clasificado/vecltrin-terreno-lote-en-venta-en-flores-capital-federal-59462453.html,2026-10-04
Flores,Ramón L. Falcón al 1700,881,1350000,1532,3314,407,pb + 10,zonaprop,https://www.zonaprop.com.ar/propiedades/clasificado/vecltrin-oportunidad-de-inversion-estrategica:-flores-56778574.html,2026-10-04
Flores,Coronel Esteban Bonorino 274,296,390000,1318,1744,224,,zonaprop,https://www.zonaprop.com.ar/propiedades/clasificado/vecltrin-lote-apto-1700-m-sup2--la-mejor-ubicacion-de-flores.-60268303.html,2026-10-04
Flores,Avenida Lafuente 800,98,159500,1628,,,usam 5,zonaprop,https://www.zonaprop.com.ar/propiedades/clasificado/vecltrin-lote-en-venta-en-esquina-flores-oportunidad-60308740.html,2026-10-04
Flores,Aranguren  al 2500,238,340000,1429,,,,zonaprop,https://www.zonaprop.com.ar/propiedades/clasificado/vecltrin-terreno-en-flores-venta-alquiler-57599052.html,2026-10-04
Flores,Avenida Directorio 3700,365,249000,682,22.8,10921,pb + 7,zonaprop,https://www.zonaprop.com.ar/propiedades/clasificado/vecltrin-venta-lote-usaa-floresta-1.173-m-sup2--vendibles-60105068.html,2026-10-04
Flores,Andrés Lamas  al 800,482,590000,1224,1250,472,usam ,zonaprop,https://www.zonaprop.com.ar/propiedades/clasificado/vecltrin-terreno-9-15-x-53.12-para-1250-m-sup2--vendibles-a-3-59253930.html,2026-10-04
Flores,avenida san pedrito 568. Entre Remedios de escalada y Tandil,369,260000,705,,,usam ,zonaprop,https://www.zonaprop.com.ar/propiedades/clasificado/vecltrin-venta-lote-con-galpon-en-flores-capital-federal-59883401.html,2026-10-04
Flores,Portela al 0-100,410,500000,1220,2141.74,233,,zonaprop,https://www.zonaprop.com.ar/propiedades/clasificado/vecltrin-lote-en-venta-usaa-flores-48341108.html,2026-10-04
Flores,Jose Bonifacio al 2600,154,320000,2078,1435,223,,zonaprop,https://www.zonaprop.com.ar/propiedades/clasificado/vecltrin-terreno-en-flores-60313804.html,2026-10-04
Flores,Luis Viale 2964,173,350000,2023,1490,235,,zonaprop,https://www.zonaprop.com.ar/propiedades/clasificado/vecltrin-terreno-en-venta-en-flores-1490-m-sup2--construibles-57916501.html,2026-10-04
Flores,SAN PEDRITO 200,420,1000000,2381,,,pb + 12,zonaprop,https://www.zonaprop.com.ar/propiedades/clasificado/vecltrin-terreno-en-venta-en-flores-55979001.html,2026-10-04
Flores,José Bonifacio y Pergamino,138,199000,1442,1300,153,usaa ,zonaprop,https://www.zonaprop.com.ar/propiedades/clasificado/vecltrin-venta-lote-en-esquina-baja-incidencia-oportunidad-57097228.html,2026-10-04
Flores,Granaderos 400,284,1490000,5246,1590,937,,zonaprop,https://www.zonaprop.com.ar/propiedades/clasificado/vecltrin-lote-flores-granaderos-400-para-4000-m-sup2-55002281.html,2026-10-04
Flores,Fray Cayetano Rodríguez -300-flores,464,145000,312,464,312,,zonaprop,https://www.zonaprop.com.ar/propiedades/clasificado/vecltrin-terreno-flores-56107356.html,2026-10-04
Flores,bolivia  471,410,800000,1951,,,,zonaprop,https://www.zonaprop.com.ar/propiedades/clasificado/vecltrin-lote-8-66-x-31-76-zona-r2b2.-44425494.html,2026-10-04
Flores,Calle Lafuente 400,353,200000,567,289.582,691,,zonaprop,https://www.zonaprop.com.ar/propiedades/clasificado/vecltrin-venta-lote-terreno-flores-excelente-ubicacion-60075300.html,2026-10-04
Flores,Lafuente 300,326,210000,644,1292.45,162,pb+7 + 2,zonaprop,https://www.zonaprop.com.ar/propiedades/clasificado/vecltrin-venta-terreno-lote-flores-usaa-2-pb-7-pisos-60155682.html,2026-10-04
Flores,Av. Rivadavia 6200,456,850000,1864,,,pb + 11,zonaprop,https://www.zonaprop.com.ar/propiedades/clasificado/vecltrin-venta-lote-flores-59994670.html,2026-10-04
Flores,General Venancio Flores 4500,190,175000,921,,,,zonaprop,https://www.zonaprop.com.ar/propiedades/clasificado/vecltrin-espectacular-lote-en-flores-de-190-m-y-construibles-57825191.html,2026-10-04
Flores,av directorio 3276. Entre Pergamino y Portela,303,450000,1485,,,,zonaprop,https://www.zonaprop.com.ar/propiedades/clasificado/vecltrin-lote.-av-directorio-al-3200-46609905.html,2026-10-04
Flores,Bolivia al 900,137,295000,2153,,,,zonaprop,https://www.zonaprop.com.ar/propiedades/clasificado/vecltrin-oportunidad-casa-en-venta-lote-para-terreno-o-local-58646940.html,2026-10-04
Flores,Jose Marti al 200,225,395000,1756,,,,zonaprop,https://www.zonaprop.com.ar/propiedades/clasificado/vecltrin-terreno-venta-en-flores-a-m-de-alberdi-8.66x26-m-60276668.html,2026-10-04
Flores,Emilio Lamarca 27,366,320000,874,,,usaa 1,zonaprop,https://www.zonaprop.com.ar/propiedades/clasificado/vecltrin-terreno-en-venta-en-flores-a-m-de-rivadavia-60008546.html,2026-10-04
Flores,Varela al 800,572,350000,612,2805,125,,zonaprop,https://www.zonaprop.com.ar/propiedades/clasificado/vecltrin-terreno-en-flores-53947482.html,2026-10-04
Flores,culpina 275,312,380000,1218,312,1218,,zonaprop,https://www.zonaprop.com.ar/propiedades/clasificado/vecltrin-culpina-275-flores-caba-lote-para-construir-312-52295791.html,2026-10-04
Flores,Méndez de Andes 1915,272,440000,1618,,,usam,zonaprop,https://www.zonaprop.com.ar/propiedades/clasificado/vecltrin-casa-en-venta-sobre-lote-propio-en-flores-norte-58205944.html,2026-10-04
Flores,José Bonifacio 2500,176,290000,1648,1163,249,,zonaprop,https://www.zonaprop.com.ar/propiedades/clasificado/vecltrin-venta-lote-flores-176-m-sup2--edificabilidad-u.-s.-60291138.html,2026-10-04
Flores,Rivadavia  al 8700,467,389000,833,,,,zonaprop,https://www.zonaprop.com.ar/propiedades/clasificado/vecltrin-oportunidad-terreno-en-flores-59087842.html,2026-10-04
Flores,Yerbal 1829. Entre Av. Boyaca y Terrero,280,400000,1429,,,ca,zonaprop,https://www.zonaprop.com.ar/propiedades/clasificado/vecltrin-lote.-yerbal-al-1800-58373398.html,2026-10-04
Flores,Avenida San Pedrito 0,956,3000000,3138,,,,zonaprop,https://www.zonaprop.com.ar/propiedades/clasificado/vecltrin-venta-galpon-para-estac.-logistica-flores-60195344.html,2026-10-04
Flores,Avenida Coronel Esteban Bonorino 200,170,269000,1582,,,,zonaprop,https://www.zonaprop.com.ar/propiedades/clasificado/vecltrin-lote-para-desarrollo-en-venta-flores-permuta!-60181848.html,2026-10-04
Flores,Pasaje Valle 5 (argerich al 500),103,500000,4854,,,,zonaprop,https://www.zonaprop.com.ar/propiedades/clasificado/vecltrin-terreno-en-flores-53905439.html,2026-10-04
Flores,Ensenada 149,326,449000,1377,,,,zonaprop,https://www.zonaprop.com.ar/propiedades/clasificado/vecltrin-lote-propio-2-ph-local-pb-54256681.html,2026-10-04
Flores,Culpina 200,407,485000,1192,2791,174,pb+7,zonaprop,https://www.zonaprop.com.ar/propiedades/clasificado/vecltrin-venta-lote-10-x-40-en-flores.-u.-s.-a.-a-58759367.html,2026-10-04
Flores,CONDARCO 0,854,1750000,2049,,,pb + 10,zonaprop,https://www.zonaprop.com.ar/propiedades/clasificado/vecltrin-terreno-en-venta-en-flores-50637401.html,2026-10-04
Flores,Avenida Juan B Justo 5500,166,250000,1506,,,,zonaprop,https://www.zonaprop.com.ar/propiedades/clasificado/vecltrin-terreno-en-venta-en-villa-santa-rita-capital-federal-60212163.html,2026-10-04
Flores,F BILBAO 3200,176,285000,1619,,,,zonaprop,https://www.zonaprop.com.ar/propiedades/clasificado/vecltrin-terreno-en-venta-en-flores-50637606.html,2026-10-04
Flores,"Av. Boyacá 108, C1406BHB Cdad. Autónoma de Buenos Aires, Argentina, Flores, Capital Federal, Argentina.",1500,420000,280,,,,zonaprop,https://www.zonaprop.com.ar/propiedades/clasificado/vecltrin-venta-lote-apto-1400-m-sup2--se-acepta-50-m-55585346.html,2026-10-04
Flores,Avenida Coronel Esteban Bonorino 600,233,250000,1073,,,,zonaprop,https://www.zonaprop.com.ar/propiedades/clasificado/vecltrin-excelente-lote-en-venta-en-flores.-bonorino-600-60254697.html,2026-10-04
Flores,General Venancio Flores 3479,158,750000,4747,,,,zonaprop,https://www.zonaprop.com.ar/propiedades/clasificado/vecltrin-terreno-unico-a-la-venta-en-floresta-flores-51753784.html,2026-10-04
Flores,Bogota 2500,839,750000,894,,,,zonaprop,https://www.zonaprop.com.ar/propiedades/clasificado/vecltrin-lote-bogota-al-2500-56765035.html,2026-10-04
Flores,Fray Luis Beltran 79. Entre Av. Rivadavia y Yerbal,217,600000,2765,312,1923,pb+ 10,zonaprop,https://www.zonaprop.com.ar/propiedades/clasificado/vecltrin-lote.-fray-luis-beltran-al-100-58373127.html,2026-10-04
Flores,Condarco 300,946,750000,793,2500,300,,zonaprop,https://www.zonaprop.com.ar/propiedades/clasificado/vecltrin-lote-en-venta-flores-norte-2500-m-sup2--vendibles-60121642.html,2026-10-04
Flores,Bacacay 2400,343,270000,787,10.39,25987,pb + 6,zonaprop,https://www.zonaprop.com.ar/propiedades/clasificado/vecltrin-venta-terreno-de-1342-m-sup2--vendibles-flores-60220598.html,2026-10-04
Flores,BOGOTA 2500,589,750000,1273,1565,479,,zonaprop,https://www.zonaprop.com.ar/propiedades/clasificado/vecltrin-terreno-en-venta-en-flores-50637578.html,2026-10-04
Flores,Avenida Varela 100,453,600000,1325,3264,184,cm,zonaprop,https://www.zonaprop.com.ar/propiedades/clasificado/vecltrin-venta-lote-flores-oportunidad-2600-m-sup2--vendibles-60140693.html,2026-10-04
Flores,Pedernera al 1700,267,110000,412,,,,zonaprop,https://www.zonaprop.com.ar/propiedades/clasificado/vecltrin-terreno-8-66-x-30-84-59753867.html,2026-10-04
Flores,Avenida Lafuente 700,313,380000,1214,1065,357,,zonaprop,https://www.zonaprop.com.ar/propiedades/clasificado/vecltrin-terreno-lote-en-venta-en-flores-capital-federal-60212121.html,2026-10-04
Flores,Fray Cayetano Rodríguez 300,277,449000,1621,1510,297,,zonaprop,https://www.zonaprop.com.ar/propiedades/clasificado/vecltrin-lote-flores-fray-cayetano-al-300-para-1510-m-sup2-56093447.html,2026-10-04
Flores,Ramon L Falcon al 2500,798,2099000,2630,,,,zonaprop,https://www.zonaprop.com.ar/propiedades/clasificado/vecltrin-lote-flores-ramon-l.-falcon-al-2500-muy-lindo-54600320.html,2026-10-04
Flores,Av Directorio Al 3000,295,849000,2878,1985,428,usaa,zonaprop,https://www.zonaprop.com.ar/propiedades/clasificado/vecltrin-lote-flores-av-directorio-al-3000-mucho-canje-53362689.html,2026-10-04
Flores,Juan Bautista Alberdi 2968,479,969000,2023,2404,403,cm,zonaprop,https://www.zonaprop.com.ar/propiedades/clasificado/vecltrin-lote-flores-juan-b.-alberdi-2968-para-2400-m-sup2-59216276.html,2026-10-04
Flores,Av Rivadavia 8300,952,1190000,1250,3934,302,,zonaprop,https://www.zonaprop.com.ar/propiedades/clasificado/vecltrin-lote-flores-av-rivadavia-8300-para-4720-m-sup2-56491424.html,2026-10-04
Flores,Fray Luis Beltran 300,121,235000,1942,,,usam,zonaprop,https://www.zonaprop.com.ar/propiedades/clasificado/vecltrin-lote-flores-fray-luis-beltran-al-300-para-950-56535603.html,2026-10-04
Flores,Juan Bautista Alberdi 3000,798,1950000,2444,6250,312,,zonaprop,https://www.zonaprop.com.ar/propiedades/clasificado/vecltrin-lote-flores-j.-b.-alberdi-al-3000-para-6250-m-sup2-55779848.html,2026-10-04
Flores,Juan Bautista Alberdi 2800,275,790000,2873,2300,343,,zonaprop,https://www.zonaprop.com.ar/propiedades/clasificado/vecltrin-lote-flores-juan-b.-alberdi-al-2800-casi-todo-canje-51605728.html,2026-10-04
Flores,CONDARCO 0,854,1750000,2049,,,pb + 10,zonaprop,https://www.zonaprop.com.ar/propiedades/clasificado/vecltrin-terreno-en-venta-en-flores-50637381.html,2026-10-04
Flores,Av. Eva Perón 3300,219,260000,1187,,,,zonaprop,https://www.zonaprop.com.ar/propiedades/clasificado/vecltrin-en-venta-terreno-en-flores-58283743.html,2026-10-04
Flores,Terrero 400,86,150000,1744,,,usam,zonaprop,https://www.zonaprop.com.ar/propiedades/clasificado/vecltrin-venta-casa-lote-terreno-usam-baja-plusvalia-60061394.html,2026-10-04
Flores,Avenida Juan Bautista Alberdi 2800,267,650000,2434,2625,248,pb + 10,zonaprop,https://www.zonaprop.com.ar/propiedades/clasificado/vecltrin-lote-en-venta-en-flores-10-pisos-2-retiros-60233298.html,2026-10-04
Flores,Felipe Vallese 3061,286,1400000,4895,,,,zonaprop,https://www.zonaprop.com.ar/propiedades/clasificado/vecltrpa-dueno-vende-lote-comercial-a-dos-cuadras-de-av-59930947.html,2026-10-04
Flores,Lautaro 536,299,600000,2007,,,,zonaprop,https://www.zonaprop.com.ar/propiedades/clasificado/vecltrpa-dueno-vende-excelente-terreno-ubicado-en-un-lugar-de-59933538.html,2026-10-04
Flores,Concordia 0,125,670000,5360,,,,zonaprop,https://www.zonaprop.com.ar/propiedades/clasificado/vecltrin-terreno-lote-en-venta-en-flores-sur-flores-capital-60211802.html,2026-10-04
Flores,Rivera Indarte  al 400,491,320000,652,,,,zonaprop,https://www.zonaprop.com.ar/propiedades/clasificado/vecltrin-terreno-en-flores-58881103.html,2026-10-04
Floresta,Dolores  465 a 30 mts de Av.directorio,261,230000,881,2567,90,pb + 7,zonaprop,https://www.zonaprop.com.ar/propiedades/clasificado/vecltrin-venta-lote-terreno-en-floresta-57588353.html,2026-10-04
Floresta,Emilio Lamarca al 1300,280,283500,1012,714,397,usab1,zonaprop,https://www.zonaprop.com.ar/propiedades/clasificado/vecltrin-venta-lote-de-10x27-apto-para-1100-m-sup2--de-60283970.html,2026-10-04
Floresta,Rivadavia 8341,470,610000,1298,2380,256,cm,zonaprop,https://www.zonaprop.com.ar/propiedades/clasificado/vecltrin-terreno-sobre-rivadavia-varios-usos.-oportunidad-lote-59147222.html,2026-10-04
Floresta,Mozart al 1400,420,150000,357,,,usab 1,zonaprop,https://www.zonaprop.com.ar/propiedades/clasificado/vecltrin-venta-lote-8-66-x-46-con-local-al-frente-59991676.html,2026-10-04
Floresta,Bacacay 3700,473,520000,1099,,,,zonaprop,https://www.zonaprop.com.ar/propiedades/clasificado/vecltrin-hotel-funcionando-35-habitaciones-habilitado-60120109.html,2026-10-04
Floresta,Pergamino 50,710,690000,972,352,1960,,zonaprop,https://www.zonaprop.com.ar/propiedades/clasificado/vecltrin-terreno-710-m-sup2--lote-doble-frente-unificado-60169810.html,2026-10-04
Floresta,Moron al 3600,374,830000,2219,,,,zonaprop,https://www.zonaprop.com.ar/propiedades/clasificado/vecltrin-floresta-lote-propio-8-66-x-43-30-apto-credito-59803837.html,2026-10-04
Floresta,Gaona AV.  al 4200,177,660000,3729,,,usaa,zonaprop,https://www.zonaprop.com.ar/propiedades/clasificado/vecltrin-excelente-terreno-en-floresta-lideres-en-terrenos-59206078.html,2026-10-04
Floresta,Jose Bonifacio  al 3600,172,250000,1453,850,294,,zonaprop,https://www.zonaprop.com.ar/propiedades/clasificado/vecltrin-lote-en-venta-en-floresta.-60299537.html,2026-10-04
Floresta,Ramon Falcon  al 4200,264,650000,2462,1700,382,,zonaprop,https://www.zonaprop.com.ar/propiedades/clasificado/vecltrin-terreno-en-floresta-60299567.html,2026-10-04
Floresta,AV Juan B Justo 6600. Entre Chivilcoy y Bahia Blanca,297,770000,2593,3200,241,usaa,zonaprop,https://www.zonaprop.com.ar/propiedades/clasificado/vecltrin-venta-lote-apto-construccion-floresta-58354464.html,2026-10-04
Floresta,Joaquin V. Gonzalez  al 2100,1190,349000,293,1190,293,,zonaprop,https://www.zonaprop.com.ar/propiedades/clasificado/vecltrin-terreno-en-floresta-55457900.html,2026-10-04
Floresta,Floresta Lote Joaquin V. Gonzalez 712 y Av. Gaona,268,345000,1287,,,,zonaprop,https://www.zonaprop.com.ar/propiedades/clasificado/vecltrin-floresta-lote-8.66-x-31-joaquin-v.-gonzalez-712-y-av-59160598.html,2026-10-04
Floresta,Ramon Falcon,148,206000,1392,915,225,pb + 7,zonaprop,https://www.zonaprop.com.ar/propiedades/clasificado/vecltrin-terreno-en-floresta-usaa-pb-7-pisos-2-retiros-59149265.html,2026-10-04
Floresta,Ensenada  al 100,261,395000,1513,,,usaa,zonaprop,https://www.zonaprop.com.ar/propiedades/clasificado/vecltrin-1570-m-sup2--vendibles-floresta-a-m-av-rivadavia-54395775.html,2026-10-04
Floresta,PJE. MAR DEL PLATA 1000,164,140000,854,,,,zonaprop,https://www.zonaprop.com.ar/propiedades/clasificado/vecltrin-lote-de-8.66-x-18.90-56300865.html,2026-10-04
Floresta,Floresta Lote Bahia Blanca y Cesar Diaz,1299,345000,266,,,,zonaprop,https://www.zonaprop.com.ar/propiedades/clasificado/vecltrin-floresta-lote-bahia-blanca-y-cesar-diaz-57074516.html,2026-10-04
Floresta,Juan B. Justo  al 6100,181,300000,1657,,,usaa,zonaprop,https://www.zonaprop.com.ar/propiedades/clasificado/vecltrin-excelente-terreno-en-juan-b.-justo-esquina-concordia-59949552.html,2026-10-04
Floresta,Gualeguaychu al 100,950,780000,821,3000,260,pb + 4,zonaprop,https://www.zonaprop.com.ar/propiedades/clasificado/vecltrin-gualeguaychu-al-100-triple-frente-usab-2-pb-4-pisos-60177501.html,2026-10-04
Floresta,Mercedes al 400,220,290000,1318,,,usab1,zonaprop,https://www.zonaprop.com.ar/propiedades/clasificado/vecltrin-terreno-lote-en-venta-floresta-58459749.html,2026-10-04
Floresta,Chivilcoy y Av. Avellaneda - Terreno en Venta 450 m2,492,690000,1402,,,,zonaprop,https://www.zonaprop.com.ar/propiedades/clasificado/vecltrin-lote-floresta-8-66-x-51.96-500-m-sup2--cub-44465798.html,2026-10-04
Floresta,Lacarra al 100,163,250000,1534,,,usaa,zonaprop,https://www.zonaprop.com.ar/propiedades/clasificado/vecltrin-terreno-en-venta-para-construir-950-m-sup2--en-59396817.html,2026-10-04
Floresta,Rafaela al 4100,147,435000,2959,,,usaa,zonaprop,https://www.zonaprop.com.ar/propiedades/clasificado/vecltrin-venta-lote-gran-oportunidad-de-inversion-centro-58693506.html,2026-10-04
Floresta,Rafaela al 4100,147,435000,2959,,,usaa,zonaprop,https://www.zonaprop.com.ar/propiedades/clasificado/vecltrin-terreno-floresta-58813645.html,2026-10-04
Floresta,Av. Rivadavia 8700,467,445000,953,,,pb + 6,zonaprop,https://www.zonaprop.com.ar/propiedades/clasificado/vecltrin-regio-lote-de-terrono-s-av-rivadavia-59160887.html,2026-10-04
Floresta,Benito Juarez y Juan A Garcia,272,250000,919,1285,195,usam,zonaprop,https://www.zonaprop.com.ar/propiedades/clasificado/vecltrin-lote-a-la-venta-en-floresta-55904507.html,2026-10-04
Floresta,Segurola 100,478,650000,1360,,,usaa ,zonaprop,https://www.zonaprop.com.ar/propiedades/clasificado/vecltrin-doble-lote-en-venta-floresta-58158847.html,2026-10-04
Floresta,Yerbal 4000,233,289000,1240,,,,zonaprop,https://www.zonaprop.com.ar/propiedades/clasificado/vecltrin-gran-oportunidad-lote-de-233-m-construibles-1250-57684553.html,2026-10-04
Floresta,Pergamino 100,150,190000,1267,,,,zonaprop,https://www.zonaprop.com.ar/propiedades/clasificado/vecltrin-venta-terreno-floresta-oportunidad-de-inversion-58283188.html,2026-10-04
Floresta,PORTELA 315 FLORESTA,135,199000,1474,,,,zonaprop,https://www.zonaprop.com.ar/propiedades/clasificado/vecltrin-portela-315-terreno-apto-edificio-por-su-excelente-52622756.html,2026-10-04
Floresta,Avenida Rivadavia al 9100,712,1650000,2317,,,pb + 7,zonaprop,https://www.zonaprop.com.ar/propiedades/clasificado/vecltrin-excelente-terreno-en-esquina-con-salida-a-3-calles-59347315.html,2026-10-04
Floresta,Avenida Rivadavia 8700,478,980000,2050,,,,zonaprop,https://www.zonaprop.com.ar/propiedades/clasificado/vecltrin-venta-lote-corredor-medio-3600-m-sup2--vendibles-60243548.html,2026-10-04
Floresta,Rivadavia 8614,398,560000,1407,,,,zonaprop,https://www.zonaprop.com.ar/propiedades/clasificado/vecltrin-floresta-rivadavia-8600-56006058.html,2026-10-04
Floresta,Yerbal 4600,925,650000,703,,,,zonaprop,https://www.zonaprop.com.ar/propiedades/clasificado/vecltrin-terreno-en-floresta-doble-frente-de-900-m-sup2-59521044.html,2026-10-04
Floresta,Pergamino 300,228,440000,1930,1365,322,usaa ,zonaprop,https://www.zonaprop.com.ar/propiedades/clasificado/vecltrin-terreno-de-228-m-sup2--en-floresta-ideal-proyecto-60035966.html,2026-10-04
Floresta,Baradero al 100,393,450000,1145,,,usaa,zonaprop,https://www.zonaprop.com.ar/propiedades/clasificado/vecltrin-terreno-floresta-lideres-en-terrenos-guimat-59207487.html,2026-10-04
Floresta,Cajaravilla 4100,353,250000,708,22.8,10965,,zonaprop,https://www.zonaprop.com.ar/propiedades/clasificado/vecltrin-venta-lote-u.-s.-a.-a-velez-sarsfield-acepta-m-60262039.html,2026-10-04
Floresta,Dolores  al 300,366,329000,899,,,usaa,zonaprop,https://www.zonaprop.com.ar/propiedades/clasificado/vecltrin-excelente-terreno-en-floresta-lideres-en-terrenos-59207511.html,2026-10-04
Floresta,Pergamino  al 200,369,320000,867,,,usaa,zonaprop,https://www.zonaprop.com.ar/propiedades/clasificado/vecltrin-excelente-terreno-en-floresta-lideres-en-terrenos-59207510.html,2026-10-04
Floresta,Bahía Blanca 1000,406,299000,736,,,usam,zonaprop,https://www.zonaprop.com.ar/propiedades/clasificado/vecltrin-lote-8-66-x-47-45-usam-1104-m-vendibles-60112078.html,2026-10-04
Floresta,Pergamino al 200,369,320000,867,,,usaa,zonaprop,https://www.zonaprop.com.ar/propiedades/clasificado/vecltrin-excelente-lote-en-floresta-a-mrs-de-alberdi-lideres-59207503.html,2026-10-04
Floresta,Av. Gaona al 4200,170,280000,1647,902,310,pb + 7,zonaprop,https://www.zonaprop.com.ar/propiedades/clasificado/vecltrin-terreno-en-floresta-flores-caba-60303210.html,2026-10-04
Floresta,Av. Gaona al 4200,170,280000,1647,902,310,pb + 7,zonaprop,https://www.zonaprop.com.ar/propiedades/clasificado/vecltrin-terreno-en-floresta-flores-caba-60303216.html,2026-10-04
Floresta,Bahia Blanca  al 1100,352,450000,1278,,,usam,zonaprop,https://www.zonaprop.com.ar/propiedades/clasificado/vecltrin-excelente-terreno-en-floresta-lideres-en-terrenos-59207586.html,2026-10-04
Floresta,Avenida Juan Bautista Justo e/ Mercedes y Gualeguaychú,138,320000,2319,138.86,2304,,zonaprop,https://www.zonaprop.com.ar/propiedades/clasificado/vecltrin-terreno-en-venta-138-86-m-sup2--floresta-59747693.html,2026-10-04
Floresta,Jose Bonifacio y Pergamino,156,350000,2244,,,,zonaprop,https://www.zonaprop.com.ar/propiedades/clasificado/vecltrin-terreno-en-venta-156.4-m-sup2--floresta-59791381.html,2026-10-04
Floresta,Ensenada  al 100,283,450000,1590,2124,212,pb + 7,zonaprop,https://www.zonaprop.com.ar/propiedades/clasificado/vecltrin-terreno-en-floresta-60148197.html,2026-10-04
Floresta,Ensenada  al 100,328,450000,1372,2056,219,pb + 7,zonaprop,https://www.zonaprop.com.ar/propiedades/clasificado/vecltrin-venta-terreno-floresta-59944114.html,2026-10-04
Floresta,Juan Bautista Alberdi 3782,196,398000,2031,1500,265,cm,zonaprop,https://www.zonaprop.com.ar/propiedades/clasificado/vecltrin-terreno-en-venta-en-floresta-para-1500-m-sup2-57854725.html,2026-10-04
Floresta,General Venancio Flores 4400,172,139000,808,560,248,,zonaprop,https://www.zonaprop.com.ar/propiedades/clasificado/vecltrin-venta-lote-floresta-560-m-construibles-60170128.html,2026-10-04
Floresta,Baradero 243,361,320000,886,1798,178,usaa,zonaprop,https://www.zonaprop.com.ar/propiedades/clasificado/vecltrin-lote-usaa-en-venta-altura-max-22.8-m-59392165.html,2026-10-04
Floresta,Dolores 400,215,200000,930,990.36,202,usaa ,zonaprop,https://www.zonaprop.com.ar/propiedades/clasificado/vecltrin-lote-en-floresta-214-6-m-sup2--prefactibilidad-990-m-60265500.html,2026-10-04
Floresta,Baradero,361,250000,693,,,pb + 7,zonaprop,https://www.zonaprop.com.ar/propiedades/clasificado/vecltrin-terreno-demolido-en-venta-en-floresta-sur-acepta-59342687.html,2026-10-04
Floresta,BAHIA BLANCA 1300. Entre R. Escalada De San Martín y Cesar Díaz,420,300000,714,1000,300,usam,zonaprop,https://www.zonaprop.com.ar/propiedades/clasificado/vecltrin-lote.-bahia-blanca-al-1300-59792943.html,2026-10-04
Floresta,"Joiaqui. V. Gonzalez 610, Floresta, Capital Federal, Argentina.",96,295000,3073,,,,zonaprop,https://www.zonaprop.com.ar/propiedades/clasificado/vecltrin-venta-lote-de-terreno-8.50-x-12-en-flores-para-53063236.html,2026-10-04
Floresta,Rivadavia 8152,356,620000,1742,,,,zonaprop,https://www.zonaprop.com.ar/propiedades/clasificado/vecltrin-lote-grande-de-8.66-x-40-altura-maxima-31-m-56892256.html,2026-10-04
Floresta,San Nicolas,237,350000,1477,1309,267,,zonaprop,https://www.zonaprop.com.ar/propiedades/clasificado/vecltrin-terreno-en-venta-san-nicolas-900-floresta-capital-55992652.html,2026-10-04
Floresta,Avenida Juan Bautista Justo 6800,165,299000,1812,1150,260,pb + 7,zonaprop,https://www.zonaprop.com.ar/propiedades/clasificado/vecltrin-terreno-en-av-juan-b.-justo-ideal-desarrollo-60241318.html,2026-10-04
Floresta,Av Directorio 3800,154,315000,2045,,,pb + 7,zonaprop,https://www.zonaprop.com.ar/propiedades/clasificado/vecltrin-lote-8.66x17.78.-c-demolicion-casa-2-plantas-.-46084924.html,2026-10-04
Floresta,Bahía Blanca,173,320000,1850,,,,zonaprop,https://www.zonaprop.com.ar/propiedades/clasificado/vecltrin-terreno-de-173-m-sup2--en-venta-en-floresta-norte-58255102.html,2026-10-04
Floresta,Av. Gaona 4822,424,850000,2005,,,,zonaprop,https://www.zonaprop.com.ar/propiedades/clasificado/vecltrin-lote-de-terreno-en-floresta-exxcelente-ubicacion-58310614.html,2026-10-04
Floresta,Av Mariano Acosta 439,360,220000,611,,,,zonaprop,https://www.zonaprop.com.ar/propiedades/clasificado/vecltrin-venta-propiedad-de-360-m-sobre-av-mariano-acosta-y-57410887.html,2026-10-04
Floresta,Avenida Avellaneda 3500,390,5600000,14359,,,,zonaprop,https://www.zonaprop.com.ar/propiedades/clasificado/vecltrin-unico-lote-en-venta-sobre-av-avellaneda-3500-zona-58264963.html,2026-10-04
Floresta,GUALEGUAYCHU 1900. Entre Alcaraz y Miranda,140,300000,2143,,,,zonaprop,https://www.zonaprop.com.ar/propiedades/clasificado/vecltrin-lote.-gualeguaychu-al-1900-46764270.html,2026-10-04
Floresta,Dolores  al 100,719,370000,515,1600,231,usaa,zonaprop,https://www.zonaprop.com.ar/propiedades/clasificado/vecltrin-terreno-en-venta-en-floresta-60034960.html,2026-10-04
Floresta,Azul al 300,375,360000,960,,,,zonaprop,https://www.zonaprop.com.ar/propiedades/clasificado/vecltrin-terreno-floresta-56681342.html,2026-10-04
Floresta,Morón 4700,286,399500,1397,560,713,,zonaprop,https://www.zonaprop.com.ar/propiedades/clasificado/vecltrin-lote-p-desarrollo-inmob.-zona-v.-sarsfield-v.-lur0-60243893.html,2026-10-04
Floresta,"RIO GRANDE 100. Entre Rafaela y Falcon, Ramon L., Cor.",312,225000,721,1418.93,159,pb + 7,zonaprop,https://www.zonaprop.com.ar/propiedades/clasificado/vecltrin-lote.-rio-grande-al-100-57175152.html,2026-10-04
Floresta,Av. Juan B. Justo al 6500,176,360000,2045,1200,300,,zonaprop,https://www.zonaprop.com.ar/propiedades/clasificado/vecltrin-terreno-en-floresta-58575347.html,2026-10-04
Floresta,AV. GAONA 4400,162,320000,1975,1448,221,,zonaprop,https://www.zonaprop.com.ar/propiedades/clasificado/vecltrin-lote-sobre-av-gaona-ideal-constructoras-57164823.html,2026-10-04
Floresta,Avenida San Pedrito 238,430,900000,2093,3337,270,pb + 11,zonaprop,https://www.zonaprop.com.ar/propiedades/clasificado/vecltrin-venta-de-lote-con-demolicion-y-con-proyecto-aprobado-57461242.html,2026-10-04
Floresta,Avenida Rivadavia 8300,958,1200000,1253,,,,zonaprop,https://www.zonaprop.com.ar/propiedades/clasificado/vecltrin-venta-lote-doble-frente-av-rivadavia-floresta-60258687.html,2026-10-04
Floresta,Joaquin V Gonzalez  al 1100,317,269000,849,1448,186,usam ,zonaprop,https://www.zonaprop.com.ar/propiedades/clasificado/vecltrin-lote-de-10-30-m-x-30-64-m-cod-edif.-u.-s.-a.-m-58128588.html,2026-10-04
Floresta,Ensenada 149,326,449000,1377,,,,zonaprop,https://www.zonaprop.com.ar/propiedades/clasificado/vecltrin-lote-propio-2-ph-local-pb-54256671.html,2026-10-04
Floresta,Av. Rivadavia 8400,570,780000,1368,3500,223,pb + 10,zonaprop,https://www.zonaprop.com.ar/propiedades/clasificado/vecltrin-lote-en-venta-en-floresta-con-3500-m-sup2--vendibles-59946197.html,2026-10-04
Floresta,segurola 85,478,650000,1360,,,usaa ,zonaprop,https://www.zonaprop.com.ar/propiedades/clasificado/vecltrin-lote.-segurola-al-100-58156021.html,2026-10-04
Floresta,Segurola 733,546,900000,1648,,,,zonaprop,https://www.zonaprop.com.ar/propiedades/clasificado/vecltrin-lote-de-terreno-de-17-x-37-60208275.html,2026-10-04
Floresta,Páez 3277,172,685000,3983,136.4,5022,usaa,zonaprop,https://www.zonaprop.com.ar/propiedades/clasificado/vecltrin-venta-de-terreno-con-potencial-para-edificio-59604845.html,2026-10-04
Floresta,José Bonifacio y Pergamino,138,199000,1442,1300,153,usaa ,zonaprop,https://www.zonaprop.com.ar/propiedades/clasificado/vecltrin-venta-lote-en-esquina-baja-incidencia-oportunidad-57097049.html,2026-10-04
Floresta,Cnel. Ramón L. Falcón. al 3400,422,470000,1114,3626.62,130,usaa,zonaprop,https://www.zonaprop.com.ar/propiedades/clasificado/vecltrin-lote-422-m-sup2--usaa-22-80-2-retiros-2.586-60105516.html,2026-10-04
Floresta,Dirección no informada,153,320000,2092,,,,zonaprop,https://www.zonaprop.com.ar/propiedades/clasificado/vecltrin-lote.-cacheuta-al-900-45132543.html,2026-10-04
Floresta,San Nicolas 460,1000,3500000,3500,,,,zonaprop,https://www.zonaprop.com.ar/propiedades/clasificado/vecltrin-terreno-en-venta-floresta-51753421.html,2026-10-04
Floresta,Av. Carrasco 700,247,310000,1255,,,,zonaprop,https://www.zonaprop.com.ar/propiedades/clasificado/vecltrin-lote-para-construir-7-plantas-subsuelo-cocheras-59916940.html,2026-10-04
Floresta,"Rivadavia, Av. al 8400",577,1000000,1733,4204.76,238,pb + 10,zonaprop,https://www.zonaprop.com.ar/propiedades/clasificado/vecltrin-terreno-en-av-rivadavia-8400-floresta-p-edificar-55131563.html,2026-10-04
Floresta,Avenida Gaona 3900,352,1280000,3636,1998,641,,zonaprop,https://www.zonaprop.com.ar/propiedades/clasificado/vecltrin-venta-terreno-usaa-pb-7-av-gaona-floresta-60273275.html,2026-10-04
Floresta,Ensenada 0,381,330000,866,,,,zonaprop,https://www.zonaprop.com.ar/propiedades/clasificado/vecltrin-lote-venta-floresta-excelente-ubicacion-60081830.html,2026-10-04
Floresta,Moreto 1792,178,310000,1742,,,,zonaprop,https://www.zonaprop.com.ar/propiedades/clasificado/vecltrin-lote-en-esquina-178-m-sup2-57631177.html,2026-10-04
Floresta,Juan B Justo 6900. Entre Esquina y Cacheuta,335,450000,1343,,,,zonaprop,https://www.zonaprop.com.ar/propiedades/clasificado/vecltrin-juan-b-justo-esquina-cacheuta-49342287.html,2026-10-04
Floresta,Joaquín V. González 700,265,350000,1321,,,,zonaprop,https://www.zonaprop.com.ar/propiedades/clasificado/vecltrin-terreno-8.66x-30-en-venta-en-floresta-norte-58860575.html,2026-10-04
Floresta,Tres Arroyos 3500,246,300000,1220,900,333,pb + 3,zonaprop,https://www.zonaprop.com.ar/propiedades/clasificado/vecltrin-amplio-terreno-para-construir-8-1-m-x-30-47-m-pb-60083131.html,2026-10-04
Floresta,Remedios 4700,147,150000,1020,,,,zonaprop,https://www.zonaprop.com.ar/propiedades/clasificado/vecltrin-lote-8.66x16.40-m-49313305.html,2026-10-04
Floresta,Azul  al 400,216,240000,1111,1242.05,193,usaa ,zonaprop,https://www.zonaprop.com.ar/propiedades/clasificado/vecltrin-terreno-en-floresta-60001698.html,2026-10-04
Floresta,Bahia Blanca al 1100,828,1000000,1208,,,,zonaprop,https://www.zonaprop.com.ar/propiedades/clasificado/vecltrin-terreno-en-floresta-58374432.html,2026-10-04
Floresta,Bahía Blanca 1154,426,450000,1056,208,2163,,zonaprop,https://www.zonaprop.com.ar/propiedades/clasificado/vecltrin-lote-en-venta-floresta-ideal-desarrolladores-59303171.html,2026-10-04
Floresta,San Blas al 4900,378,450000,1190,,,,zonaprop,https://www.zonaprop.com.ar/propiedades/clasificado/vecltrin-terreno-en-floresta-58882811.html,2026-10-04
Floresta,Avenida Lacarra 299,165,350000,2121,,,usaa,zonaprop,https://www.zonaprop.com.ar/propiedades/clasificado/vecltrin-venta-lote-ochava-58385464.html,2026-10-04
Floresta,Yerbal 3400,335,250000,746,,,pb + 7,zonaprop,https://www.zonaprop.com.ar/propiedades/clasificado/vecltrin-importante-terreno-yerbal-3466-floresta-57739589.html,2026-10-04
Floresta,Rafaela 3700,420,355000,845,,,,zonaprop,https://www.zonaprop.com.ar/propiedades/clasificado/vecltrin-casa-antigua-valor-terreno-8-60-x-49-55117205.html,2026-10-04
Floresta,Cnel. Ramón L. Falcón al 3300,227,279900,1233,1820,154,usaa ,zonaprop,https://www.zonaprop.com.ar/propiedades/clasificado/vecltrin-terreno-en-venta-para-desarrollo-en-floresta-55879006.html,2026-10-04
Floresta,Gualeguaychu 126,634,640000,1009,1600,400,,zonaprop,https://www.zonaprop.com.ar/propiedades/clasificado/vecltrin-excelente-terreno-42969006.html,2026-10-04
Floresta,Felipe Vallese 3900,186,235000,1263,1767.63,133,,zonaprop,https://www.zonaprop.com.ar/propiedades/clasificado/vecltrin-venta.-terreno.-felipe-vallese-3900.-floresta.-60173755.html,2026-10-04
Floresta,Gualeguaychú 645,220,220000,1000,,,,zonaprop,https://www.zonaprop.com.ar/propiedades/clasificado/vecltrin-excelente-lote-220-m-sup2--zona-residencial-hay-59087023.html,2026-10-04
Floresta,Pergamino 252,1600,1400000,875,,,,zonaprop,https://www.zonaprop.com.ar/propiedades/clasificado/vecltrin-terreno-en-venta-floresta-57450204.html,2026-10-04
Floresta,Aranguren 4272,244,299000,1225,,,,zonaprop,https://www.zonaprop.com.ar/propiedades/clasificado/vecltrin-floresta-hollywood.-entorno-sonado-de-grandes-casas-56631035.html,2026-10-04
Floresta,BARADERO 138,370,295000,797,2565,115,,zonaprop,https://www.zonaprop.com.ar/propiedades/clasificado/vecltrin-venta-terreno-calle-baradero-138-floresta-56148274.html,2026-10-04
Floresta,Joaquín V. González 1132,415,340000,819,1300.71,261,usam,zonaprop,https://www.zonaprop.com.ar/propiedades/clasificado/vecltrin-sensacional-lote-8-66-m-x-47-92-m-1300-m-sup2-58492568.html,2026-10-04
Floresta,Atahualpa 1100,122,215000,1762,,,usam,zonaprop,https://www.zonaprop.com.ar/propiedades/clasificado/vecltrin-casa-con-local-en-esquina-11x13-lote-propio-apto-50568891.html,2026-10-04
Floresta,Felipe Vallese 3000,283,1390000,4912,,,,zonaprop,https://www.zonaprop.com.ar/propiedades/clasificado/vecltrin-terreno-en-venta-floresta-56446599.html,2026-10-04
Floresta,San Nicolás  al 900,234,290000,1239,,,,zonaprop,https://www.zonaprop.com.ar/propiedades/clasificado/vecltrin-casa-en-floresta-58906267.html,2026-10-04
Floresta,Dolores al 300,359,360000,1003,,,,zonaprop,https://www.zonaprop.com.ar/propiedades/clasificado/vecltrin-dolores-al-300-floresta-cap-fed-lote-57125639.html,2026-10-04
Floresta,RAFAELA 3700,289,220000,761,,,usaa,zonaprop,https://www.zonaprop.com.ar/propiedades/clasificado/vecltrin-terreno-en-venta-en-floresta-56974513.html,2026-10-04
Floresta,Gualeguaychu 800,522,750000,1437,,,,zonaprop,https://www.zonaprop.com.ar/propiedades/clasificado/vecltrin-venta-lote-doble-frente-en-floresta-60190379.html,2026-10-04
Floresta,Av Gaona 4400,350,450000,1286,,,usaa,zonaprop,https://www.zonaprop.com.ar/propiedades/clasificado/vecltrin-lote-excelente-ubicacion-sobre-av-gaona-entre-mercedes-56145922.html,2026-10-04
Floresta,"BONIFACIO, JOSE 4043. Entre Av Lacarra y Laguna",278,159000,572,,,usaa,zonaprop,https://www.zonaprop.com.ar/propiedades/clasificado/vecltrin-lote-bonifacio-jose-al-4000-58100875.html,2026-10-04
Floresta,Miranda 4600,2000,3500000,1750,8800,398,,zonaprop,https://www.zonaprop.com.ar/propiedades/clasificado/vecltrin-terreno-lote-en-venta-en-flores-capital-federal-60212673.html,2026-10-04
Floresta,Joaquín V. González 700,265,420000,1585,250,1680,,zonaprop,https://www.zonaprop.com.ar/propiedades/clasificado/vecltrin-lote-en-excelente-ubicacion-para-uso-comercial-57580097.html,2026-10-04
Floresta,Yerbal 4546,308,380000,1234,1455,261,usaa ,zonaprop,https://www.zonaprop.com.ar/propiedades/clasificado/vecltrin-terreno-sup.308-m-sup2--vendible-1.455-m-sup2--a-2-c.-60126553.html,2026-10-04
Floresta,San Nicolas 300,294,500000,1701,,,,zonaprop,https://www.zonaprop.com.ar/propiedades/clasificado/vecltrin-venta-lote-floresta-57301350.html,2026-10-04
Floresta,Chivilcoy 1500,205,230000,1122,,,,zonaprop,https://www.zonaprop.com.ar/propiedades/clasificado/vecltrin-terreno-en-venta-en-floresta-capital-federal-buenos-60199436.html,2026-10-04
Floresta,Moron 3531,239,999000,4180,217.609,4591,,zonaprop,https://www.zonaprop.com.ar/propiedades/clasificado/vecltrin-venta-lote-8-66x25-17-usab1-flores.-oportunidad-60125163.html,2026-10-04
Floresta,Dolores 124,204,259990,1274,1166.9,223,pb + 7 + 2,zonaprop,https://www.zonaprop.com.ar/propiedades/clasificado/vecltrin-venta-lote-en-floresta-59068086.html,2026-10-04
Floresta,Av. Gaona  al 4400,162,480000,2963,1448,331,,zonaprop,https://www.zonaprop.com.ar/propiedades/clasificado/vecltrin-lote-sobre-av-gaona-ideal-constructoras-57414138.html,2026-10-04
Floresta,Dirección no informada,191,235000,1230,,,,zonaprop,https://www.zonaprop.com.ar/propiedades/clasificado/vecltrin-lote-8-66-x-21-90-x-23-20-zonficacion-u.-s.-a.-m-56410718.html,2026-10-04
Floresta,Carrasco 800,1180,250000,212,,,usam,zonaprop,https://www.zonaprop.com.ar/propiedades/clasificado/vecltrin-venta-lote-floresta-1180-mt-usam-mt-p-pago-60217658.html,2026-10-04
Floresta,Dirección no informada,155,140000,903,,,usab1,zonaprop,https://www.zonaprop.com.ar/propiedades/clasificado/vecltrin-terreno-en-flores-58105986.html,2026-10-04
Floresta,Segurola 500,269,259000,963,728,356,,zonaprop,https://www.zonaprop.com.ar/propiedades/clasificado/vecltrin-lote-floresta-segurola-500-zona-en-expansion-p-728-50843672.html,2026-10-04
Floresta,JUSTO JUAN B 7700,1049,800000,763,2650,302,usam,zonaprop,https://www.zonaprop.com.ar/propiedades/clasificado/vecltrin-terreno-en-venta-en-floresta-57936934.html,2026-10-04
Floresta,Mercedes 400,279,550000,1971,930,591,,zonaprop,https://www.zonaprop.com.ar/propiedades/clasificado/vecltrin-lote-floresta-mercedes-al-400-p-930-m-sup2--planos-44699111.html,2026-10-04
Floresta,SANTIAGO DE LAS CARRERAS 192. Entre Rafaela y Coronel Ramon Falcon,211,130000,616,1450,90,usaa ,zonaprop,https://www.zonaprop.com.ar/propiedades/clasificado/vecltrin-lote-en-venta-164-m-sup2--usaa-a-m-de-av-rivadavia-58932411.html,2026-10-04
Floresta,Baradero 200,210,197000,938,1336,147,usaa ,zonaprop,https://www.zonaprop.com.ar/propiedades/clasificado/vecltrin-venta-lote-floresta-60121818.html,2026-10-04
Floresta,Av Gaona 4000,345,1299000,3765,3250,400,,zonaprop,https://www.zonaprop.com.ar/propiedades/clasificado/vecltrin-lote-flores-norte-av-gaona-al-4000-para-3250-55108960.html,2026-10-04
Floresta,AV RIVADAVIA 8000,612,1350000,2206,,,,zonaprop,https://www.zonaprop.com.ar/propiedades/clasificado/vecltrin-lote.-av-rivadavia-al-8000-58870754.html,2026-10-04
Floresta,AV RIVADAVIA 8341/37. Entre Chivilcoy y Bahia Blanca,957,1100000,1149,3934,280,,zonaprop,https://www.zonaprop.com.ar/propiedades/clasificado/vecltrin-lote.-av-rivadavia-8341-37-58109343.html,2026-10-04
Velez Sarsfield,Fernandez  al 300,389,290000,746,2280,127,usaa ,zonaprop,https://www.zonaprop.com.ar/propiedades/clasificado/vecltrin-venta-de-terreno-en-velez-sarsfield-58993379.html,2026-10-04
Velez Sarsfield,CESAR DIAZ 5000,147,210000,1429,136.585,1538,usam,zonaprop,https://www.zonaprop.com.ar/propiedades/clasificado/vecltrin-excelente-lote-de-8.13-x-24.05-apto-para-construir-55795042.html,2026-10-04
Velez Sarsfield,Lacarra 100,159,175000,1101,1250,140,,zonaprop,https://www.zonaprop.com.ar/propiedades/clasificado/vecltrin-casa-con-terreno-159-m-sup2--en-velez-sarfield-56910086.html,2026-10-04
Velez Sarsfield,Av. Olivera 314,252,280000,1111,22.8,12281,usaa,zonaprop,https://www.zonaprop.com.ar/propiedades/clasificado/vecltrin-lote-en-venta-usaa-av-olivera-300-velez-59689861.html,2026-10-04
Velez Sarsfield,Gualeguaychu al 100,950,780000,821,3000,260,pb + 4,zonaprop,https://www.zonaprop.com.ar/propiedades/clasificado/vecltrin-gualeguaychu-al-100-triple-frente-usab-2-pb-4-pisos-58993185.html,2026-10-04
Velez Sarsfield,Rivadavia AV.  al 8700,1067,980000,918,,,pb + 10,zonaprop,https://www.zonaprop.com.ar/propiedades/clasificado/vecltrin-excelente-terreno-doble-frente-en-velez-sarsfield-59207660.html,2026-10-04
Velez Sarsfield,"Falcon, Ramon L.,cnel.  al 4500",448,240000,536,,,usab 1,zonaprop,https://www.zonaprop.com.ar/propiedades/clasificado/vecltrin-excelente-terreno-en-velez-sarsfield-lideres-en-59207731.html,2026-10-04
Velez Sarsfield,Fernandez al 300,389,270000,694,,,usaa,zonaprop,https://www.zonaprop.com.ar/propiedades/clasificado/vecltrin-excelente-terreno-en-velez-sarsfield-lideres-en-59207709.html,2026-10-04
Velez Sarsfield,Martinez Castro 283,338,520000,1538,211.264,2461,,zonaprop,https://www.zonaprop.com.ar/propiedades/clasificado/vecltrin-excelente-lote-p-desarrollo-inmobiliario-velez-57415546.html,2026-10-04
Velez Sarsfield,Bernaldes 1527,1300,235000,181,,,usam ,zonaprop,https://www.zonaprop.com.ar/propiedades/clasificado/vecltrin-pb-5-pisos-2-retiros-y-cocheras-59913245.html,2026-10-04
Velez Sarsfield,General César Díaz 4600,121,189900,1569,,,usam,zonaprop,https://www.zonaprop.com.ar/propiedades/clasificado/vecltrin-lote-621-m-sup2--vendibles-velez-sarsfield-60196274.html,2026-10-04
Velez Sarsfield,Avenida Juan B. Justo 7200,185,239000,1292,184.5,1295,,zonaprop,https://www.zonaprop.com.ar/propiedades/clasificado/vecltrin-lote-para-desarrollo-1541-m-vendibles-60297033.html,2026-10-04
Velez Sarsfield,Av. Dr. Juan Felipe Aranguren al 4500,1386,880000,635,,,,zonaprop,https://www.zonaprop.com.ar/propiedades/clasificado/vecltrin-terreno-velez-sarsfield-51235987.html,2026-10-04
Velez Sarsfield,Cervantes al 800,176,160000,909,,,usam,zonaprop,https://www.zonaprop.com.ar/propiedades/clasificado/vecltrin-terreno-en-villa-luro-velez-sarsfield-a-1-cuadra-de-52269766.html,2026-10-04
Velez Sarsfield,Rivadavia AV.  al 8500,186,630000,3387,,,pb + 10,zonaprop,https://www.zonaprop.com.ar/propiedades/clasificado/vecltrin-excelente-terreno-en-velez-sarsfield-lideres-en-60306811.html,2026-10-04
Velez Sarsfield,Coronel Ramón Lorenzo Falcón 4000,180,250000,1389,,,Pb + 7,zonaprop,https://www.zonaprop.com.ar/propiedades/clasificado/vecltrin-venta-lote-oportunidad-en-velez-sarfield-caba-60185410.html,2026-10-04
Velez Sarsfield,"BERMUDEZ 1500. Entre Gonzalez, elpidio y Garcia juan agustin",237,230000,970,,,,zonaprop,https://www.zonaprop.com.ar/propiedades/clasificado/vecltrin-venta-de-lote-en-velez-sarfield-58143317.html,2026-10-04
Velez Sarsfield,Ramon Falcon  al 4200,171,190000,1111,,,usaa,zonaprop,https://www.zonaprop.com.ar/propiedades/clasificado/vecltrin-excelente-terreno-en-velez-sarsfield-lideres-en-59207606.html,2026-10-04
Velez Sarsfield,Lacarra al 44/ 48,950,800000,842,5900,136,pb + 7,zonaprop,https://www.zonaprop.com.ar/propiedades/clasificado/vecltrin-terreno-con-edificio-o-para-desarrollo-en-velez-59623647.html,2026-10-04
Velez Sarsfield,Calderón de la Barca 1377,1540,450000,292,,,,zonaprop,https://www.zonaprop.com.ar/propiedades/clasificado/vecltrin-oportunidad-desarrolladores-1.540-m-sup2-59656735.html,2026-10-04
Velez Sarsfield,Bernaldes 1100,155,320000,2065,,,pb + 4,zonaprop,https://www.zonaprop.com.ar/propiedades/clasificado/vecltrin-lote-en-venta-veles-sarsfield-58820374.html,2026-10-04
Velez Sarsfield,Lacarra 257,300,199000,663,144,1382,,zonaprop,https://www.zonaprop.com.ar/propiedades/clasificado/vecltrin-descolado-inmueble-viejo-lote-de-terreno-de-56631333.html,2026-10-04
Velez Sarsfield,Atahualpa 900,137,135000,985,,,,zonaprop,https://www.zonaprop.com.ar/propiedades/clasificado/vecltrin-venta-lote-velez-sarsfield-60136750.html,2026-10-04
Velez Sarsfield,Avenida Lacarra 100,124,235000,1895,1326,177,,zonaprop,https://www.zonaprop.com.ar/propiedades/clasificado/vecltrin-lote-terreno-en-venta-velez-sarsfield-potencial-60207718.html,2026-10-04
Velez Sarsfield,Bermúdez 1000,383,330000,862,,,pb + 7,zonaprop,https://www.zonaprop.com.ar/propiedades/clasificado/vecltrin-venta-lote-excelentes-medidas-en-monte-castro-60124225.html,2026-10-04
Velez Sarsfield,Av. Rivadavia 8400,570,780000,1368,3500,223,pb + 10,zonaprop,https://www.zonaprop.com.ar/propiedades/clasificado/vecltrin-lote-en-venta-en-floresta-con-3500-m-sup2--vendibles-56950711.html,2026-10-04
Velez Sarsfield,Doctor Luis Beláustegui 4600,188,194000,1032,1137,171,usam,zonaprop,https://www.zonaprop.com.ar/propiedades/clasificado/vecltrin-terreno-en-velez-sarfield-usam-58692407.html,2026-10-04
Velez Sarsfield,Remedios de Escalada de San Martin 5000,215,280000,1302,1023,274,usam ,zonaprop,https://www.zonaprop.com.ar/propiedades/clasificado/vecltrin-lote-velez-sarsfield-60296248.html,2026-10-04
Velez Sarsfield,Avenida Juan B. Justo 7700,210,165000,786,,,,zonaprop,https://www.zonaprop.com.ar/propiedades/clasificado/vecltrin-casa-4-ambientes-regular-estado-lote-propio-con-59506541.html,2026-10-04
Velez Sarsfield,San Blas 4500,149,175000,1174,,,,zonaprop,https://www.zonaprop.com.ar/propiedades/clasificado/vecltrin-lote-propio-con-casa-para-refaccionar-o-demoler-59799650.html,2026-10-04
Velez Sarsfield,Juan B Justo 8100,340,250000,735,912,274,usab 1,zonaprop,https://www.zonaprop.com.ar/propiedades/clasificado/vecltrin-venta-lote-terreno-en-esquina-b.-velez-sobre-juan-b-56552765.html,2026-10-04
Velez Sarsfield,Calle R. Escalada de San Martin 4900,766,495000,646,2244.5,221,usam ,zonaprop,https://www.zonaprop.com.ar/propiedades/clasificado/vecltrin-venta-de-lote-para-desarrollo-en-velez-sarsfield-60131865.html,2026-10-04
Velez Sarsfield,Venancio flores 4500,177,175000,989,350,500,,zonaprop,https://www.zonaprop.com.ar/propiedades/clasificado/vecltrin-terreno-en-venta-en-velez-sarsfield-capital-federal-59852735.html,2026-10-04
Velez Sarsfield,Dr Luis Belaustegui 4842,136,135000,993,,,,zonaprop,https://www.zonaprop.com.ar/propiedades/clasificado/vecltrin-lote-136-m-sup2--ideal-constructor-pb-y-4-pisos-48903678.html,2026-10-04
Velez Sarsfield,C. Remedios Escalada de San Martin 5066,206,245000,1189,906,270,pb + 5,zonaprop,https://www.zonaprop.com.ar/propiedades/clasificado/vecltrin-terreno-edificable-en-velez-sarsfield-906-m-sup2-60185139.html,2026-10-04
Velez Sarsfield,Túpac Amaru 1069,346,250000,723,252,992,,zonaprop,https://www.zonaprop.com.ar/propiedades/clasificado/vecltrin-terreno-en-lote-de-8-66-x-40-59226972.html,2026-10-04
Velez Sarsfield,Avenida Carrasco 99,250,395000,1580,,,,zonaprop,https://www.zonaprop.com.ar/propiedades/clasificado/vecltrpa-lote-propio-en-esquina-58292153.html,2026-10-04
Villa Luro,Estevez Sagui al 100,162,210000,1296,1032,203,usaa,zonaprop,https://www.zonaprop.com.ar/propiedades/clasificado/vecltrin-venta-casa-10-ambientes-villa-luro-57770718.html,2026-10-04
Villa Luro,AV. Lope DE Vega al 1300,270,379000,1404,1200,316,,zonaprop,https://www.zonaprop.com.ar/propiedades/clasificado/vecltrin-lote-propio-de-7.79x34.65-m-en-av-lope-de-vega-al-1300-60087785.html,2026-10-04
Villa Luro,Av Escalada al 600,385,250000,649,1700,147,usaa,zonaprop,https://www.zonaprop.com.ar/propiedades/clasificado/vecltrin-venta-mataderos-terreno-casa-60253263.html,2026-10-04
Villa Luro,Avenida Rivadavia  al 9700,268,495000,1847,1829,271,pb + 10,zonaprop,https://www.zonaprop.com.ar/propiedades/clasificado/vecltrin-venta-terreno-en-villa-luro-para-desarrollo-av-59914210.html,2026-10-04
Villa Luro,Albariño al 175,260,640000,2462,1393,459,usaa ,zonaprop,https://www.zonaprop.com.ar/propiedades/clasificado/vecltrin-oportunidad-lote-usaa-unico-permuta-financiacion-59984017.html,2026-10-04
Villa Luro,Yerbal 5970,81,209000,2580,,,,zonaprop,https://www.zonaprop.com.ar/propiedades/clasificado/vecltrin-villa-luro:-venta-de-terreno-en-yerbal-5970-9-pisos-59598371.html,2026-10-04
Villa Luro,Moliere  al 800,241,209500,869,236.863,884,,zonaprop,https://www.zonaprop.com.ar/propiedades/clasificado/vecltrin-venta-casa-lote-en-villa-luro-8-66-x-28-acepta-58792167.html,2026-10-04
Villa Luro,Coronel Ramón Lorenzo Falcón 5082,207,360000,1739,1200,300,usaa,zonaprop,https://www.zonaprop.com.ar/propiedades/clasificado/vecltrin-venta-terreno-u.-s.-a.-a.-lorenzo-ramon-falcon-5000-60052071.html,2026-10-04
Villa Luro,Moliere  al 700,290,230000,793,,,,zonaprop,https://www.zonaprop.com.ar/propiedades/clasificado/vecltrin-terreno-en-villa-luro-59667085.html,2026-10-04
Villa Luro,Cervantes 126,300,369000,1230,2109,175,,zonaprop,https://www.zonaprop.com.ar/propiedades/clasificado/vecltrin-terreno-en-venta-excelente-ubicacion-casa-a-demoler-10-58639268.html,2026-10-04
Villa Luro,ESCALADA 76,329,320000,973,1734,185,usaa,zonaprop,https://www.zonaprop.com.ar/propiedades/clasificado/vecltrin-villa-luro-escalada-76-excelente-lote-para-56738073.html,2026-10-04
Villa Luro,Irigoyen 47,255,450000,1765,178.18,2526,,zonaprop,https://www.zonaprop.com.ar/propiedades/clasificado/vecltrin-venta:-lote-sobre-calle-irigoyen-a-m-de-av-rivadavia.-58646580.html,2026-10-04
Villa Luro,Juan B. Justo al 9100,879,1100000,1251,2700,407,usab 2,zonaprop,https://www.zonaprop.com.ar/propiedades/clasificado/vecltrin-terreno-en-venta-en-juan-b.-justo-9100-villa-luro-57626466.html,2026-10-04
Villa Luro,Irigoyen 47,225,450000,2000,998,451,,zonaprop,https://www.zonaprop.com.ar/propiedades/clasificado/vecltrin-lote-de-225-m-en-villa-luro-59179485.html,2026-10-04
Villa Luro,Avenida Escalada 76,1250,720000,576,1250,576,usaa,zonaprop,https://www.zonaprop.com.ar/propiedades/clasificado/vecltrin-lote-8.66x41-usaa-1250-m-sup2--vendibles-inmejorable-58228536.html,2026-10-04
Villa Luro,Yerbal  al 5800,332,395000,1190,1935,204,usam ,zonaprop,https://www.zonaprop.com.ar/propiedades/clasificado/vecltrin-venta-terreno-usam-en-villa-luro-59845570.html,2026-10-04
Villa Luro,Guardia Nacional 600,384,280000,729,1200,233,,zonaprop,https://www.zonaprop.com.ar/propiedades/clasificado/vecltrin-venta-de-lote-de-1200-m-sup2--vendibles-en-villa-luro-60261818.html,2026-10-04
Villa Luro,Leopardi 65,221,395000,1787,1842.56,214,,zonaprop,https://www.zonaprop.com.ar/propiedades/clasificado/vecltrin-casa-villa-luro-59716086.html,2026-10-04
Villa Luro,Avenida Lope de Vega 1000,156,350000,2244,,,usaa,zonaprop,https://www.zonaprop.com.ar/propiedades/clasificado/vecltrin-lote-8.65-x-18.02-ideal-desarrollo-inmobiliario-60268024.html,2026-10-04
Villa Luro,Calderón de la Barca 1016,228,205000,899,,,usab 0,zonaprop,https://www.zonaprop.com.ar/propiedades/clasificado/vecltrin-lote-de-terreno-en-venta-villa-luro-velez-sarsfield-58544791.html,2026-10-04
Villa Luro,Miranda,285,235000,825,,,usab1,zonaprop,https://www.zonaprop.com.ar/propiedades/clasificado/vecltrin-lote-residencial-cuadra-distinguida-970-m-sup2-58056267.html,2026-10-04
Villa Luro,Lope de Vega al 1000,328,525000,1601,,,pb + 6,zonaprop,https://www.zonaprop.com.ar/propiedades/clasificado/vecltrin-terreno-en-villa-luro-59538594.html,2026-10-04
Villa Luro,Juan B. Alberdi  al 4800,205,279000,1361,,,,zonaprop,https://www.zonaprop.com.ar/propiedades/clasificado/vecltrin-terreno-en-venta-en-j.-b.-alberdi-y-homero.-villa-luro-59698915.html,2026-10-04
Villa Luro,Av. Lope de Vega 407,142,139900,985,420,333,usab 1,zonaprop,https://www.zonaprop.com.ar/propiedades/clasificado/vecltrin-lote-en-venta-en-villa-luro-60036100.html,2026-10-04
Villa Luro,Corvalan al 300,133,250000,1880,,,pb + 4,zonaprop,https://www.zonaprop.com.ar/propiedades/clasificado/vecltrin-terreno-lote-en-venta-villa-luro-58986882.html,2026-10-04
Villa Luro,HOMERO 523. Entre Av. emilio castro y Alberdi,225,220000,978,,,,zonaprop,https://www.zonaprop.com.ar/propiedades/clasificado/vecltrin-terreno-en-venta-en-mataderos-apto-desarrollo-56488624.html,2026-10-04
Villa Luro,SAN Blas al 5500,397,290000,730,678,428,usab 2,zonaprop,https://www.zonaprop.com.ar/propiedades/clasificado/vecltrin-venta-lote-villa-luro-usab-2-60257560.html,2026-10-04
Villa Luro,DONIZZETTI 166/68/70,491,430000,876,1368,314,Pb +7,zonaprop,https://www.zonaprop.com.ar/propiedades/clasificado/vecltrin-venta-lote-491-m-sup2--1.368-m-sup2--vendibles.-pb-7-57718615.html,2026-10-04
Villa Luro,Moliere e/ San Blas y Camarones,228,219000,961,,,,zonaprop,https://www.zonaprop.com.ar/propiedades/clasificado/vecltrin-terreno-en-venta-228-m-sup2--villa-luro-59671062.html,2026-10-04
Villa Luro,Ramón Falcón al 6000,253,850000,3360,933.82,910,,zonaprop,https://www.zonaprop.com.ar/propiedades/clasificado/vecltrin-lote-en-villa-luro-a-una-cuadra-del-bulevar-53563918.html,2026-10-04
Villa Luro,Av Escalada al 600,385,250000,649,1700,147,usaa,zonaprop,https://www.zonaprop.com.ar/propiedades/clasificado/vecltrin-venta-mataderos-terreno-casa-60253254.html,2026-10-04
Villa Luro,Albariño 277,178,250000,1404,,,,zonaprop,https://www.zonaprop.com.ar/propiedades/clasificado/vecltrin-terreno-en-venta-8.66-m-x-20-m.-albarino-277-60276704.html,2026-10-04
Villa Luro,Manzoni 100,180,270000,1500,,,,zonaprop,https://www.zonaprop.com.ar/propiedades/clasificado/vecltrin-lote-8-66x20-60-m-59061559.html,2026-10-04
Villa Luro,VILLA LURO. AV RIVADAVIA 9540,181,490000,2707,,,,zonaprop,https://www.zonaprop.com.ar/propiedades/clasificado/vecltrin-villa-luro.-av-rivadavia-9540-terreno-8-66-x-21-m-60051860.html,2026-10-04
Villa Luro,Ramon Falcon 4864,265,300000,1132,191,1571,usaa 2,zonaprop,https://www.zonaprop.com.ar/propiedades/clasificado/vecltrin-venta-lote-8-x-33.22-villa-luro-56648139.html,2026-10-04
Villa Luro,Cnel. Ramón L. Falcón 5500,200,890000,4450,,,,zonaprop,https://www.zonaprop.com.ar/propiedades/clasificado/vecltrin-lote-9-94x18-m-unico-en-la-zona!-59047130.html,2026-10-04
Villa Luro,AV. RIVADAVIA,223,490000,2197,223.332,2194,,zonaprop,https://www.zonaprop.com.ar/propiedades/clasificado/vecltrin-lote-8-x-27-85-corredor-medio-52033975.html,2026-10-04
Villa Luro,Avenida Escalada 200,160,240000,1500,1460,164,,zonaprop,https://www.zonaprop.com.ar/propiedades/clasificado/vecltrin-terreno-8-66x23-excelente-ubicacion-57656147.html,2026-10-04
Villa Luro,Moliere 300,228,220000,965,753,292,usab 1,zonaprop,https://www.zonaprop.com.ar/propiedades/clasificado/vecltrin-venta-lote-8-70-m-x-26-47-m-26-37-m-villa-luro-60107566.html,2026-10-04
Villa Luro,Dante 60,220,490000,2227,22.8,21491,,zonaprop,https://www.zonaprop.com.ar/propiedades/clasificado/vecltrin-casa-valor-terreno-8-66-x-33-excelente-ubicacion!-55783311.html,2026-10-04
Villa Luro,Rivadavia 9200,112,319500,2853,,,,zonaprop,https://www.zonaprop.com.ar/propiedades/clasificado/vecltrin-maravilloso-terreno-en-venta-en-villa-luro.-gran-57934100.html,2026-10-04
Villa Luro,Rivadavia 10776,1200,400000,333,,,Pb + 9,zonaprop,https://www.zonaprop.com.ar/propiedades/clasificado/vecltrin-lote-en-venta-8-66-x-20-pb-9-pisos-todos-los-54576201.html,2026-10-04
Villa Luro,Ramon L Falcon 5200,384,450000,1172,1400,321,,zonaprop,https://www.zonaprop.com.ar/propiedades/clasificado/vecltrin-casa-valor-terreno-8.66x44-m-53644949.html,2026-10-04
Villa Luro,Patron 5300,1335,490000,367,,,,zonaprop,https://www.zonaprop.com.ar/propiedades/clasificado/vecltrin-venta-lote-villa-luro-para-hacer-13-pisos-51725423.html,2026-10-04
Villa Luro,Elpidio Gonzalez al 5600,480,340000,708,931,365,usab 2,zonaprop,https://www.zonaprop.com.ar/propiedades/clasificado/vecltrin-venta-lote-478-m-sup2--8.66-m-x-54.30-m-villa-luro-59266374.html,2026-10-04
Villa Luro,Avenida Rivadavia 9200,572,650000,1136,2500,260,,zonaprop,https://www.zonaprop.com.ar/propiedades/clasificado/vecltrin-venta-lote-villa-luro-apto-desarrollo-2500-m-sup2-60253089.html,2026-10-04
Villa Luro,Juan Agustín García 5702,220,370000,1682,832,445,usab 2,zonaprop,https://www.zonaprop.com.ar/propiedades/clasificado/vecltrin-venta-excelente-terreno-10-79-x-20-30-en-villa-luro-58519326.html,2026-10-04
Villa Luro,Albariño al 100,260,640000,2462,,,,zonaprop,https://www.zonaprop.com.ar/propiedades/clasificado/vecltrin-terreno-en-venta-8.66x30-m-en-la-mejor-zona-de-villa-55777061.html,2026-10-04
Villa Luro,Av Rivadavia al 10000,388,530000,1366,220.66,2402,,zonaprop,https://www.zonaprop.com.ar/propiedades/clasificado/vecltrin-terreno-en-villa-luro-60303007.html,2026-10-04
Villa Luro,Miralla al 100,370,400000,1081,13.5,29630,,zonaprop,https://www.zonaprop.com.ar/propiedades/clasificado/vecltrin-lote-370-m-sup2--c-construccion-a-demoler-ideal-58696836.html,2026-10-04
Villa Luro,Cortina 335,218,179900,825,,,,zonaprop,https://www.zonaprop.com.ar/propiedades/clasificado/vecltrin-venta-terreno-lote-emprendimiento-villa-luro-57417941.html,2026-10-04
Villa Luro,Dr Belaustegui 4800,136,140000,1029,,,,zonaprop,https://www.zonaprop.com.ar/propiedades/clasificado/vecltrin-lote.-dr-belaustegui-4800-47115350.html,2026-10-04
Villa Luro,Alcaraz  al 5500,229,350000,1528,1233,284,usam,zonaprop,https://www.zonaprop.com.ar/propiedades/clasificado/vecltrin-venta-terreno-villa-luro-usam-59690961.html,2026-10-04
Villa Luro,Zelada 4839,658,590000,897,,,,zonaprop,https://www.zonaprop.com.ar/propiedades/clasificado/vecltrin-gran-lote-de-17-32-m-x-38-34-m-43548921.html,2026-10-04
Villa Luro,DONIZETTI 223. Entre Rafaela y Cajaravilla,225,210000,933,232.5,903,,zonaprop,https://www.zonaprop.com.ar/propiedades/clasificado/vecltrin-lote-en-venta-villa-luro-49276139.html,2026-10-04
Villa Luro,Calderon De La Barca 712,104,185000,1779,99.601,1857,,zonaprop,https://www.zonaprop.com.ar/propiedades/clasificado/vecltrin-atenti-constructores-casa-en-lote-propio-9.00x11.56-59125438.html,2026-10-04
Villa Luro,Dirección no informada,471,289000,614,,,,zonaprop,https://www.zonaprop.com.ar/propiedades/clasificado/vecltrin-villa-luro:-yerbal-5800.-terreno-de-8-66-x-54-38-m-53795701.html,2026-10-04
Villa Luro,DONIZETTI 168. Entre Av. ramon falcon y Rafaela,489,430000,879,,,,zonaprop,https://www.zonaprop.com.ar/propiedades/clasificado/vecltrin-venta-de-lote-en-villa-luro-capital-federal-57943849.html,2026-10-04
Villa Luro,Ercilla 5296,86,169000,1965,520,325,,zonaprop,https://www.zonaprop.com.ar/propiedades/clasificado/vecltrin-lote-en-esquina-86-m-sup2-59188108.html,2026-10-04
Villa Luro,General César Díaz 5494,200,140000,700,700,200,,zonaprop,https://www.zonaprop.com.ar/propiedades/clasificado/vecltrin-terreno-en-esquina-59028359.html,2026-10-04
Villa Luro,Donizetti  541,259,335000,1293,,,,zonaprop,https://www.zonaprop.com.ar/propiedades/clasificado/vecltrin-v-luro-lote-8.66-x-29.91-superficie-maxima-a-construir-53619522.html,2026-10-04
Villa Luro,Bacacay  al 5300,158,168500,1066,,,usab,zonaprop,https://www.zonaprop.com.ar/propiedades/clasificado/vecltrin-terreno-en-villa-luro-56305377.html,2026-10-04
Villa Luro,Gomez De Fonseca 430,270,269900,1000,268.946,1004,,zonaprop,https://www.zonaprop.com.ar/propiedades/clasificado/vecltrin-toda-la-carne-al-asador-terreno-7.79x34.66-58110522.html,2026-10-04
Villa Luro,AV EMILIO CASTRO 5441. Entre Araujo y Corvalan,81,130000,1605,,,,zonaprop,https://www.zonaprop.com.ar/propiedades/clasificado/vecltrin-lote-en-venta-villa-luro-58857007.html,2026-10-04
Villa Luro,Elpidio Gonzalez  al 5300,1102,1500000,1361,886.064,1693,,zonaprop,https://www.zonaprop.com.ar/propiedades/clasificado/vecltrin-gran-lote-de-1.103-m-sup2--para-desarrollo-59714744.html,2026-10-04
Villa Luro,Bacacay al 4800,345,255000,739,,,,zonaprop,https://www.zonaprop.com.ar/propiedades/clasificado/vecltrin-casa-terreno-villa-luro-jardin-patio-cochera-60050126.html,2026-10-04
Villa Luro,White 150,2000,1200000,600,,,,zonaprop,https://www.zonaprop.com.ar/propiedades/clasificado/vecltrin-terreno-en-venta-ubicado-en-villa-luro-58847780.html,2026-10-04
Villa Luro,Juan Agustín García 5739,387,279000,721,306.286,911,usab 2,zonaprop,https://www.zonaprop.com.ar/propiedades/clasificado/vecltrin-lote-387-m-sup2--8.76-x-44.22-m-monte-castro-60016675.html,2026-10-04
Villa Luro,Avenida Rivadavia  AL 9270/72,569,330000,580,,,,zonaprop,https://www.zonaprop.com.ar/propiedades/clasificado/vecltrin-terreno-lote-venta-villa-luro-retasado-56763154.html,2026-10-04
Villa Luro,"DONIZETTI 560. Entre Av emilio castro y Alberdi, juan b., av.",131,185000,1412,,,,zonaprop,https://www.zonaprop.com.ar/propiedades/clasificado/vecltrin-venta-lote-en-villa-luro-retasado-53646819.html,2026-10-04
Villa Luro,Avenida Rivadavia 9600,422,595000,1410,1836,324,,zonaprop,https://www.zonaprop.com.ar/propiedades/clasificado/vecltrin-terreno-en-venta-en-villa-luro-capital-federal-59309404.html,2026-10-04
Villa Luro,Av. Rivadavia 9500,1010,2600000,2574,11980,217,,zonaprop,https://www.zonaprop.com.ar/propiedades/clasificado/vecltrin-venta-lote-villa-luro-10.050-m-sup2--vendibles-60275420.html,2026-10-04
Villa Luro,Manzoni 0,288,440000,1528,1755,251,,zonaprop,https://www.zonaprop.com.ar/propiedades/clasificado/vecltrin-venta-lote-villa-luro-usaa-inversor-60150718.html,2026-10-04
Villa Luro,Leopardi 100,492,500000,1016,2144,233,pb + 7,zonaprop,https://www.zonaprop.com.ar/propiedades/clasificado/vecltrin-venta-lote-villa-luro-1790-m-sup2--vendibles-15-60282841.html,2026-10-04
Villa Luro,GUARDIA NACIONAL 200,447,480000,1074,,,usab 2,zonaprop,https://www.zonaprop.com.ar/propiedades/clasificado/vecltrin-venta-lote-de-9-20-x-40-50-m-sup2--en-l-en-45314656.html,2026-10-04
Villa Luro,Yerbal al 4700,274,260000,949,,,usaa ,zonaprop,https://www.zonaprop.com.ar/propiedades/clasificado/vecltrin-lote-280-m-sup2--usaa.-56570367.html,2026-10-04
Villa Luro,Ramón Falcón al 4900,140,175000,1250,2450,71,usab2,zonaprop,https://www.zonaprop.com.ar/propiedades/clasificado/vecltrin-terreno-lote-en-venta-en-villa-luro-59096528.html,2026-10-04
Villa Luro,Guardia nacional 282. Entre Ercilla y Acassuso,433,699000,1614,2240,312,,zonaprop,https://www.zonaprop.com.ar/propiedades/clasificado/vecltrin-lote.-guardia-nacional-al-200-58372870.html,2026-10-04
Villa Luro,FONROUGE 700,834,350000,420,,,usab 2,zonaprop,https://www.zonaprop.com.ar/propiedades/clasificado/vecltrin-venta-lote-834-m-sup2--superdicie-total-parcela-384-59875244.html,2026-10-04
Villa Luro,Ramón Falcón 4832. Entre Homero y Donizetti,265,400000,1509,1875,213,,zonaprop,https://www.zonaprop.com.ar/propiedades/clasificado/vecltrin-lote.-ramon-falcon-al-4800-58372891.html,2026-10-04
Villa Luro,GUARDIA NACIONAL 282,450,650000,1444,2114,307,,zonaprop,https://www.zonaprop.com.ar/propiedades/clasificado/vecltrin-lote.-guardia-nacional-al-200-50556868.html,2026-10-04
Villa Luro,Av Rivadavia Al 9100,109,349000,3202,1182,295,cm,zonaprop,https://www.zonaprop.com.ar/propiedades/clasificado/vecltrin-lote-villa-luro-av-rivadavia-al-9100-en-esquina-52393352.html,2026-10-04
Villa Luro,Suecia 527. Entre Zelada y Pizarro,151,150000,993,400,375,pb+2,zonaprop,https://www.zonaprop.com.ar/propiedades/clasificado/vecltrin-lote.-suecia-al-500-58373077.html,2026-10-04
Villa Luro,Leopardi 181. Entre Ramon L. Falcon y Rafaela,207,290000,1401,1000,290,,zonaprop,https://www.zonaprop.com.ar/propiedades/clasificado/vecltrin-lote.-leopardi-al-100-58373171.html,2026-10-04
Villa Luro,Guardia Nacional 300,433,450000,1039,780,577,,zonaprop,https://www.zonaprop.com.ar/propiedades/clasificado/vecltrin-terreno-de-433-m-sup2--en-villa-luro-ideal-59521080.html,2026-10-04
Villa Luro,White 0,173,250000,1445,,,usaa,zonaprop,https://www.zonaprop.com.ar/propiedades/clasificado/vecltrin-venta-lote-para-construccion-9-pisos-en-villa-luro-60081094.html,2026-10-04
Villa Luro,Cnel. Ramon Falcon 5758. Entre Corvalan y Araujo,216,990000,4583,2242,442,pb+ 12,zonaprop,https://www.zonaprop.com.ar/propiedades/clasificado/vecltrin-lote.-cnel.-ramon-falcon-al-5700-58373155.html,2026-10-04
Villa Luro,Dante 100,219,550000,2511,2007,274,,zonaprop,https://www.zonaprop.com.ar/propiedades/clasificado/vecltrin-venta-lote-villa-luro-1675-m-sup2--vendibles-60140027.html,2026-10-04
Villa Luro,"DONIZETTI 142. Entre Falcon, Ramon L., Cor. y Rafela",1500,1980000,1320,732.18,2704,,zonaprop,https://www.zonaprop.com.ar/propiedades/clasificado/vecltrin-lote-en-venta-villa-luro-56017244.html,2026-10-04
Villa Luro,Avenida Lope de Vega 1300,270,350000,1296,,,,zonaprop,https://www.zonaprop.com.ar/propiedades/clasificado/vecltrin-terreno-lope-de-vega-1326-exclusivo-desarrollos-60149728.html,2026-10-04
Villa Luro,Av. Emilio Castro 5300,168,429900,2559,,,,zonaprop,https://www.zonaprop.com.ar/propiedades/clasificado/vecltrin-lote-s-av.-emilio-castro-apto-1020-m-sup2--vendibles-60197403.html,2026-10-04
Villa Luro,Patron 5379. Entre Basualdo y Araujo,111,479900,4323,111,4323,pb+9+2,zonaprop,https://www.zonaprop.com.ar/propiedades/clasificado/vecltrin-lote.-patron-al-5300-58373078.html,2026-10-04
Villa Luro,Donizetti 238. Entre Rafaela y Cajaravilla,344,250000,727,642,389,pb + 4,zonaprop,https://www.zonaprop.com.ar/propiedades/clasificado/vecltrin-lote.-donizetti-al-200-59837001.html,2026-10-04
Villa Luro,Homero 100,140,210000,1500,7.76,27062,pb + 7,zonaprop,https://www.zonaprop.com.ar/propiedades/clasificado/vecltrin-lote-venta-v.-luro-pb-7-p-2-retiros-860-m-sup2-60293527.html,2026-10-04
Liniers,Ramon Falcon  al 6500,180,350000,1944,,,,zonaprop,https://www.zonaprop.com.ar/propiedades/clasificado/vecltrin-terreno-en-liniers-60299489.html,2026-10-04
Liniers,Saladillo Nº1162,157,160000,1019,500,320,,zonaprop,https://www.zonaprop.com.ar/propiedades/clasificado/vecltrin-venta-terreno-liniers-59441470.html,2026-10-04
Liniers,Martiniano Leguizamón al 600,811,900000,1110,663.45,1357,,zonaprop,https://www.zonaprop.com.ar/propiedades/clasificado/vecltrin-lote-en-venta-de-811.70-m-sup2--en-liniers-60299613.html,2026-10-04
Liniers,Peribebuy al 6700,131,185000,1412,,,,zonaprop,https://www.zonaprop.com.ar/propiedades/clasificado/vecltrin-lote-ideal-constructor-132-m-sup2-59191867.html,2026-10-04
Liniers,Ventura Bosch al 6600,172,270000,1570,843,320,pb + 5,zonaprop,https://www.zonaprop.com.ar/propiedades/clasificado/vecltrin-terreno-liniers-53142066.html,2026-10-04
Liniers,Fonrouge al 500,389,320000,823,190,1684,usab 2,zonaprop,https://www.zonaprop.com.ar/propiedades/clasificado/vecltrin-terreno-en-fonrouge-al-500-56990996.html,2026-10-04
Liniers,Martiniano Leguizamon 254. Entre Ibarrola y Ventura bosch,266,240000,902,,,,zonaprop,https://www.zonaprop.com.ar/propiedades/clasificado/vecltrin-lote.-martiniano-leguizamon-al-200-59441282.html,2026-10-04
Liniers,TIMOTEO GORDILLO 1240,329,280000,851,990,283,usab2,zonaprop,https://www.zonaprop.com.ar/propiedades/clasificado/vecltrin-liniers-lote-ideal-constructor-49061419.html,2026-10-04
Liniers,Av. Rivadavia 10101. Entre Basualdo y Araujo,316,1490000,4715,,,,zonaprop,https://www.zonaprop.com.ar/propiedades/clasificado/vecltrin-lote.-av-rivadavia-al-10100-58373411.html,2026-10-04
Liniers,Zequeira 5427. Entre Araujo y Corvalan,141,175000,1241,1000,175,pb+5+2,zonaprop,https://www.zonaprop.com.ar/propiedades/clasificado/vecltrin-lote.-zequeira-al-5400-58373038.html,2026-10-04
Liniers,Cafayate al 600,272,211000,776,617,342,usab2,zonaprop,https://www.zonaprop.com.ar/propiedades/clasificado/vecltrin-lote-8.66-x-31-617-m-vendibles-segun-proyecto-56726438.html,2026-10-04
Liniers,Tonelero 6890. Entre Timoteo Gordillo y Cañada De Gomez,152,250000,1645,,,,zonaprop,https://www.zonaprop.com.ar/propiedades/clasificado/vecltrin-lote.-tonelero-al-6800-58373033.html,2026-10-04
Liniers,Av Lisandro de la Torre al 700,240,230000,958,1369,168,pb + 5,zonaprop,https://www.zonaprop.com.ar/propiedades/clasificado/vecltrin-terreno-en-liniers-57691348.html,2026-10-04
Liniers,Acassuso al 6500,162,200000,1235,,,usaa ,zonaprop,https://www.zonaprop.com.ar/propiedades/clasificado/vecltrin-terreno-en-venta-en-liniers-57548835.html,2026-10-04
Liniers,Jose Leon Suarez 881. Entre Peribebuy y Estero bellaco,238,230000,966,,,,zonaprop,https://www.zonaprop.com.ar/propiedades/clasificado/vecltrin-lote-en-venta-con-plano-aprobado-liniers-58881024.html,2026-10-04
Liniers,IBARROLA,250,250000,1000,,,,zonaprop,https://www.zonaprop.com.ar/propiedades/clasificado/vecltrin-casa-en-lote-propio-sobre-lote-de-11-de-frente-por-56921680.html,2026-10-04
Liniers,PIZARRO 5812,167,215000,1287,,,,zonaprop,https://www.zonaprop.com.ar/propiedades/clasificado/vecltrin-casa-cuatro-ambientes-terreno-8-73-57032900.html,2026-10-04
Liniers,Cafayate al 600,166,190000,1145,650,292,pb + 4,zonaprop,https://www.zonaprop.com.ar/propiedades/clasificado/vecltrin-terreno-en-cafayate-al-600-56544408.html,2026-10-04
Liniers,Montiel 1212. Entre Garcia de cossio y Caaguazu,145,149000,1028,,,pb + 4,zonaprop,https://www.zonaprop.com.ar/propiedades/clasificado/vecltrin-lote.-montiel-al-1200-59148998.html,2026-10-04
Liniers,Murguiondo al 1000,213,180000,845,432,417,usab 0,zonaprop,https://www.zonaprop.com.ar/propiedades/clasificado/vecltrin-terreno-en-liniers-58943020.html,2026-10-04
Liniers,Amadeo Jacques al 6900,563,281000,499,1664,169,usab0,zonaprop,https://www.zonaprop.com.ar/propiedades/clasificado/vecltrin-terreno-y-casa-a-refacciona-completa-con-3-locales-59192873.html,2026-10-04
Liniers,Montiel 1127. Entre Pje. Onesimo Leguizamon y Tonelero,173,155000,896,,,,zonaprop,https://www.zonaprop.com.ar/propiedades/clasificado/vecltrin-lote.-montiel-al-1100-59789536.html,2026-10-04
Liniers,MIRALLA 382. Entre Patron y Acasusso,250,340000,1360,,,usab,zonaprop,https://www.zonaprop.com.ar/propiedades/clasificado/vecltrin-lote-vivienda-doble-en-liniers-58496957.html,2026-10-04
Liniers,lisandro de la torre 1228,123,180000,1463,9171,20,,zonaprop,https://www.zonaprop.com.ar/propiedades/clasificado/vecltrin-liniers-mataderos-lote-s-av.-lisandro-de-la-torre-y-54792672.html,2026-10-04
Liniers,Murguiondo 560. Entre Tonelero y Caaguazu,562,499000,888,,,pb+ 2,zonaprop,https://www.zonaprop.com.ar/propiedades/clasificado/vecltrin-lote.-murguiondo-al-500-58373009.html,2026-10-04
Liniers,Fonrouge 536. Entre Acassuso y Patron,225,335000,1489,,,,zonaprop,https://www.zonaprop.com.ar/propiedades/clasificado/vecltrin-lote.-fonrouge-al-500-58373348.html,2026-10-04
Liniers,Av. Lisandro de la Torre 386. Entre Ventura bosch y Palmar,235,390000,1660,,,,zonaprop,https://www.zonaprop.com.ar/propiedades/clasificado/vecltrin-venta-lote-en-liniers-59725889.html,2026-10-04
Liniers,Ramon L Falcon 6600,199,350000,1759,,,,zonaprop,https://www.zonaprop.com.ar/propiedades/clasificado/vecltrin-terreno-en-liniers-de-199-m-sup2--fot-3-45-ideal-59521045.html,2026-10-04
Liniers,Carhue 1171. Entre Garcia De Cossio y Caaguazu,147,179000,1218,,,,zonaprop,https://www.zonaprop.com.ar/propiedades/clasificado/vecltrin-lote.-carhue-al-1100-58373016.html,2026-10-04
Liniers,Andalgala 1000,372,290000,780,11060,26,,zonaprop,https://www.zonaprop.com.ar/propiedades/clasificado/vecltrin-lote-en-venta-en-liniers-p-construir-372-m.-fot:1.6-59521055.html,2026-10-04
Liniers,Cosquin  al 1000,390,530000,1359,,,,zonaprop,https://www.zonaprop.com.ar/propiedades/clasificado/vecltrin-terreno-en-liniers-60299586.html,2026-10-04
Liniers,Rivadavia e/ Fonrouge y Tuyú,170,400000,2353,161.282,2480,,zonaprop,https://www.zonaprop.com.ar/propiedades/clasificado/vecltrin-terreno-en-venta-170-m-sup2--liniers-60310238.html,2026-10-04
Liniers,Patrón al 7200,333,420000,1261,1079,389,usab 2,zonaprop,https://www.zonaprop.com.ar/propiedades/clasificado/vecltrin-lote-en-venta-usab2-1.072-m-sup2--vendibles-liniers-59915936.html,2026-10-04
Liniers,Montiel al 900,312,350000,1122,,,usab 0,zonaprop,https://www.zonaprop.com.ar/propiedades/clasificado/vecltrin-excelente-terreno-en-liniers-lideres-en-terrenos-60119254.html,2026-10-04
Liniers,Avenida Rivadavia 10531,309,570000,1845,22.8,25000,,zonaprop,https://www.zonaprop.com.ar/propiedades/clasificado/vecltrin-venta-lote-sobre-av-rivadavia-al-10500-distrito-usaa-59498398.html,2026-10-04
Liniers,Carhue  al 1100,147,175000,1190,548,319,,zonaprop,https://www.zonaprop.com.ar/propiedades/clasificado/vecltrin-venta-de-lote-en-liniers-58730745.html,2026-10-04
Liniers,AVENIDA GENERAL PAZ 11200,262,139000,531,574,242,usab 0,zonaprop,https://www.zonaprop.com.ar/propiedades/clasificado/vecltrin-terrenos-fracciones-loteos-terrenos-liniers-57898777.html,2026-10-04
Liniers,Pizarro /,174,170000,977,,,,zonaprop,https://www.zonaprop.com.ar/propiedades/clasificado/vecltrin-terreno-liniers-49361592.html,2026-10-04
Liniers,Fonrouge 100,700,390000,557,139.447,2797,,zonaprop,https://www.zonaprop.com.ar/propiedades/clasificado/vecltrin-terreno-de-700-m-sup2--en-venta-liniers!-57884064.html,2026-10-04
Liniers,Fragueiro 300,157,140000,892,8.22812,17015,usam,zonaprop,https://www.zonaprop.com.ar/propiedades/clasificado/vecltrin-lote-usam-en-liniers-58144782.html,2026-10-04
Liniers,Martiniano Leguizamón 273,371,370000,997,1400,264,,zonaprop,https://www.zonaprop.com.ar/propiedades/clasificado/vecltrin-lote-8-66x43.-sup-edificable-1400-m-sup2-.-venta.-60185239.html,2026-10-04
Liniers,ALVAREZ JONTE 6500,312,210000,673,1359,155,usam ,zonaprop,https://www.zonaprop.com.ar/propiedades/clasificado/vecltrin-terreno-en-venta-en-liniers-57051538.html,2026-10-04
Liniers,Av. Alvarez Jonte 6561. Entre Fragueiro y Barragan,312,190000,609,,,,zonaprop,https://www.zonaprop.com.ar/propiedades/clasificado/vecltrin-lote.-av-alvarez-jonte-al-6500-58373186.html,2026-10-04
Liniers,Oliden 500,230,200000,870,,,,zonaprop,https://www.zonaprop.com.ar/propiedades/clasificado/vecltrin-terreno-de-230-m-sup2--en-venta-en-liniers-58296858.html,2026-10-04
Liniers,Francisco J. Ortiz 6967,148,158000,1068,,,,zonaprop,https://www.zonaprop.com.ar/propiedades/clasificado/vecltrin-terreno-lote-8-66-x-17-32-m.-venta.-liniers-60048329.html,2026-10-04
Liniers,Trenque Lauquen 7444,203,200000,985,,,,zonaprop,https://www.zonaprop.com.ar/propiedades/clasificado/vecltrin-liniers.-venta-casa-antigua-s-lote-7-90-x-25-80-m.-50654251.html,2026-10-04
Liniers,Boquerón 6900,1235,900000,729,,,,zonaprop,https://www.zonaprop.com.ar/propiedades/clasificado/vecltrin-vende-terreno-imponente-en-liniers-60195494.html,2026-10-04
Liniers,Tonelero  al 7500,346,280000,809,,,usab2,zonaprop,https://www.zonaprop.com.ar/propiedades/clasificado/vecltrin-venta-terreno-en-liniers-8-66x40-tonelero-al-7500-59402990.html,2026-10-04
Liniers,Pieres 129,296,440000,1486,,,,zonaprop,https://www.zonaprop.com.ar/propiedades/clasificado/vecltrin-excelente-lote-8.66-x-34.18-orientacion-este-57702470.html,2026-10-04
Liniers,Andalgalá 1700,341,289000,848,,,,zonaprop,https://www.zonaprop.com.ar/propiedades/clasificado/vecltrin-liniers-barrio-naon.-terreno-8-66-x-39-37-60149041.html,2026-10-04
Liniers,ANDALGALA 1044  CABA,377,320000,849,,,Usab 2,zonaprop,https://www.zonaprop.com.ar/propiedades/clasificado/vecltrin-retasado-venta-lote-liniers!-51004048.html,2026-10-04
Liniers,Avenida Juan B. Justo 9468,244,225000,922,,,usam,zonaprop,https://www.zonaprop.com.ar/propiedades/clasificado/vecltrin--oportunidad!-2-locales-casa-5-amb.-a-m.-club-velez-58314940.html,2026-10-04
Liniers,Martiniano Leguizamón 100-liniers,160,250000,1562,,,,zonaprop,https://www.zonaprop.com.ar/propiedades/clasificado/vecltrin-terreno-liniers-49210409.html,2026-10-04
Liniers,Cnel. Ramon Falcon 6069. Entre Miralla y Pola,352,550000,1562,1300,423,,zonaprop,https://www.zonaprop.com.ar/propiedades/clasificado/vecltrin-lote.-cnel.-ramon-falcon-al-6000-58373307.html,2026-10-04
Liniers,RIVADAVIA 10891,1360,3000000,2206,10000,300,,zonaprop,https://www.zonaprop.com.ar/propiedades/clasificado/vecltrin-av-rivadavia-10891-lote-de-17-x-80-54776818.html,2026-10-04
Liniers,TUYU 85,116,220000,1897,,,,zonaprop,https://www.zonaprop.com.ar/propiedades/clasificado/vecltrin-lote-de-7.65-x-14.70-u.-s.-a.-a.-49381978.html,2026-10-04
Liniers,AV LISANDRO DE LA TORRE 774. Entre Tonelero y Humaita,330,350000,1061,240,1458,,zonaprop,https://www.zonaprop.com.ar/propiedades/clasificado/vecltrin-lote.-av-lisandro-de-la-torre-al-700-53247596.html,2026-10-04
Liniers,Rivadavia 10778. Entre Founrouge y Tuyu,161,299000,1857,1500,199,,zonaprop,https://www.zonaprop.com.ar/propiedades/clasificado/vecltrin-lote.-rivadavia-al-10700-58373214.html,2026-10-04
Liniers,Avenida Rivadavia  al 10700,233,430000,1845,111,3874,usaa 2,zonaprop,https://www.zonaprop.com.ar/propiedades/clasificado/vecltrin-terreno-en-venta-en-liniers-57622550.html,2026-10-04
Liniers,Pizarro 5812,167,215000,1287,,,,zonaprop,https://www.zonaprop.com.ar/propiedades/clasificado/vecltrin-terreno-8-73-x-19.80-prefactibilidad-7-pisos-mas-2-59168765.html,2026-10-04
Liniers,José León Suárez 1300,195,300000,1538,,,usab2,zonaprop,https://www.zonaprop.com.ar/propiedades/clasificado/vecltrin-venta-en-bloque-lote-con-local-dos-depto-liniers-60287153.html,2026-10-04
Liniers,IBARROLA,178,280000,1573,,,,zonaprop,https://www.zonaprop.com.ar/propiedades/clasificado/vecltrin-lote-en-venta-8-60-x-20-60-usam-liniers-43945482.html,2026-10-04
Liniers,Av. Rivadavia al 10700,268,395000,1474,,,pb + 7,zonaprop,https://www.zonaprop.com.ar/propiedades/clasificado/vecltrin-venta-terreno-liniers-56629724.html,2026-10-04
Liniers,Tuyú 100,329,330000,1003,2070,159,,zonaprop,https://www.zonaprop.com.ar/propiedades/clasificado/vecltrin-bajo-de-precio!-terreno-lote-para-construir-pb-329-58517546.html,2026-10-04
Liniers,ANDALGALA 1044 CABA,389,320000,823,,,usab 2,zonaprop,https://www.zonaprop.com.ar/propiedades/clasificado/vecltrin-venta-terreno-ideal-constructor!-en-hermosa-zona-de-55046761.html,2026-10-04
Liniers,Andalgala 1000,372,320000,860,1160,276,usab2,zonaprop,https://www.zonaprop.com.ar/propiedades/clasificado/vecltrin-terreno-lote-en-venta-en-liniers-capital-federal-53491430.html,2026-10-04
Liniers,PIERES 386. Entre Garcia De Cossio y Caaguazu,255,280000,1098,930,301,,zonaprop,https://www.zonaprop.com.ar/propiedades/clasificado/vecltrin-lote.-pieres-al-300-57419962.html,2026-10-04
Liniers,Cossio 5849,466,580000,1245,1677,346,pb +5,zonaprop,https://www.zonaprop.com.ar/propiedades/clasificado/vecltrin-excelente-ubicacion-para-lote-de-8.66-x-53-55627125.html,2026-10-04
Liniers,Emilio Castro 6151,449,1200000,2673,282,4255,pb +7+2,zonaprop,https://www.zonaprop.com.ar/propiedades/clasificado/vecltrin-venta-3-lotes-en-block-liniers-acepta-permuta-58256549.html,2026-10-04
Liniers,Avenida Lisandro de la Torre 791,322,350000,1087,,,,zonaprop,https://www.zonaprop.com.ar/propiedades/clasificado/vecltrin-terreno-usam-lote-de-8.65-x-37.90-en-venta-en-liniers-59124479.html,2026-10-04
Liniers,Av. Rivadavia al 10700,266,400000,1504,,,,zonaprop,https://www.zonaprop.com.ar/propiedades/clasificado/vecltrin-terreno-en-liniers-55787413.html,2026-10-04
Liniers,Peribebuy 6700,240,230000,958,,,usab 2,zonaprop,https://www.zonaprop.com.ar/propiedades/clasificado/vecltrin-lote-venta-liniers-apto-proyecto-inmobiliario-60093036.html,2026-10-04
Liniers,Avenida Larrazábal 100,97,230000,2371,719,320,usaa,zonaprop,https://www.zonaprop.com.ar/propiedades/clasificado/vecltrin-venta-lote-doble-frente-larrazabal-pieres-liniers-60192357.html,2026-10-04
Liniers,Pilar 600,129,210000,1628,11.6,18103,,zonaprop,https://www.zonaprop.com.ar/propiedades/clasificado/vecltrin-pilar-600.-lote.-51516153.html,2026-10-04
Liniers,Avenida Juan B. Justo 9400,243,225000,926,,,,zonaprop,https://www.zonaprop.com.ar/propiedades/clasificado/vecltrin-versalles-av-juan-b.-justo-9400-terreno-lote-8.66-x-28-59440407.html,2026-10-04
Liniers,Albariño 419,265,250000,943,,,usab 2,zonaprop,https://www.zonaprop.com.ar/propiedades/clasificado/vecltrin-ideal-lote-de-30-47-v-8.68-mt.-albarino-419-liniers-58545693.html,2026-10-04
Liniers,Av. General Paz 10780. Entre Ramon L. Falcon y Ibarrola,332,750000,2259,,,pb + 9,zonaprop,https://www.zonaprop.com.ar/propiedades/clasificado/vecltrin-lote.-av-general-paz-al-10700-58938735.html,2026-10-04
Liniers,Cañada de Gómez 900,170,240000,1412,,,usab2,zonaprop,https://www.zonaprop.com.ar/propiedades/clasificado/vecltrin-lote-en-venta-liniers-57526002.html,2026-10-04
Liniers,Martiniano Leguizamón 273,371,370000,997,1400,264,,zonaprop,https://www.zonaprop.com.ar/propiedades/clasificado/vecltrin-venta-lote-ideal-constructor-60139138.html,2026-10-04
Liniers,Urdaneta 140,322,230000,714,,,usam,zonaprop,https://www.zonaprop.com.ar/propiedades/clasificado/vecltrin-4-ph-en-blokc-2-amb.-3amb.-y-4-amb.-liniers-59192515.html,2026-10-04
Liniers,Ventura Bosch al 6400,315,260000,825,,,,zonaprop,https://www.zonaprop.com.ar/propiedades/clasificado/vecltrin-unico-terreno-en-liniers-precio-negociable-59988231.html,2026-10-04
Liniers,Cafayate 700,300,240000,800,,,usab 2,zonaprop,https://www.zonaprop.com.ar/propiedades/clasificado/vecltrin-lote-8-66x35-m-58513708.html,2026-10-04
Liniers,Timoteo Gordillo 1165,215,210000,977,,,,zonaprop,https://www.zonaprop.com.ar/propiedades/clasificado/vecltrin-terreno-usab-de-215-m-sup2--en-venta-en-liniers-con-57778458.html,2026-10-04
Liniers,Pieres al 300,246,280000,1138,,,,zonaprop,https://www.zonaprop.com.ar/propiedades/clasificado/vecltrin-lote-de-246-m-sup2--c-mejoras-vivienda-de-6-amb-c-57663251.html,2026-10-04
Liniers,Avenida General Paz 11700,242,180000,744,480,375,,zonaprop,https://www.zonaprop.com.ar/propiedades/clasificado/vecltrin-venta-lote-242-m-sup2--liniers-usab2-480-m-sup2-60233124.html,2026-10-04
Liniers,Murguiondo 174. Entre Ramon Falcon y Ibarrola,424,630000,1486,1375,458,,zonaprop,https://www.zonaprop.com.ar/propiedades/clasificado/vecltrin-lote.-murguiondo-al-100-58372889.html,2026-10-04
Liniers,Lisandro de la torre 1037. Entre Patron y Acassuso,1177,750000,637,,,,zonaprop,https://www.zonaprop.com.ar/propiedades/clasificado/vecltrin-lote.-lisandro-de-la-torre-al-1000-58373157.html,2026-10-04
Liniers,Carhue 1300,203,280000,1379,,,usab 2,zonaprop,https://www.zonaprop.com.ar/propiedades/clasificado/vecltrin-lote-de-8.66-x-34.29-m-tipologia-usab-2-excelente-59086204.html,2026-10-04
Liniers,LISANDRO DE LA TORRE 800,345,580000,1681,920,630,usam ,zonaprop,https://www.zonaprop.com.ar/propiedades/clasificado/vecltrin-terreno-en-venta-en-liniers-57717458.html,2026-10-04
Liniers,Pilar 1050. Entre Ercilla y Acassuso,301,330000,1096,303,1089,,zonaprop,https://www.zonaprop.com.ar/propiedades/clasificado/vecltrin-lote.-pilar-al-1000-45132437.html,2026-10-04
Liniers,CAFAYATE 731. Entre Tonelero y Caaguazu,230,260000,1130,800,325,usab 2,zonaprop,https://www.zonaprop.com.ar/propiedades/clasificado/vecltrin-lote.-cafayate-al-700-46687646.html,2026-10-04
Liniers,Avenida Lisandro de la Torre 776. Entre Tonelero y Peribebuy,327,215000,657,,,,zonaprop,https://www.zonaprop.com.ar/propiedades/clasificado/vecltrin-lote.-av-lisandro-de-la-torre-al-700-58373326.html,2026-10-04
Liniers,Tuyu 27,325,400000,1231,1510,265,,zonaprop,https://www.zonaprop.com.ar/propiedades/clasificado/vecltrin-lote.-tuyu-al-100-58373216.html,2026-10-04
Liniers,ANDALGALA 1044,387,330000,853,1120,295,,zonaprop,https://www.zonaprop.com.ar/propiedades/clasificado/vecltrin-lote.-andalgala-al-1000-50556721.html,2026-10-04
Liniers,Patron 5669. Entre Albariño y Miralla,120,200000,1667,250,800,pb+2,zonaprop,https://www.zonaprop.com.ar/propiedades/clasificado/vecltrin-lote.-patron-al-5600-58373073.html,2026-10-04
Liniers,Cafayate 878. Entre Alpatacal y Patron,225,250000,1111,,,,zonaprop,https://www.zonaprop.com.ar/propiedades/clasificado/vecltrin-lote.-cafayate-al-800-58372892.html,2026-10-04
Liniers,R L FALCON 6300,1335,400000,300,,,usaa,zonaprop,https://www.zonaprop.com.ar/propiedades/clasificado/vecltrin-lote-para-construir-9-pisos-en-la-mejor-zona-de-villa-59859465.html,2026-10-04
Liniers,PRELADO DON BUENAVETURA RISSO PATRON 78. Entre Yerbal y Av Rivadavia,167,300000,1796,,,usab ,zonaprop,https://www.zonaprop.com.ar/propiedades/clasificado/vecltrin-lote.-prelado-don-buenavetura-risso-patron-al-100-57859965.html,2026-10-04
Liniers,Patron 6961. Entre Cosquin y Cañada De Gomez,251,249000,992,,,,zonaprop,https://www.zonaprop.com.ar/propiedades/clasificado/vecltrin-lote.-patron-al-6900-60170820.html,2026-10-04
Liniers,Martiniano Leguizamon 144. Entre Ramon L. Falcon y Ibarrola,554,680000,1227,2635,258,,zonaprop,https://www.zonaprop.com.ar/propiedades/clasificado/vecltrin-lote.-martiniano-leguizamon-al-100-58373254.html,2026-10-04
Liniers,GUAMINI 1458. Entre Ercilla y Av Milio Castro,89,230000,2584,,,,zonaprop,https://www.zonaprop.com.ar/propiedades/clasificado/vecltrin-lote.-guamini-al-1400-59479666.html,2026-10-04
Liniers,Murguiondo 135. Entre Ramón falcon y Ibarrola,277,520000,1877,2950,176,,zonaprop,https://www.zonaprop.com.ar/propiedades/clasificado/vecltrin-lote.-murguiondo-al-100-58372949.html,2026-10-04
Liniers,Luchter Sur 7463. Entre Boqueron y Av. Gral Paz,154,180000,1169,452,398,pb+ 2,zonaprop,https://www.zonaprop.com.ar/propiedades/clasificado/vecltrin-lote.-luchter-sur-al-7400-58373338.html,2026-10-04
Liniers,Tonelero 7447. Entre Jose Leon Suarez y Montiel,202,239000,1183,,,,zonaprop,https://www.zonaprop.com.ar/propiedades/clasificado/vecltrin-lote.-tonelero-al-7400-58401273.html,2026-10-04
Liniers,SALADILLO 1162. Entre Andorra y Garcia De Cossio,157,160000,1019,155,1032,usab 0,zonaprop,https://www.zonaprop.com.ar/propiedades/clasificado/vecltrin--propiedad-reservada-lote-157-m-sup2--a-m-de-av-e.-59410773.html,2026-10-04
Liniers,Carballido 6304. Entre Oliden y Fonrouge,215,250000,1163,,,,zonaprop,https://www.zonaprop.com.ar/propiedades/clasificado/vecltrin-lote.-carballido-al-6300-58373005.html,2026-10-04
Versalles,Elpidio Gonzalez al 5600,478,340000,711,931,365,usab 2,zonaprop,https://www.zonaprop.com.ar/propiedades/clasificado/vecltrin-venta-lote-478-m-sup2--8.66-m-x-54.30-m-versalles-59266365.html,2026-10-04
Versalles,Juan B Justo 9143,882,1150000,1304,7600,151,,zonaprop,https://www.zonaprop.com.ar/propiedades/clasificado/vecltrin-tierra-a-la-vista-56314526.html,2026-10-04
Versalles,Marcos Sastre 6100,334,250000,749,,,usab 1,zonaprop,https://www.zonaprop.com.ar/propiedades/clasificado/vecltrin-venta-lote-terreno-en-versalles-59883872.html,2026-10-04
Versalles,Pasaje de la Economia,160,113000,706,,,,zonaprop,https://www.zonaprop.com.ar/propiedades/clasificado/vecltrin-excelente-lote-con-2-deptos-55092565.html,2026-10-04
Versalles,ECHENAGUCIA 800,217,198000,912,,,,zonaprop,https://www.zonaprop.com.ar/propiedades/clasificado/vecltrin-terrenos-fracciones-loteos-terrenos-versalles-59153995.html,2026-10-04
Versalles,Barragan 1092. Entre Marcos Sastre y Santo Tome,115,125000,1087,,,,zonaprop,https://www.zonaprop.com.ar/propiedades/clasificado/vecltrin-lote.-barragan-al-1000-58582088.html,2026-10-04
Versalles,Gallardo al 1000,490,440000,898,1500,293,usab1,zonaprop,https://www.zonaprop.com.ar/propiedades/clasificado/vecltrin-terreno-versalles-59130414.html,2026-10-04
Versalles,Lisboa e/ Santo Tome y Arregui,277,270000,975,,,,zonaprop,https://www.zonaprop.com.ar/propiedades/clasificado/vecltrin-casa-en-venta-2-dorm.-1-bano-versalles-60309067.html,2026-10-04
Versalles,Avenida Álvarez Jonte 6100,550,441000,802,,,,zonaprop,https://www.zonaprop.com.ar/propiedades/clasificado/vecltrin-terreno-en-venta-en-av-alvarez-jonte-6100-versalles-57206145.html,2026-10-04
Versalles,Irigoyen e/ Juan Agustín García y Elpidio González,261,310000,1188,,,,zonaprop,https://www.zonaprop.com.ar/propiedades/clasificado/vecltrin-terreno-en-venta-261-m-sup2--versalles-59568855.html,2026-10-04
Versalles,Madrid  al 6700,269,199900,743,177.12,1129,usab 1,zonaprop,https://www.zonaprop.com.ar/propiedades/clasificado/vecltrin-lote-en-venta-en-versalles-10-50-x-25-89-m-ideal-57408521.html,2026-10-04
Versalles,Barragán 950,373,335000,898,,,usab 1,zonaprop,https://www.zonaprop.com.ar/propiedades/clasificado/vecltrin-excelente-lote-de-8-66-x-44-en-zona-particularizada-59512812.html,2026-10-04
Versalles,Lisboa 830. Entre Arregui y Santo Tome,303,280000,924,,,,zonaprop,https://www.zonaprop.com.ar/propiedades/clasificado/vecltrin-lote.-lisboa-al-800-58373152.html,2026-10-04
Versalles,JUAN AGUSTIN GARCIA 5931,341,330000,968,,,,zonaprop,https://www.zonaprop.com.ar/propiedades/clasificado/vecltrin-excelente-lote-con-3-unidades-a-reciclar-ideal-56778242.html,2026-10-04
Versalles,Gallardo al 500,224,245000,1094,,,,zonaprop,https://www.zonaprop.com.ar/propiedades/clasificado/vecltrin-venta-de-terreno-en-versalles-ideal-desarrollo-60053452.html,2026-10-04
Versalles,Echenagucía 1100,269,239000,888,,,Usab 2,zonaprop,https://www.zonaprop.com.ar/propiedades/clasificado/vecltrin-venta-lote-en-versalles-8.66-x-31-mtrs-60299625.html,2026-10-04
Versalles,San Blas 5600,302,320000,1060,1265,253,usab 2,zonaprop,https://www.zonaprop.com.ar/propiedades/clasificado/vecltrin-venta-de-terreno-sobre-lote-de-10x30-en-versalles-60067269.html,2026-10-04
Versalles,Alvarez Jonte 6100,246,390000,1585,301.08,1295,,zonaprop,https://www.zonaprop.com.ar/propiedades/clasificado/vecltrin-lote-proyecto-aprobado-para-7-unidades-versalles-60262367.html,2026-10-04
Versalles,Juan B. Justo 9100,232,214000,922,184,1163,usab 2,zonaprop,https://www.zonaprop.com.ar/propiedades/clasificado/vecltrin-venta-lote-propio-ideal-inversor-versalles-59079806.html,2026-10-04
Versalles,Ruiz de los llanos 754,364,304000,835,,,,zonaprop,https://www.zonaprop.com.ar/propiedades/clasificado/vecltrin-terreno-de-8-66-x-42-5-54460288.html,2026-10-04
Versalles,ARREGUI 6200,442,1400000,3167,,,,zonaprop,https://www.zonaprop.com.ar/propiedades/clasificado/vecltrin-terreno-en-venta-en-versailles-52075276.html,2026-10-04
Versalles,Av. Alvarez Jonte 6150. Entre Lisboa y Dupuy,172,400000,2326,301.08,1329,,zonaprop,https://www.zonaprop.com.ar/propiedades/clasificado/vecltrin-lote.-av-alvarez-jonte-al-6100-59130439.html,2026-10-04
Versalles,Avenida Álvarez Jonte 6150,550,390000,709,30108,13,,zonaprop,https://www.zonaprop.com.ar/propiedades/clasificado/vecltrpa-proyecto-a-terminar-con-planos-aprobados-56048652.html,2026-10-04
Villa Real,Jose Pedro Varela 5883,147,149000,1014,,,,zonaprop,https://www.zonaprop.com.ar/propiedades/clasificado/vecltrin-villa-real-lote-de-147-m-sup2--apto-para-463-86-47027912.html,2026-10-04
Villa Real,Irigoyen al 1900,359,249000,694,608,410,usab 0,zonaprop,https://www.zonaprop.com.ar/propiedades/clasificado/vecltrin-terreno-de-8-66-m-sup2--x-41-55-m-sup2--359-m-sup2-59631025.html,2026-10-04
Villa Real,Francisco Bauza 2500,158,188500,1193,,,pb + 2,zonaprop,https://www.zonaprop.com.ar/propiedades/clasificado/vecltrin-lote-8-66-m-de-frente-ideal-desarrollo-ph-hasta-6-60152706.html,2026-10-04
Villa Real,Virgilio al 2500,491,800000,1629,,,,zonaprop,https://www.zonaprop.com.ar/propiedades/clasificado/vecltrin-terreno-doble-frente-casa-villa-real-58903076.html,2026-10-04
Villa Real,Avenida Lope de Vega 2800,171,500000,2924,327.34,1527,usab 0,zonaprop,https://www.zonaprop.com.ar/propiedades/clasificado/vecltrin-lote-venta-villa-real-60255241.html,2026-10-04
Villa Real,José Luis Cantilo 5600,200,330000,1650,,,,zonaprop,https://www.zonaprop.com.ar/propiedades/clasificado/vecltrin-lote-en-esquina-villa-devoto-60262345.html,2026-10-04
Villa Real,Nazarre 6093,331,235000,710,331.135,710,,zonaprop,https://www.zonaprop.com.ar/propiedades/clasificado/vecltrin-lote-en-venta-villa-real-59276344.html,2026-10-04
Villa Real,Irigoyen 2000,386,340000,881,,,,zonaprop,https://www.zonaprop.com.ar/propiedades/clasificado/vecltrin-lote-de-8.66-x-44irigoyen-al-2000-55298420.html,2026-10-04
Villa Real,Nogoyá 6093,159,165000,1038,,,,zonaprop,https://www.zonaprop.com.ar/propiedades/clasificado/vecltrin-venta-lote-propio-unico-en-villa-real-ideal-59903019.html,2026-10-04
Villa Real,Victor Hugo 2706,160,170000,1062,,,,zonaprop,https://www.zonaprop.com.ar/propiedades/clasificado/vecltrin-terreno-en-venta-con-casa-mas-2-locales-54892248.html,2026-10-04
Mataderos,Lisandro DE LA Torre  al 1500,259,200000,772,1264,158,Usaa ,zonaprop,https://www.zonaprop.com.ar/propiedades/clasificado/vecltrin-venta-terreno-en-mataderos-usaa-59212039.html,2026-10-04
Mataderos,Av. Larrazabal al 900,427,750000,1756,22.8,32895,,zonaprop,https://www.zonaprop.com.ar/propiedades/clasificado/vecltrin-lote-mataderos-excelente-ubicacion.-60122020.html,2026-10-04
Mataderos,"LARRAZABAL, AV. 1100. Entre Artigas y Carolina Muzili",264,300000,1136,1160,259,usam ,zonaprop,https://www.zonaprop.com.ar/propiedades/clasificado/vecltrin-venta-lote-sobre-av-larrazabal-para-desarrolo-57746640.html,2026-10-04
Mataderos,Guamini  al 1700,152,260000,1711,450,578,usab 0,zonaprop,https://www.zonaprop.com.ar/propiedades/clasificado/vecltrin-venta-terreno-barrio-naon-59557782.html,2026-10-04
Mataderos,Guaminí  al 2300,374,159000,425,,,,zonaprop,https://www.zonaprop.com.ar/propiedades/clasificado/vecltrin-venta-terreno-mataderos-58144520.html,2026-10-04
Mataderos,Bragado al 5700,255,199000,780,816,244,usam,zonaprop,https://www.zonaprop.com.ar/propiedades/clasificado/vecltrin-venta-terreno-mataderos-59369663.html,2026-10-04
Mataderos,Tapalque al 5200,221,165000,747,221.354,745,usab1,zonaprop,https://www.zonaprop.com.ar/propiedades/clasificado/vecltrin-venta-terreno-mataderos-59641418.html,2026-10-04
Mataderos,Guardia Nacional 1100,410,499000,1217,,,usam ,zonaprop,https://www.zonaprop.com.ar/propiedades/clasificado/vecltrin-lote-usam-entre-av-directorio-y-alberdi-9.20x44.5-60187690.html,2026-10-04
Mataderos,CAFAYATE 1315,250,160000,640,765,209,usab2,zonaprop,https://www.zonaprop.com.ar/propiedades/clasificado/vecltrin-liniers-mataderos-3-unidades-en-block-ideal-56816046.html,2026-10-04
Mataderos,Fonrouge al 1600,246,153000,622,,,pb + 4,zonaprop,https://www.zonaprop.com.ar/propiedades/clasificado/vecltrin-fonrouge-1647-lote-u.-s.-a.-b-2-pb-4-pisos-58790196.html,2026-10-04
Mataderos,Francisco Bilbao 5429,190,155000,816,,,,zonaprop,https://www.zonaprop.com.ar/propiedades/clasificado/vecltrin-mataderos-lote-propio-8.66-x-34-56273245.html,2026-10-04
Mataderos,"Timoteo Gordillo 1743. Entre Zequeira, severo garcia gde.de y Artigas, manuel de",606,450000,743,,,,zonaprop,https://www.zonaprop.com.ar/propiedades/clasificado/vecltrin-lote.-timoteo-gordillo-al-1700-45132098.html,2026-10-04
Mataderos,Larrazabal 1400,112,120000,1071,,,usam,zonaprop,https://www.zonaprop.com.ar/propiedades/clasificado/vecltrin-lote-en-venta-superficie-total-112.58-m-sup2--59207695.html,2026-10-04
Mataderos,Chascomus AL 5300,177,250000,1412,950,263,,zonaprop,https://www.zonaprop.com.ar/propiedades/clasificado/vecltrin-lote-propio-de-177-m-sup2--en-chascomus-esq.-albarino-56066276.html,2026-10-04
Mataderos,Pola 1100,370,460000,1243,1953,236,usaa ,zonaprop,https://www.zonaprop.com.ar/propiedades/clasificado/vecltrin-lote-370-m-sup2--en-mataderos-apto-8-pisos-1.900-59260680.html,2026-10-04
Mataderos,Avenida Larrazábal 1400,196,250000,1276,17.2,14535,usam ,zonaprop,https://www.zonaprop.com.ar/propiedades/clasificado/vecltrin-lote-propio-7-50-x-26-10-m-ideal-proyecto-59930184.html,2026-10-04
Mataderos,Montiel al 2300,375,190000,507,2133,89,usam,zonaprop,https://www.zonaprop.com.ar/propiedades/clasificado/vecltrin-venta-terreno-montiel-2300-mataderos-60091861.html,2026-10-04
Mataderos,Manuel Artigas 5872,225,350000,1556,196.124,1785,Usaa,zonaprop,https://www.zonaprop.com.ar/propiedades/clasificado/vecltrin-excelente-lote-para-inversion-en-mataderos-58689509.html,2026-10-04
Mataderos,Fonrouge 1641. Entre Chascomus y Jose E Rodo,748,900000,1203,700,1286,,zonaprop,https://www.zonaprop.com.ar/propiedades/clasificado/vecltrin-lote.-fonrouge-al-1600-58372899.html,2026-10-04
Mataderos,Araujo al 1500,147,189900,1292,780,243,usam,zonaprop,https://www.zonaprop.com.ar/propiedades/clasificado/vecltrin-venta-lote-gran-oportunidad-de-inversion-mataderos-58678744.html,2026-10-04
Mataderos,Bragado 7356,450,309000,687,,,,zonaprop,https://www.zonaprop.com.ar/propiedades/clasificado/vecltrin-mataderos-terreno-8-66-x-52-60111333.html,2026-10-04
Mataderos,Timoteo Gordillo 1737,606,520000,858,157,3312,usam,zonaprop,https://www.zonaprop.com.ar/propiedades/clasificado/vecltrin-mataderos-lote-doble-frente-ideal-emprendimiento-59324018.html,2026-10-04
Mataderos,Pizarro al 6600,320,350000,1094,1700,206,,zonaprop,https://www.zonaprop.com.ar/propiedades/clasificado/vecltrin-ph-en-mataderos-56272072.html,2026-10-04
Mataderos,Bragado 4968,483,400000,828,1200,333,,zonaprop,https://www.zonaprop.com.ar/propiedades/clasificado/vecltrin-lote-de-terreno-local-comercial-ideal-para-desarrollo-59517695.html,2026-10-04
Mataderos,Bragado al 7300,1600,295000,184,,,,zonaprop,https://www.zonaprop.com.ar/propiedades/clasificado/vecltrin-casa-mataderos-48343748.html,2026-10-04
Mataderos,Guamini 1974. Entre Severo Garcia Grande De Zequei y Av. Juan B. Alberdi,175,319000,1823,1211,263,pb + 5,zonaprop,https://www.zonaprop.com.ar/propiedades/clasificado/vecltrin-lote.-guamini-al-1900-58573761.html,2026-10-04
Mataderos,MANUEL ARTIGAS 6816. Entre Timoteo Gordillo y CaÑada De Gomez,186,300000,1613,,,usaa,zonaprop,https://www.zonaprop.com.ar/propiedades/clasificado/vecltrin-lote.-manuel-artigas-al-6800-50709024.html,2026-10-04
Mataderos,Av. Juan Bautista Alberdi al 7200,194,415000,2139,,,,zonaprop,https://www.zonaprop.com.ar/propiedades/clasificado/vecltrin-terreno-en-venta-en-mataderos-59330656.html,2026-10-04
Mataderos,Albariño 1600,372,180000,484,1388,130,usam,zonaprop,https://www.zonaprop.com.ar/propiedades/clasificado/vecltrin-venta-excelente-lote-propio-en-mataderos-60225075.html,2026-10-04
Mataderos,Pola al 1200,111,133000,1198,,,,zonaprop,https://www.zonaprop.com.ar/propiedades/clasificado/vecltrin-terreno-mataderos-47741210.html,2026-10-04
Mataderos,SAN PEDRO 7405. Entre Esquina Saladillo,95,80000,842,,,,zonaprop,https://www.zonaprop.com.ar/propiedades/clasificado/vecltrin-lote-venta-mataderos-55026473.html,2026-10-04
Mataderos,CORVALAN 1600. Entre Tandil y Remedios,221,125000,566,784,159,usam 7,zonaprop,https://www.zonaprop.com.ar/propiedades/clasificado/vecltrin-venta-lote-mataderos-usam-784-m-sup2--vendibles-58502759.html,2026-10-04
Mataderos,Avenida General Paz e/ Avenida Castro y Ercilla,260,260000,1000,,,,zonaprop,https://www.zonaprop.com.ar/propiedades/clasificado/vecltrin-terreno-en-venta-200-m-sup2--mataderos-59570379.html,2026-10-04
Mataderos,Pizarro 6300,323,285000,882,1500,190,usam,zonaprop,https://www.zonaprop.com.ar/propiedades/clasificado/vecltrin-oportunidad-lote-8-66-x-37-mejor-zona-de-mataderos-60142831.html,2026-10-04
Mataderos,Martiniano Leguizamón 2900,310,220000,710,191.36,1150,,zonaprop,https://www.zonaprop.com.ar/propiedades/clasificado/vecltrin-lote-para-edificio-o-deposito-en-mataderos-60243547.html,2026-10-04
Mataderos,Remedios 5600,175,119000,680,600,198,,zonaprop,https://www.zonaprop.com.ar/propiedades/clasificado/vecltrin-venta-lote-de-terreno-u.-s.-a.-m.-600-m-sup2-60182714.html,2026-10-04
Mataderos,Chascomús 5900,911,1500000,1647,,,Usam,zonaprop,https://www.zonaprop.com.ar/propiedades/clasificado/vecltrin-lote-doble-frente-mataderos-17.32-x-52.60-60297529.html,2026-10-04
Mataderos,Larrazabal al 1400,395,310000,785,,,usam,zonaprop,https://www.zonaprop.com.ar/propiedades/clasificado/vecltrin-excelente-terreno-en-mataderos-lideres-en-terrenos-59207548.html,2026-10-04
Mataderos,Av Escalada 840,234,297000,1269,1300,228,,zonaprop,https://www.zonaprop.com.ar/propiedades/clasificado/vecltrin-venta-lote-apto-desarrollo-en-mataderos-57761380.html,2026-10-04
Mataderos,Pieres al 1600,187,109900,588,187.1,587,usab 2,zonaprop,https://www.zonaprop.com.ar/propiedades/clasificado/vecltrin-oportunidad-venta-de-lote-en-esquina-en-mataderos-60295754.html,2026-10-04
Mataderos,Tandil al 7400,302,290000,960,,,usab 2,zonaprop,https://www.zonaprop.com.ar/propiedades/clasificado/vecltrin-excelente-terreno-en-mataderos-lideres-en-terrenos-59207721.html,2026-10-04
Mataderos,Albariño  al 2000,147,100000,680,,,,zonaprop,https://www.zonaprop.com.ar/propiedades/clasificado/vecltrin-lote-en-venta-en-mataderos-58564851.html,2026-10-04
Mataderos,TAPALQUE 7300,144,160000,1111,36940,4,pb + 5,zonaprop,https://www.zonaprop.com.ar/propiedades/clasificado/vecltrin-terreno-para-inversores-en-mataderos-fot-3-144-m-59521201.html,2026-10-04
Mataderos,Av Alberdi 7200,325,750000,2308,,,,zonaprop,https://www.zonaprop.com.ar/propiedades/clasificado/vecltrin-venta-local-de-370-m-sup2--mataderos-alberdi-al-7200-59815316.html,2026-10-04
Mataderos,Pieres al 1000 Aprox 1100 m2 Vendibles !,412,420000,1019,1100,382,,zonaprop,https://www.zonaprop.com.ar/propiedades/clasificado/vecltrin-terreno-mataderos-52968930.html,2026-10-04
Mataderos,Cosquin 2100,340,210000,618,,,,zonaprop,https://www.zonaprop.com.ar/propiedades/clasificado/vecltrin-terreno-en-venta-mataderos-57965777.html,2026-10-04
Mataderos,Av. Directorio 5102,136,379900,2793,,,,zonaprop,https://www.zonaprop.com.ar/propiedades/clasificado/vecltrin-fabrica-de-suenos.-mega-local-esq-pb-gran-piso-56611333.html,2026-10-04
Mataderos,Albariño al 1100,417,289000,693,,,usam ,zonaprop,https://www.zonaprop.com.ar/propiedades/clasificado/vecltrin-venta-mataderos-casa-sobre-lote-8-66x48-usam-aprox-59407589.html,2026-10-04
Mataderos,Bragado  al 7300 Lote,314,180000,573,,,usam ,zonaprop,https://www.zonaprop.com.ar/propiedades/clasificado/vecltrin-venta-lote-en-mataderos-usam-bragado-y-saladillo-60157441.html,2026-10-04
Mataderos,Fonrouge 1657,250,200000,800,,,usab 2,zonaprop,https://www.zonaprop.com.ar/propiedades/clasificado/vecltrin-lote-a-3-cuadras-de-alberdi-y-1-de-directorio-58234485.html,2026-10-04
Mataderos,"Av. J. B, Alberdi  al 4900",400,580000,1450,2751.6,211,usaa ,zonaprop,https://www.zonaprop.com.ar/propiedades/clasificado/vecltrin-terreno-en-venta-en-j.-b.-alberdi-4986-caba.-acepta-59399191.html,2026-10-04
Mataderos,Tandil 5060,150,115000,767,800,144,usam,zonaprop,https://www.zonaprop.com.ar/propiedades/clasificado/vecltrin-lote-mataderos-usam-800-m-sup2--vendibles-53970863.html,2026-10-04
Mataderos,Severo García Grande de Zequeira al 6800,279,280000,1004,,,usam,zonaprop,https://www.zonaprop.com.ar/propiedades/clasificado/vecltrin-terreno-en-mataderos-59997304.html,2026-10-04
Mataderos,Larrazabal 1765,301,210000,698,,,,zonaprop,https://www.zonaprop.com.ar/propiedades/clasificado/vecltrin-lote-8-66-x-34-87-u.-s.-a.-m.-larrazabal-1765-49930543.html,2026-10-04
Mataderos,Avenida Directorio 7400,217,135000,622,738,183,usab 2,zonaprop,https://www.zonaprop.com.ar/propiedades/clasificado/vecltrin-venta-lote-mataderos-217-m-sup2-60076101.html,2026-10-04
Mataderos,Zelada al 6300,190,195000,1026,550,355,,zonaprop,https://www.zonaprop.com.ar/propiedades/clasificado/vecltrin-terreno-en-excelente-zona-56754604.html,2026-10-04
Mataderos,Guardia Nacional 1278,232,160000,690,140,1143,,zonaprop,https://www.zonaprop.com.ar/propiedades/clasificado/vecltrin-venta-terreno-de-232-m-sup2--barrio-de-mataderos-58631616.html,2026-10-04
Mataderos,Jose Enrique Rodo al 7200,191,175000,916,800,219,pb + 5,zonaprop,https://www.zonaprop.com.ar/propiedades/clasificado/vecltrin-terreno-en-venta-en-mataderos-58117955.html,2026-10-04
Mataderos,(dbj-357) AV. DE LOS Corrales  6536 - Acepta Metros,120,105000,875,785,134,,zonaprop,https://www.zonaprop.com.ar/propiedades/clasificado/vecltrin-venta-de-terreno-en-mataderos-53159438.html,2026-10-04
Mataderos,Gregorio Laferrere 5000,189,95000,503,,,,zonaprop,https://www.zonaprop.com.ar/propiedades/clasificado/vecltrin-venta-casa-lote-propio-16-x-8-66-m-con-patio-y-58092139.html,2026-10-04
Mataderos,Pizarro al 7100,230,185000,804,,,,zonaprop,https://www.zonaprop.com.ar/propiedades/clasificado/vecltrin-venta-local-comercial-en-mataderos-59942289.html,2026-10-04
Mataderos,BRAGADO Y CARHUE,156,138000,885,,,usab2,zonaprop,https://www.zonaprop.com.ar/propiedades/clasificado/vecltrin-oportunidad-lote-8.66x18-m-en-bragado-al-6900-ideal-54778477.html,2026-10-04
Mataderos,Avenida Emilio Castro 6598,222,665000,2995,1700,391,,zonaprop,https://www.zonaprop.com.ar/propiedades/clasificado/vecltrin-unico-lote-en-esq.-s-av-e.-castro-zonif.-usaa.-2050-57459536.html,2026-10-04
Mataderos,Cañada De Gomez  al 1600,316,255000,807,210,1214,Ca,zonaprop,https://www.zonaprop.com.ar/propiedades/clasificado/vecltrin-terreno-en-mataderos-8.66-x-36-canada-de-gomez-al-1600-55938248.html,2026-10-04
Mataderos,Larraya 2344,376,180000,479,,,,zonaprop,https://www.zonaprop.com.ar/propiedades/clasificado/vecltrin-retasado!-gran-lote-de-terreno-en-pleno-mataderos!-46806675.html,2026-10-04
Mataderos,POLA 1281. Entre Bragado y Av Juan Bautista Alberdi,731,500000,684,562,890,,zonaprop,https://www.zonaprop.com.ar/propiedades/clasificado/vecltrin-lote.-pola-al-1200-56245193.html,2026-10-04
Mataderos,CARHUE 2327. Entre J. E. Rodo y Directorio,389,270000,694,346.902,778,,zonaprop,https://www.zonaprop.com.ar/propiedades/clasificado/vecltrin-lote-en-mataderos-ideal-emprendimiento-59426140.html,2026-10-04
Mataderos,"(leg-1792) Larraya  al 2500 - Lote 8,66 X 39 - Oportunidad",337,145000,430,,,,zonaprop,https://www.zonaprop.com.ar/propiedades/clasificado/vecltrin-lote-en-venta-larraya-2500-mataderos-oportunidad-59158486.html,2026-10-04
Mataderos,Pieres al 1200 Aprox 1870 M2 Vendibles !,451,650000,1441,1870,348,,zonaprop,https://www.zonaprop.com.ar/propiedades/clasificado/vecltrin-terreno-mataderos-52968907.html,2026-10-04
Mataderos,AV. GENERAL PAZ 12430. Entre Ulrico Schmidl y Pizarro,420,450000,1071,,,,zonaprop,https://www.zonaprop.com.ar/propiedades/clasificado/vecltrin-lote.-av-general-paz-al-12400-58373082.html,2026-10-04
Mataderos,Pizarro al 6600,320,350000,1094,1700,206,,zonaprop,https://www.zonaprop.com.ar/propiedades/clasificado/vecltrin-ph-en-mataderos-55566014.html,2026-10-04
Mataderos,Pizarro N°6261,370,360000,973,,,usam,zonaprop,https://www.zonaprop.com.ar/propiedades/clasificado/vecltrin-terreno-mataderos-58126587.html,2026-10-04
Mataderos,Avenida Directorio  al 5000,157,250000,1592,2280,110,,zonaprop,https://www.zonaprop.com.ar/propiedades/clasificado/vecltrin-terreno-en-venta-en-esquina-directorio-y-basualdo-usaa-59913423.html,2026-10-04
Mataderos,BRAGADO 5200,364,255000,701,,,,zonaprop,https://www.zonaprop.com.ar/propiedades/clasificado/vecltrin-lote-8.66-x-42.03-m-bragado-al-5300-mataderos-56450041.html,2026-10-04
Mataderos,Tandil 6759,405,165000,407,,,,zonaprop,https://www.zonaprop.com.ar/propiedades/clasificado/vecltrin-increible-terreno-de-47-m-de-fondo-a-1-cuadra-de-58542316.html,2026-10-04
Mataderos,"Murguiondo 2700. Entre Monte y Laferrere, Greg. De",210,153000,729,20500,7,pb + 6,zonaprop,https://www.zonaprop.com.ar/propiedades/clasificado/vecltrin-murguiondo-2700-mataderos-lote-retasado!-u$153.000-47045429.html,2026-10-04
Mataderos,Carolina Muzilli al 5900,150,115000,767,,,,zonaprop,https://www.zonaprop.com.ar/propiedades/clasificado/vecltrin-venta-terreno-lote-propio-oportunidad-59391688.html,2026-10-04
Mataderos,Avenida Directorio 7300,224,138900,620,650,214,,zonaprop,https://www.zonaprop.com.ar/propiedades/clasificado/vecltrin-venta-lote-terreno-mataderos-opcion-permuta-60081448.html,2026-10-04
Mataderos,C ALVAREZ 5800,262,155000,592,,,,zonaprop,https://www.zonaprop.com.ar/propiedades/clasificado/vecltrin-terreno-en-venta-en-mataderos-55909087.html,2026-10-04
Mataderos,Araujo 1086,1000,370000,370,1000,370,,zonaprop,https://www.zonaprop.com.ar/propiedades/clasificado/vecltrin-excelente-lote-u.-s.-a.-m-1000-m-sup2--vendibles!-49322228.html,2026-10-04
Mataderos,Saladillo  al 2300,104,99500,957,,,,zonaprop,https://www.zonaprop.com.ar/propiedades/clasificado/vecltrin-lote-en-venta-en-mataderos-104-m-sup2--ideal-59971245.html,2026-10-04
Mataderos,Tapalqué 7400,256,169000,660,,,,zonaprop,https://www.zonaprop.com.ar/propiedades/clasificado/vecltrin-venta-lote-mataderos-60223078.html,2026-10-04
Mataderos,SALADILLO 1787. Entre Zelada y Pizarro,150,250000,1667,,,Usab 2,zonaprop,https://www.zonaprop.com.ar/propiedades/clasificado/vecltrin-lote.-saladillo-al-1700-59623443.html,2026-10-04
Mataderos,Martiniano Leguizamon 1600,252,463000,1837,,,usaa,zonaprop,https://www.zonaprop.com.ar/propiedades/clasificado/vecltrin-venta-lote-oportunidad-de-inversion-centro-comercial-58813571.html,2026-10-04
Mataderos,"MONTIEL 2600. Entre Tandil y De Los Corrales, Avda.",378,218000,577,,,,zonaprop,https://www.zonaprop.com.ar/propiedades/clasificado/vecltrin-lote.-montiel-al-2600-44656066.html,2026-10-04
Mataderos,Chascomús 5400,225,129000,573,,,,zonaprop,https://www.zonaprop.com.ar/propiedades/clasificado/vecltrin-lote.-chascomus-al-5400-49446571.html,2026-10-04
Mataderos,Corvalán 2077,266,210000,789,158.487,1325,,zonaprop,https://www.zonaprop.com.ar/propiedades/clasificado/vecltrin-terreno-de-266-m-sup2--usam-en-venta-mataderos-58323001.html,2026-10-04
Mataderos,Araujo 800,147,159900,1088,271,590,,zonaprop,https://www.zonaprop.com.ar/propiedades/clasificado/vecltrin-venta-lote-en-mataderos-8-66-x-17-m-60038813.html,2026-10-04
Mataderos,Martiniano Leguizamon  al 1600,252,330000,1310,1600,206,pb + 7,zonaprop,https://www.zonaprop.com.ar/propiedades/clasificado/vecltrin-venta-terreno-en-mataderos-apto-1600-m-sup2-55730891.html,2026-10-04
Mataderos,Guamini al 2400,761,550000,723,,,,zonaprop,https://www.zonaprop.com.ar/propiedades/clasificado/vecltrin-lote-761-m-sup2--c-losa-en-construccion-de-3-plantas-58718198.html,2026-10-04
Mataderos,Manuel Artigas al 6600,1400,280000,200,955,293,usaa,zonaprop,https://www.zonaprop.com.ar/propiedades/clasificado/vecltrin-venta-terreno-mataderos-57013724.html,2026-10-04
Mataderos,San Pedro 6000,152,69000,454,,,,zonaprop,https://www.zonaprop.com.ar/propiedades/clasificado/vecltrin-venta-lote-152-m-sup2--mataderos-60274899.html,2026-10-04
Mataderos,Gregorio de Laferrere 7400,333,252000,757,,,,zonaprop,https://www.zonaprop.com.ar/propiedades/clasificado/vecltrin-venta-lote-mataderos-333-m-totales-oportunidad-60183586.html,2026-10-04
Mataderos,Guardia Nacional 1100,238,250000,1050,807,310,pb + 5,zonaprop,https://www.zonaprop.com.ar/propiedades/clasificado/vecltrin-lote-en-venta-en-mataderos-con-810-m-sup2--vendibles-56951031.html,2026-10-04
Mataderos,Tandil 6759,405,150000,370,,,,zonaprop,https://www.zonaprop.com.ar/propiedades/clasificado/vecltrin-lote.-tandil-al-6700-58973160.html,2026-10-04
Mataderos,Cafayate al 1100,172,250000,1453,,,,zonaprop,https://www.zonaprop.com.ar/propiedades/clasificado/vecltrin-venta-terreno-en-esquina-en-cafayate-al-1100-58882079.html,2026-10-04
Mataderos,Bragado 5065,330,290000,879,,,usam,zonaprop,https://www.zonaprop.com.ar/propiedades/clasificado/vecltrin-lote-en-venta-en-mataderos-para-1.800-m-sup2-56664419.html,2026-10-04
Mataderos,CORVALAN 2381. Entre Av Eva Peron y Monte,270,450000,1667,,,,zonaprop,https://www.zonaprop.com.ar/propiedades/clasificado/vecltrin-lote.-corvalan-al-2300-46938653.html,2026-10-04
Mataderos,Alberdi  al 6200,332,700000,2108,194.31,3602,usaa,zonaprop,https://www.zonaprop.com.ar/propiedades/clasificado/vecltrin-venta-terreno-con-local-en-mataderos-gran-ubicacion-59577446.html,2026-10-04
Mataderos,Manuel Artigas al 5900,300,490000,1633,,,usaa,zonaprop,https://www.zonaprop.com.ar/propiedades/clasificado/vecltrin-terreno-en-mataderos-57734366.html,2026-10-04
Mataderos,Pilar N°1174,300,320000,1067,,,,zonaprop,https://www.zonaprop.com.ar/propiedades/clasificado/vecltrin-terreno-mataderos-48343771.html,2026-10-04
Mataderos,Pizarro 6300,284,280000,986,,,usab 2,zonaprop,https://www.zonaprop.com.ar/propiedades/clasificado/vecltrin-lote-terreno-en-venta-en-mataderos-60195198.html,2026-10-04
Mataderos,Larraya 2467,338,179000,530,,,,zonaprop,https://www.zonaprop.com.ar/propiedades/clasificado/vecltrin-casa-5-amb-mataderos-56504473.html,2026-10-04
Mataderos,GUAMINI 2712. Entre Eugenio Garzon y San Pedro,187,95000,508,,,,zonaprop,https://www.zonaprop.com.ar/propiedades/clasificado/vecltrin-lote-en-venta-en-mataderos-58322582.html,2026-10-04
Mataderos,GUAMINI 2720. Entre Eugenio Garzon y San Pedro,375,190000,507,,,,zonaprop,https://www.zonaprop.com.ar/propiedades/clasificado/vecltrin-lotes-en-venta-en-mataderos-58322629.html,2026-10-04
Mataderos,murguiondo 2700,210,220000,1048,,,,zonaprop,https://www.zonaprop.com.ar/propiedades/clasificado/vecltrin-venta-de-lote-en-mataderos-capital-federal-44579358.html,2026-10-04
Mataderos,Pieres 1176. Entre Manuel De Artigas y Zequeira,299,360000,1204,962,374,,zonaprop,https://www.zonaprop.com.ar/propiedades/clasificado/vecltrin-lote.-pieres-al-1100-58372895.html,2026-10-04
Mataderos,Artigas,240,260000,1083,1345,193,,zonaprop,https://www.zonaprop.com.ar/propiedades/clasificado/vecltrin-lote-en-venta-en-mataderos-59042961.html,2026-10-04
Mataderos,TIMOTEO GORDILLO 2049. Entre Bragado y Tapalque,261,180000,690,,,,zonaprop,https://www.zonaprop.com.ar/propiedades/clasificado/vecltrin-lote-en-venta-mataderos-54584810.html,2026-10-04
Mataderos,Artigas,240,260000,1083,1345,193,,zonaprop,https://www.zonaprop.com.ar/propiedades/clasificado/vecltrin-lote-en-venta-en-mataderos-59477207.html,2026-10-04
Mataderos,Saladillo 3125. Entre Monte y Gregorio La Ferrere,315,210000,667,725,290,,zonaprop,https://www.zonaprop.com.ar/propiedades/clasificado/vecltrin-lote.-saladillo-al-3100-45132329.html,2026-10-04
Mataderos,SEVERO GARCIA GRANDE DE ZEQUEI 5821. Entre Fonrouge y Pola,196,200000,1020,,,,zonaprop,https://www.zonaprop.com.ar/propiedades/clasificado/vecltrin-lote.-severo-garcia-grande-de-zequei-al-5800-55802442.html,2026-10-04
Mataderos,AV DE LOS CORRALES 7088. Entre Guamini y Carhue,135,130000,963,,,,zonaprop,https://www.zonaprop.com.ar/propiedades/clasificado/vecltrin-lote.-av-de-los-corrales-al-7000-58946141.html,2026-10-04
Mataderos,Av. Gral Paz 13194. Entre Av. Directorio y Rodo,220,150000,682,600,250,pb + 3+1,zonaprop,https://www.zonaprop.com.ar/propiedades/clasificado/vecltrin-lote.-av-gral-paz-al-13100-58373054.html,2026-10-04
Mataderos,Avenida Juan Bautista Alberdi 6600,484,1200000,2479,3772,318,,zonaprop,https://www.zonaprop.com.ar/propiedades/clasificado/vecltrin-venta-lote-3772-m-vendibles-con-renta-mataderos-60112709.html,2026-10-04
Mataderos,Lisandro de la torre 1551. Entre Zequeira y Zelada,1045,1100000,1053,1045,1053,,zonaprop,https://www.zonaprop.com.ar/propiedades/clasificado/vecltrin-lote.-lisandro-de-la-torre-al-1500-45132305.html,2026-10-04
Mataderos,Miralla 985. Entre Carolina Muzilli y Manuel De Artigas,194,210000,1082,550,382,pb+3+1,zonaprop,https://www.zonaprop.com.ar/propiedades/clasificado/vecltrin-lote.-miralla-al-900-58373074.html,2026-10-04
Mataderos,"Murguiondo 2708. Entre Laferrere, Greg. De y Monte",210,153000,729,1649,93,,zonaprop,https://www.zonaprop.com.ar/propiedades/clasificado/vecltrin-lote.-murguiondo-al-2700-45132184.html,2026-10-04
Mataderos,SEVERO GARCIA GRANDE DE ZEQUEI 7066. Entre Andalgala y Cosquin,288,280000,972,1850,151,,zonaprop,https://www.zonaprop.com.ar/propiedades/clasificado/vecltrin-lote.-severo-garcia-grande-de-zequei-al-7000-51577267.html,2026-10-04
Mataderos,Pieres 1228. Entre Av. Juan B. Alberdi y Manuel De Artigas,290,320000,1103,1314,244,usaa ,zonaprop,https://www.zonaprop.com.ar/propiedades/clasificado/vecltrin-lote.-pieres-al-1200-58512189.html,2026-10-04
Mataderos,AV CORRALES 7240. Entre Jose Leon Suareez y Montiel,1230,850000,691,,,,zonaprop,https://www.zonaprop.com.ar/propiedades/clasificado/vecltrin-venta-de-lote-en-mataderos-57356483.html,2026-10-04
Mataderos,CAFAYATE 1758. Entre Av Alberdi J.b y Av. Juan B. Alberdi Y Bragado,260,280000,1077,1050,267,usam ,zonaprop,https://www.zonaprop.com.ar/propiedades/clasificado/vecltrin-lote.-cafayate-al-1700-55521068.html,2026-10-04
Mataderos,Guamini 1633. Entre Ulrico Schmidl y Pizarro,152,230000,1513,550,418,pb+3+1,zonaprop,https://www.zonaprop.com.ar/propiedades/clasificado/vecltrin-lote.-guamini-al-1600-58373071.html,2026-10-04
Mataderos,Araujo 900,139,158000,1137,,,,zonaprop,https://www.zonaprop.com.ar/propiedades/clasificado/vecltrin-lote-excelente-ubic-815-m-vendibles-a-m-de-alberd-60135592.html,2026-10-04
Mataderos,Avenida Larrazábal 1600,458,390000,852,,,pb + 5,zonaprop,https://www.zonaprop.com.ar/propiedades/clasificado/vecltrin-lote-venta-mataderos-60255629.html,2026-10-04
Mataderos,"Av. Juan Bautista Alberdi 6286, C1440ABN Cdad. Autónoma de Buenos Aires, Argentina",573,870000,1518,,,,zonaprop,https://www.zonaprop.com.ar/propiedades/clasificado/vecltrin-unico-lote-sobre-av-j.-b.-alberdi-pleno-ctro.-57949489.html,2026-10-04
Mataderos,Pola 1100,185,345000,1865,139.163,2479,,zonaprop,https://www.zonaprop.com.ar/propiedades/clasificado/vecltrin-lote-para-desarrollo-excelente-ubicacion-mataderos-60199968.html,2026-10-04
Mataderos,"BRAGADO 6283. Entre Cafayate y Leguizamon, Martiniano",225,295000,1311,1500,197,usam,zonaprop,https://www.zonaprop.com.ar/propiedades/clasificado/vecltrin-lote.-bragado-al-6200-52331581.html,2026-10-04
Mataderos,"TIMOTEO GORDILLO 1743. Entre Manuel artigas y Zequeira, severo garcia gde.de",606,520000,858,,,usam,zonaprop,https://www.zonaprop.com.ar/propiedades/clasificado/vecltrin-venta-dos-lotes-en-block-595-m-sup2--proximo-b-naon-59226587.html,2026-10-04
Mataderos,ARAUJO 989. Entre Av Juan Bautista Alberdi y Manuel Artigas,135,290000,2148,,,,zonaprop,https://www.zonaprop.com.ar/propiedades/clasificado/vecltrin-lote.-araujo-al-900-50956686.html,2026-10-04
Parque Avellaneda,Avenida Directorio 3300,598,1150000,1923,3350,343,,zonaprop,https://www.zonaprop.com.ar/propiedades/clasificado/vecltrin-lote-av-directorio-3300-vendibles-3350-m-sup2-60056695.html,2026-10-04
Parque Avellaneda,Martínez Castro 1574,260,145000,558,,,,zonaprop,https://www.zonaprop.com.ar/propiedades/clasificado/vecltrin-venta-casa-en-parque-avellaneda-58650363.html,2026-10-04
Parque Avellaneda,Mariano Acosta al 1500,220,290000,1318,,,,zonaprop,https://www.zonaprop.com.ar/propiedades/clasificado/vecltrin-edificio-en-block-con-7-unidades-en-parque-avellaneda-58261125.html,2026-10-04
Parque Avellaneda,Av directorio 3838. Entre Laguna y Martinez castro,154,315000,2045,,,pb + 7,zonaprop,https://www.zonaprop.com.ar/propiedades/clasificado/vecltrin-venta-de-lote-en-parque-avellaneda-capital-federal-59038710.html,2026-10-04
Parque Avellaneda,"Alberdi, Juan Bautista AV.  al 4600",292,315000,1079,,,usaa,zonaprop,https://www.zonaprop.com.ar/propiedades/clasificado/vecltrin-excelente-terreno-en-parque-avellaneda-lideres-en-59206046.html,2026-10-04
Parque Avellaneda,Homero al 1300,252,159000,631,252.716,629,,zonaprop,https://www.zonaprop.com.ar/propiedades/clasificado/vecltrin-terreno-o-casa-con-local-a-reciclar-en-parque-60239509.html,2026-10-04
Parque Avellaneda,Av. Juan Bautista Alberdi 4400,288,260000,903,,,usaa,zonaprop,https://www.zonaprop.com.ar/propiedades/clasificado/vecltrin-excelente-lote!-m-construibles:-2261-98!-7-pisos!-2-51953064.html,2026-10-04
Parque Avellaneda,Martinez Castro al 600,214,295000,1379,,,usaa ,zonaprop,https://www.zonaprop.com.ar/propiedades/clasificado/vecltrin-terreno-en-venta-parque-avellaneda-60085432.html,2026-10-04
Parque Avellaneda,Av Juan B Alberdi 4600,292,320000,1096,2700,119,usaa ,zonaprop,https://www.zonaprop.com.ar/propiedades/clasificado/vecltrin-terreno-de-400-m-sup2--en-esquina.-sobre-av-j-b-59399514.html,2026-10-04
Parque Avellaneda,Mozart al 800,666,345000,518,2600,133,pb + 5,zonaprop,https://www.zonaprop.com.ar/propiedades/clasificado/vecltrin-terreno-en-mozart-al-800-58500190.html,2026-10-04
Parque Avellaneda,GREGORIO DE LAFERRERE Y ESCALADA,400,140000,350,,,,zonaprop,https://www.zonaprop.com.ar/propiedades/clasificado/vecltrin-venta-de-lote-unico!-de-8-66-x-46-m-de-fondo-49989157.html,2026-10-04
Parque Avellaneda,Recuerdos de Provincia 4526,550,250000,455,1844,136,usam 1,zonaprop,https://www.zonaprop.com.ar/propiedades/clasificado/vecltrin-excelente-lote-usam-1-a-construir-1.844-m.-59413774.html,2026-10-04
Parque Avellaneda,Francisco Bilbao 4407,142,135000,951,547,247,usab1,zonaprop,https://www.zonaprop.com.ar/propiedades/clasificado/vecltrin-lote-de-142-m-sup2-.-pb-y-3-plantas-tipo.-547-m-sup2-55953972.html,2026-10-04
Parque Avellaneda,Av. Escalada 1129. Entre Chascomus y Jose E. Rodo,365,400000,1096,1012,395,pb+7,zonaprop,https://www.zonaprop.com.ar/propiedades/clasificado/vecltrin-lote.-av-escalada-al-1100-58372920.html,2026-10-04
Parque Avellaneda,Mozart al 1300,240,168000,700,,,,zonaprop,https://www.zonaprop.com.ar/propiedades/clasificado/vecltrin-venta-lote-de-240-m-en-parque-avellaneda-59423922.html,2026-10-04
Parque Avellaneda,Av. Bruix 4361,146,159000,1089,,,usam,zonaprop,https://www.zonaprop.com.ar/propiedades/clasificado/vecltrin-terreno-oportunidad-en-parque-avellaneda-60097930.html,2026-10-04
Parque Avellaneda,Directorio al 4500,190,189000,995,1764,107,pb + 7,zonaprop,https://www.zonaprop.com.ar/propiedades/clasificado/vecltrin-terreno-en-venta-parque-avellaneda-mtrs-vendibles-59917914.html,2026-10-04
Parque Avellaneda,Jose Bonifacio al 4000,1155,230000,199,1155,199,usaa ,zonaprop,https://www.zonaprop.com.ar/propiedades/clasificado/vecltrin-terreno-8.70-m-x-24-m-1155-m-sup2--vendibles-usaa-jose-59263263.html,2026-10-04
Parque Avellaneda,Avenida Escalada 1200,458,275000,600,,,usaa ,zonaprop,https://www.zonaprop.com.ar/propiedades/clasificado/vecltrin-lote-452-m-deposito-galpon-y-local-usaa-suelo-b3-60243168.html,2026-10-04
Parque Avellaneda,Gregorio de Laferrere e/ Pasaje Espinillo y White,189,122000,646,,,,zonaprop,https://www.zonaprop.com.ar/propiedades/clasificado/vecltrin-terreno-en-venta-189-m-sup2--parque-avellaneda-60298724.html,2026-10-04
Parque Avellaneda,Avenida Eva Perón  al 4100,399,378300,948,,,,zonaprop,https://www.zonaprop.com.ar/propiedades/clasificado/vecltrin-terreno-comercial-en-parque-avellaneda-57089322.html,2026-10-04
Parque Avellaneda,Remedios  al 4400,244,195000,799,,,usab 1,zonaprop,https://www.zonaprop.com.ar/propiedades/clasificado/vecltrin-excelente-terreno-en-parque-avellaneda-lideres-en-59777150.html,2026-10-04
Parque Avellaneda,Av Directorio 3200,301,450000,1495,1777,253,usaa,zonaprop,https://www.zonaprop.com.ar/propiedades/clasificado/vecltrin-venta-lote-en-parque-avellaneda-60143510.html,2026-10-04
Parque Avellaneda,Avenida Directorio 4300,178,199000,1118,,,pb + 3,zonaprop,https://www.zonaprop.com.ar/propiedades/clasificado/vecltrin-venta-lote-parque-avellaneda-excelente-ubicacion-60152926.html,2026-10-04
Parque Avellaneda,Calle Jose E. Rodo 3900,144,240000,1667,1290,186,usaa,zonaprop,https://www.zonaprop.com.ar/propiedades/clasificado/vecltrin-venta-lote-usaa-o-casa-en-parque-avellaneda-60240596.html,2026-10-04
Parque Avellaneda,Mozart 1300,237,168000,709,,,,zonaprop,https://www.zonaprop.com.ar/propiedades/clasificado/vecltrin-casa-antigua-valor-terreno-8-66-x-27-57582389.html,2026-10-04
Parque Avellaneda,Echeandia al 3800,216,110000,509,,,,zonaprop,https://www.zonaprop.com.ar/propiedades/clasificado/vecltrin-terreno-en-venta-parque-avellaneda-58790758.html,2026-10-04
Parque Avellaneda,Tapalque 4311,140,195000,1393,,,,zonaprop,https://www.zonaprop.com.ar/propiedades/clasificado/vecltrin-lote-con-650-m-sup2--vendibles-pb-5-2-retiros-58480715.html,2026-10-04
Parque Avellaneda,Azul 700,104,65000,625,,,cm,zonaprop,https://www.zonaprop.com.ar/propiedades/clasificado/vecltrin-venta-terreno-contrafrente-parque-avellaneda-60072433.html,2026-10-04
Parque Avellaneda,Avenida Olivera 1200,199,240000,1206,,,usab 1,zonaprop,https://www.zonaprop.com.ar/propiedades/clasificado/vecltrin-p.-avellaneda-terreno.-2-phs-1-local.-usab-1-60134665.html,2026-10-04
Parque Avellaneda,WHITE 1353,397,185000,466,,,,zonaprop,https://www.zonaprop.com.ar/propiedades/clasificado/vecltrin-parque-avellaneda-lote-8.66-x-45.84-m-ideal-para-47492652.html,2026-10-04
Parque Avellaneda,"LACARRA, AVDA. 1012. Entre Garzon, eugenio y San pedro",245,129500,529,,,usab 1,zonaprop,https://www.zonaprop.com.ar/propiedades/clasificado/vecltrin-excelente-lote-frente-al-parque-usab-1-gran-59448824.html,2026-10-04
Parque Avellaneda,Av. San Juan Baustista de la Salle 1879. Entre Francisco Bilbao y Gregorio De Laferrere,154,132000,857,,,,zonaprop,https://www.zonaprop.com.ar/propiedades/clasificado/vecltrin-venta-de-casa-a-refaccionar-en-parque-avellaneda-59907536.html,2026-10-04
Parque Avellaneda,Moreto 700,254,140000,551,254.375,550,,zonaprop,https://www.zonaprop.com.ar/propiedades/clasificado/vecltrin-moreto-700-lote-en-venta-apto-construccion-parque-59877852.html,2026-10-04
Parque Avellaneda,Av. Juan Bautista Alberdi al 4600,399,290000,727,292.03,993,,zonaprop,https://www.zonaprop.com.ar/propiedades/clasificado/vecltrin-venta-terreno-local-parque-avellaneda-juan-59556600.html,2026-10-04
Parque Avellaneda,Avenida Mariano Acosta 900,197,210000,1066,,,,zonaprop,https://www.zonaprop.com.ar/propiedades/clasificado/vecltrin-venta:-lote-para-desarrollo-6-pisos-dos-retiros-60255160.html,2026-10-04
Parque Avellaneda,Avenida Escalada 2000,1153,680000,590,3972,171,usaa ,zonaprop,https://www.zonaprop.com.ar/propiedades/clasificado/vecltrin-lote-en-venta-p.-avellaneda-3.972-m-vendibles-60104125.html,2026-10-04
Parque Avellaneda,Av. Eva Peron 4257,123,195000,1585,796,245,pb+ 7,zonaprop,https://www.zonaprop.com.ar/propiedades/clasificado/vecltrin-venta-de-terreno-en-parque-avellaneda-55469483.html,2026-10-04
Parque Avellaneda,Av Bruix 4700,100,98000,980,,,,zonaprop,https://www.zonaprop.com.ar/propiedades/clasificado/vecltrin-casa-valor-terreno-8-66x12-m-52375249.html,2026-10-04
Parque Avellaneda,White al 700,497,210000,423,,,,zonaprop,https://www.zonaprop.com.ar/propiedades/clasificado/vecltrin-venta-de-terreno-en-usab1-60137312.html,2026-10-04
Parque Avellaneda,Avenida Juan Bautista Alberdi 4652,292,310000,1062,2700,115,usaa,zonaprop,https://www.zonaprop.com.ar/propiedades/clasificado/vecltrin-lote-en-esquina-usaa-2.700-m-sup2--construibles-59550474.html,2026-10-04
Parque Avellaneda,Remedios 4700,161,130000,807,644,202,pb + 3,zonaprop,https://www.zonaprop.com.ar/propiedades/clasificado/vecltrin-terreno-de-10-51-m-de-frente-por-15-31-m-de-fondo-en-58176608.html,2026-10-04
Parque Avellaneda,Homero al 600,234,190000,812,900,211,usam,zonaprop,https://www.zonaprop.com.ar/propiedades/clasificado/vecltrin-terreno-en-parque-avellaneda-8-66-x-27-construibles-59512908.html,2026-10-04
Parque Avellaneda,Pasaje Juan Leon Palliere 1319,161,132000,820,,,,zonaprop,https://www.zonaprop.com.ar/propiedades/clasificado/vecltrin-casa-de-3-ambientes-sobre-lote-de-lote-8.66-x-18-57999259.html,2026-10-04
Parque Avellaneda,Avenida Directorio 3538,356,450000,1264,,,,zonaprop,https://www.zonaprop.com.ar/propiedades/clasificado/vecltrin-terreno-356-m-sup2--sobre-av-directorio-3538-local-58565452.html,2026-10-04
Parque Avellaneda,Av. Directorio al 3500,406,395000,973,,,usab 2,zonaprop,https://www.zonaprop.com.ar/propiedades/clasificado/vecltrin-venta-terreno-en-parque-avellaneda-58720733.html,2026-10-04
Parque Avellaneda,Avenida Directorio 3800,179,325000,1816,1410,230,usaa ,zonaprop,https://www.zonaprop.com.ar/propiedades/clasificado/vecltrin-venta-lote-parque-avellaneda-60060803.html,2026-10-04
Parque Avellaneda,Bragado 4800,767,490000,639,4599,107,usam ,zonaprop,https://www.zonaprop.com.ar/propiedades/clasificado/vecltrin-venta-2-lotes-salida-a-dos-calles-ideal-desarrollo-57484504.html,2026-10-04
Parque Avellaneda,Av. Eva Perón al 4741,153,210000,1373,,,,zonaprop,https://www.zonaprop.com.ar/propiedades/clasificado/vecltrin-excelente-terreno-en-parque-avellaneda-zona-59242434.html,2026-10-04
Parque Avellaneda,Tandil 3987,182,124900,686,,,,zonaprop,https://www.zonaprop.com.ar/propiedades/clasificado/vecltrin-espectacular-lote-en-venta-a-m-de-parque-avellaneda-60147310.html,2026-10-04
Parque Avellaneda,Gregorio de Laferrere  al 4800,214,145000,678,,,,zonaprop,https://www.zonaprop.com.ar/propiedades/clasificado/vecltrin-venta-terreno-parque-avellaneda-parque-cochera-57478992.html,2026-10-04
Parque Avellaneda,Avenida General Eugenio Garzón 4600,240,135000,562,,,,zonaprop,https://www.zonaprop.com.ar/propiedades/clasificado/vecltrin-en-venta-lote-parque-avellaneda-60220558.html,2026-10-04
Parque Avellaneda,Santander 4063. Entre Asturias y Mozart,197,150000,761,,,,zonaprop,https://www.zonaprop.com.ar/propiedades/clasificado/vecltrin-venta-de-terreno-en-parque-avellaneda-52113066.html,2026-10-04
Parque Avellaneda,Avenida General Eugenio Garzón 4800,184,98000,533,,,,zonaprop,https://www.zonaprop.com.ar/propiedades/clasificado/vecltrin-lote-en-venta-parque-avellaneda-60258809.html,2026-10-04
Parque Avellaneda,Av. Mariano Acosta 900,206,149000,723,780,191,usam,zonaprop,https://www.zonaprop.com.ar/propiedades/clasificado/vecltrin-lote-parque-avellaneda-av-mariano-acosta-al-900-56740382.html,2026-10-04
Parque Avellaneda,Jose Bonifacio Al 4000,267,399000,1494,1396,286,,zonaprop,https://www.zonaprop.com.ar/propiedades/clasificado/vecltrin-lote-parque-avellaneda-jose-bonifacio-4000-casi-todo-53362674.html,2026-10-04
Parque Avellaneda,Mariano Acosta 900,355,219900,619,1295,170,usam ,zonaprop,https://www.zonaprop.com.ar/propiedades/clasificado/vecltrin-venta-lote-8.66-x-41-m.-parque-avellaneda-60274861.html,2026-10-04
Parque Avellaneda,Jose Bonifacio 3960,230,220000,957,,,usaa ,zonaprop,https://www.zonaprop.com.ar/propiedades/clasificado/vecltrin-venta-lote-230-m-sup2--parque-avellaneda-59253174.html,2026-10-04
Parque Avellaneda,Garzon 4850,263,270000,1027,,,,zonaprop,https://www.zonaprop.com.ar/propiedades/clasificado/vecltrin-terreno-en-venta-263-m-sup2--en-floresta-parque-57128862.html,2026-10-04
Parque Chacabuco,Jose Maria Moreno  al 900,130,350000,2692,900,389,,zonaprop,https://www.zonaprop.com.ar/propiedades/clasificado/vecltrin-terreno-en-venta-j.-m.-moreno-al-900.terreno-sup-total-56574909.html,2026-10-04
Parque Chacabuco,Tejedor al 200,1424,1900000,1334,6203,306,,zonaprop,https://www.zonaprop.com.ar/propiedades/clasificado/vecltrin-terreno-venta-caba-parque-chacabuco-59141423.html,2026-10-04
Parque Chacabuco,"HORTIGUERA 800. Entre Avenida Eva Peron y Fernandez Moreno, B.",145,435000,3000,1529,284,usaa,zonaprop,https://www.zonaprop.com.ar/propiedades/clasificado/vecltrin-lote-venta-apto-1500-m-sup2-.-59244012.html,2026-10-04
Parque Chacabuco,Carabobo AV.  al 1400,478,259000,542,,,usam,zonaprop,https://www.zonaprop.com.ar/propiedades/clasificado/vecltrin-excelente-terreno-en-parque-chacabuco-lideres-en-59206038.html,2026-10-04
Parque Chacabuco,Somellera  al 1200,403,199000,494,,,usab 0,zonaprop,https://www.zonaprop.com.ar/propiedades/clasificado/vecltrin-lote-propio-de-8-66-x-46-en-block-en-parque-chacabuco-59439213.html,2026-10-04
Parque Chacabuco,"Doblas 1400 Terreno 17,20x49 Apto 2440m2 Vendibles P.chacabuco Venta",843,890000,1056,,,,zonaprop,https://www.zonaprop.com.ar/propiedades/clasificado/vecltrin-doblas-1400-terreno-17-20x49-apto-2440-m-sup2-56151207.html,2026-10-04
Parque Chacabuco,Avenida Asamblea 1700,821,650000,792,2300,283,,zonaprop,https://www.zonaprop.com.ar/propiedades/clasificado/vecltrin-exc.-lote-en-venta-parque-chacabuco!-2300-m-sup2-60104694.html,2026-10-04
Parque Chacabuco,Viel  al 900,116,450000,3879,,,cm,zonaprop,https://www.zonaprop.com.ar/propiedades/clasificado/vecltrin-venta-de-terreno-en-parque-chacabuco-capital-federal-58925378.html,2026-10-04
Parque Chacabuco,Av. La Plata 2011,175,210000,1200,,,,zonaprop,https://www.zonaprop.com.ar/propiedades/clasificado/vecltrin-lote-de-terreno-en-excelente-ubicacion-58588933.html,2026-10-04
Parque Chacabuco,Av Cobo  al 1400,770,480000,623,2175.23,221,pb + 7,zonaprop,https://www.zonaprop.com.ar/propiedades/clasificado/vecltrin-venta-galpon-deposito-terreno-en-parque-chacabuco-59842551.html,2026-10-04
Parque Chacabuco,Avenida José María Moreno 1773,430,360000,837,157.972,2279,,zonaprop,https://www.zonaprop.com.ar/propiedades/clasificado/vecltrin--nuevo-valor-venta-en-block-casa-multifamiliar-sin-59945286.html,2026-10-04
Parque Chacabuco,Saraza 1400,1305,980000,751,,,,zonaprop,https://www.zonaprop.com.ar/propiedades/clasificado/vecltrin-lote-1.300-m-padel-proyec-colegios-desarr-60245370.html,2026-10-04
Parque Chacabuco,Avenida Asamblea 25,305,699000,2292,,,,zonaprop,https://www.zonaprop.com.ar/propiedades/clasificado/vecltrin-solo-desarrolladores.-terreno-de-305-m-sup2--en-venta-58870468.html,2026-10-04
Parque Chacabuco,Emilio Mitre 850. Entre Av eva peron y Zuviria,1810,850000,470,1810,470,pb + 4,zonaprop,https://www.zonaprop.com.ar/propiedades/clasificado/vecltrin-venta-de-lote-con-frente-al-parque-chacabuco-capital-60042212.html,2026-10-04
Parque Chacabuco,"CARABOBO, AVDA. 649",345,520000,1507,,,pb + 5,zonaprop,https://www.zonaprop.com.ar/propiedades/clasificado/vecltrin-lote.-carabobo-avda.-al-600-58428137.html,2026-10-04
Parque Chacabuco,Avenida Castañares al 1600,608,460000,757,1658,277,usam ,zonaprop,https://www.zonaprop.com.ar/propiedades/clasificado/vecltrin-local-con-vivienda-de-608-m-sup2--en-terreno-usam-57978902.html,2026-10-04
Parque Chacabuco,Viel y Saranza,114,130000,1140,,,,zonaprop,https://www.zonaprop.com.ar/propiedades/clasificado/vecltrin-terreno-en-venta-114-m-sup2--parque-chacabuco-59863191.html,2026-10-04
Parque Chacabuco,Del Barco Centenera 877,308,620000,2013,,,,zonaprop,https://www.zonaprop.com.ar/propiedades/clasificado/vecltrin-lote-de-terreno-en-venta-caballito-parque-chacabuco-60111871.html,2026-10-04
Parque Chacabuco,Salas al 600,373,350000,938,,,usab 2,zonaprop,https://www.zonaprop.com.ar/propiedades/clasificado/vecltrin-terreno-en-parque-chacabuco-59342011.html,2026-10-04
Parque Chacabuco,Av. Cobo 1045,188,129000,686,,,,zonaprop,https://www.zonaprop.com.ar/propiedades/clasificado/vecltrin-lote-en-excelente-ubicacion-58654780.html,2026-10-04
Parque Chacabuco,Picheuta al 1800,323,180000,557,,,,zonaprop,https://www.zonaprop.com.ar/propiedades/clasificado/vecltrin-terreno-parque-chacabuco-56402982.html,2026-10-04
Parque Chacabuco,Curapaligue al 800,215,350000,1628,1117,313,usaa,zonaprop,https://www.zonaprop.com.ar/propiedades/clasificado/vecltrin-terreno-en-parque-chacabuco-curapaligue-800-60240229.html,2026-10-04
Parque Chacabuco,Cachimayo 1540,180,179000,994,520,344,,zonaprop,https://www.zonaprop.com.ar/propiedades/clasificado/vecltrin-terreno-8-66-x-21-59130523.html,2026-10-04
Parque Chacabuco,ESTRADA 200,515,350000,680,1178,297,pb + 5+ 2,zonaprop,https://www.zonaprop.com.ar/propiedades/clasificado/vecltrin-lote-8-52-x-39-55-o-venta-vivienda-multifamiliar-56131008.html,2026-10-04
Parque Chacabuco,Balbastro al 500,164,155000,945,,,,zonaprop,https://www.zonaprop.com.ar/propiedades/clasificado/vecltrin-venta-terreno-en-parque-chacabuco-59232524.html,2026-10-04
Parque Chacabuco,AVENIDA EVA PERON 1000,142,450000,3169,,,,zonaprop,https://www.zonaprop.com.ar/propiedades/clasificado/vecltrin-terreno-lote-en-venta-ubicado-en-parque-chacabuco-47762035.html,2026-10-04
Parque Chacabuco,Avelino Díaz 300,314,300000,955,1273,236,usam ,zonaprop,https://www.zonaprop.com.ar/propiedades/clasificado/vecltrin-lote-314-m-sup2--parque-chacabuco-boedo-60076104.html,2026-10-04
Parque Chacabuco,Viel  al 1300,245,330000,1347,,,usaa,zonaprop,https://www.zonaprop.com.ar/propiedades/clasificado/vecltrin-excelente-terreno-en-parque-chacabuco-lideres-en-59207687.html,2026-10-04
Parque Chacabuco,Avenida Carabobo 1200,152,154000,1013,,,,zonaprop,https://www.zonaprop.com.ar/propiedades/clasificado/vecltrin-casa-a-refaccionar-sobre-lote-propio-p.-chacabuco-60061228.html,2026-10-04
Parque Chacabuco,Avenida Carabobo 1200,152,154000,1013,,,,zonaprop,https://www.zonaprop.com.ar/propiedades/clasificado/vecltrin-venta-lote-parque-chacabuco-60287005.html,2026-10-04
Parque Chacabuco,Gregorio Laferrere al 1100,340,950000,2794,,,usaa,zonaprop,https://www.zonaprop.com.ar/propiedades/clasificado/vecltrin-terreno-parque-chacabuco-lideres-en-terrenos-59207491.html,2026-10-04
Parque Chacabuco,Av. Cobo al 600,125,149000,1192,,,usam,zonaprop,https://www.zonaprop.com.ar/propiedades/clasificado/vecltrin-av-cobo-600-local-en-lote-propio-terreno-usam-acepta-60278612.html,2026-10-04
Parque Chacabuco,Doblas  al 1400,843,790000,937,2440,324,,zonaprop,https://www.zonaprop.com.ar/propiedades/clasificado/vecltrin-venta-terreno-casa-deposito-en-parque-chacabuco-56874269.html,2026-10-04
Parque Chacabuco,Viel al 1100,1424,2400000,1685,6.2,387097,,zonaprop,https://www.zonaprop.com.ar/propiedades/clasificado/vecltrin-excelente-inmueble-con-salida-a-2-calles-de-17-30-mt-58392759.html,2026-10-04
Parque Chacabuco,Gregorio Laferrere al 1100,340,950000,2794,,,,zonaprop,https://www.zonaprop.com.ar/propiedades/clasificado/vecltrin-excelente-terreno-planos-aprobados-y-derechos-pagos-59207485.html,2026-10-04
Parque Chacabuco,Tejedor 200,1424,1900000,1334,,,,zonaprop,https://www.zonaprop.com.ar/propiedades/clasificado/vecltrin-lote-1.424-m-sup2--capacidad-constructiva:-6.203-60200126.html,2026-10-04
Parque Chacabuco,Av. Juan Bautista Alberdi al 2100,205,450000,2195,1383,325,pb + 10,zonaprop,https://www.zonaprop.com.ar/propiedades/clasificado/vecltrin-terreno-en-venta-en-flores-alberdi-2100-55891955.html,2026-10-04
Parque Chacabuco,Thorne al 1200,131,170000,1298,1120,152,,zonaprop,https://www.zonaprop.com.ar/propiedades/clasificado/vecltrin-venta-casa-6-ambientes-lote-usaa-55428445.html,2026-10-04
Parque Chacabuco,Zañartu y Senillosa,124,130000,1048,,,,zonaprop,https://www.zonaprop.com.ar/propiedades/clasificado/vecltrin-terreno-en-venta-124-m-sup2--parque-chacabuco-60246561.html,2026-10-04
Parque Chacabuco,Avenida Asamblea e/ Thorne y Pumacahua,382,1200000,3141,,,,zonaprop,https://www.zonaprop.com.ar/propiedades/clasificado/vecltrin-terreno-en-venta-382-55-m-sup2--parque-chacabuco-59578896.html,2026-10-04
Parque Chacabuco,"Parque Chacabuco, Viel 1376, Ciudad Autónoma de Buenos Aires, Argentina",315,480000,1524,2436.7,197,pb + 5,zonaprop,https://www.zonaprop.com.ar/propiedades/clasificado/vecltrin-viel-1376-esquina-av-vernet.-56245341.html,2026-10-04
Parque Chacabuco,Saraza al 1500,124,90000,726,,,,zonaprop,https://www.zonaprop.com.ar/propiedades/clasificado/vecltrin-lote-de-8-66-x-14-32-superficie-124-m-sup2--58162073.html,2026-10-04
Parque Chacabuco,CURAPALIGUE 695,106,350000,3302,,,,zonaprop,https://www.zonaprop.com.ar/propiedades/clasificado/vecltrin-terreno-en-esquina-de-106-m-sup2--zonificacion-usab2-51836816.html,2026-10-04
Parque Chacabuco,Tejedor 400,1700,1800000,1059,,,,zonaprop,https://www.zonaprop.com.ar/propiedades/clasificado/vecltrin-lote-de-grandes-dimensiones-con-salida-a-dos-callles-58838575.html,2026-10-04
Parque Chacabuco,Balbastro al 1000,355,350000,986,,,,zonaprop,https://www.zonaprop.com.ar/propiedades/clasificado/vecltrin-terreno-parque-chacabuco-balbastro-1000-57130380.html,2026-10-04
Parque Chacabuco,Asamblea al 311,182,340000,1868,,,,zonaprop,https://www.zonaprop.com.ar/propiedades/clasificado/vecltrin-terreno-en-venta-o-propiedad-en-block-para-reciclar-56106998.html,2026-10-04
Parque Chacabuco,Davila 1171,800,300000,375,,,,zonaprop,https://www.zonaprop.com.ar/propiedades/clasificado/vecltrin-davila-1171-parque-chacabuco-caba-lote-doble-salida-56979422.html,2026-10-04
Parque Chacabuco,Emilio Mitre al 700,323,690000,2136,245,2816,usaa,zonaprop,https://www.zonaprop.com.ar/propiedades/clasificado/vecltrin-unico-lote-de-terreno-en-parque-chacabuco-57696763.html,2026-10-04
Parque Chacabuco,Curapaligüe 800. Entre Primera Junta y Baldomero Fernández Moreno,215,350000,1628,1117,313,usaa,zonaprop,https://www.zonaprop.com.ar/propiedades/clasificado/vecltrin-curapaligue-800-parque-chacabuco-lote-u$350.000-57973225.html,2026-10-04
Parque Chacabuco,Salas al 600,375,350000,933,,,,zonaprop,https://www.zonaprop.com.ar/propiedades/clasificado/vecltrin-terreno-en-parque-chacabuco-58642130.html,2026-10-04
Parque Chacabuco,Dávila 1100,157,269900,1719,,,pb + 6,zonaprop,https://www.zonaprop.com.ar/propiedades/clasificado/vecltrin-lote-para-desarrollo-pb-6-parque-chacabuco-60067733.html,2026-10-04
Parque Chacabuco,Emilio Mitre al 1400,424,390000,920,375,1040,,zonaprop,https://www.zonaprop.com.ar/propiedades/clasificado/vecltrin-gran-oportunidad-terreno-de-424-m-sup2--a-150-m-del-60045197.html,2026-10-04
Parque Chacabuco,Malvinas Argentinas 884,150,260000,1733,1029,253,usaa,zonaprop,https://www.zonaprop.com.ar/propiedades/clasificado/vecltrin-venta-terreno-usaa-8-66-x-17-1029-m-sup2-60228123.html,2026-10-04
Parque Chacabuco,San José de Calasanz al 900,181,450000,2486,,,,zonaprop,https://www.zonaprop.com.ar/propiedades/clasificado/vecltrin-venta-terreno-esquina-calasanz-y-zuviria-59846834.html,2026-10-04
Parque Chacabuco,José María Moreno al 1400,362,330000,912,,,usaa,zonaprop,https://www.zonaprop.com.ar/propiedades/clasificado/vecltrin-oportunidad-desarrolladores-lote-sobre-av-jose-maria-57957588.html,2026-10-04
Parque Chacabuco,Av. Cobo 518,260,180000,692,,,,zonaprop,https://www.zonaprop.com.ar/propiedades/clasificado/vecltrin-ideal-emprendimiento-inmobiliario!-lote-7.45x11.60-56113481.html,2026-10-04
Parque Chacabuco,Coronel Martiniano Chilavert 1100,192,105000,547,175.518,598,usam,zonaprop,https://www.zonaprop.com.ar/propiedades/clasificado/vecltrin-excelente-terreno-en-la-calle-chilavert-al-1100-59541293.html,2026-10-04
Parque Chacabuco,Thorne 1200,122,115000,943,,,usab2,zonaprop,https://www.zonaprop.com.ar/propiedades/clasificado/vecltrin-terreno-lote-en-venta-en-parque-chacabuco-capital-58525189.html,2026-10-04
Parque Chacabuco,Malvinas Argentinas al 400,127,499000,3929,1296,385,usaa ,zonaprop,https://www.zonaprop.com.ar/propiedades/clasificado/vecltrin-venta-terreno-caballito-sur-parque-chacabuco-planos-59773147.html,2026-10-04
Parque Chacabuco,Gregorio de la Ferrere 1500,180,300000,1667,,,,zonaprop,https://www.zonaprop.com.ar/propiedades/clasificado/vecltrin-venta-de-terreno-para-emprendimiento-edilicio-59016048.html,2026-10-04
Parque Chacabuco,Riglos al 800,120,350000,2917,12269,29,,zonaprop,https://www.zonaprop.com.ar/propiedades/clasificado/vecltrin-excelente-oportunidad-terreno-de-8.66-x-13.85-59643418.html,2026-10-04
Parque Chacabuco,José María Moreno al 1300,176,370000,2102,,,,zonaprop,https://www.zonaprop.com.ar/propiedades/clasificado/vecltrin-gran-oportunidad-terreno-de-190-m-sup2--sobre-av-60087408.html,2026-10-04
Parque Chacabuco,Avenida Castañares 1100,267,299000,1120,265.395,1127,usam ,zonaprop,https://www.zonaprop.com.ar/propiedades/clasificado/vecltrin-venta-lote-salida-a-2-calles-en-parque-chacabuco-60173447.html,2026-10-04
Parque Chacabuco,Baldomero Fernández Moreno 1485,260,320000,1231,14.6,21918,,zonaprop,https://www.zonaprop.com.ar/propiedades/clasificado/vecltrin-terreno-8-66x30-usab-ii-59696424.html,2026-10-04
Parque Chacabuco,Eva Peron al 1000,764,500000,654,,,,zonaprop,https://www.zonaprop.com.ar/propiedades/clasificado/vecltrin-excelente-terreno-a-150-m-del-parque-chacabuco-58377100.html,2026-10-04
Parque Chacabuco,Asamblea 0,300,475000,1583,1215,391,Pb + 7,zonaprop,https://www.zonaprop.com.ar/propiedades/clasificado/vecltrin-lote-av-asamblea-25-parque-chacabuco-60183539.html,2026-10-04
Parque Chacabuco,Av Asamblea  al 1600,382,1200000,3141,3135.1,383,,zonaprop,https://www.zonaprop.com.ar/propiedades/clasificado/vecltrin-venta-terreno-avasamblea-y-thorne-parque-chacabuco-52721530.html,2026-10-04
Parque Chacabuco,Cachimayo 1836,652,260000,399,1272,204,usab1,zonaprop,https://www.zonaprop.com.ar/propiedades/clasificado/vecltrin-venta-lote-parque-chacabuco-57714716.html,2026-10-04
Parque Chacabuco,Riglos 800,488,990000,2029,,,usaa ,zonaprop,https://www.zonaprop.com.ar/propiedades/clasificado/vecltrin-venta-de-lote-apto-desarrollo-56.38-m-de-fondo-60163219.html,2026-10-04
Parque Chacabuco,Avelino Díaz 1100,80,75000,938,,,,zonaprop,https://www.zonaprop.com.ar/propiedades/clasificado/vecltrin-venta-lote-terreno-propio-parque-chacabuco-60158796.html,2026-10-04
Parque Chacabuco,Av. Asamblea al 200,310,410000,1323,1920,214,,zonaprop,https://www.zonaprop.com.ar/propiedades/clasificado/vecltrin-venta-de-lote-sobre-av-asamblea-u.-s.-a.-a-59327847.html,2026-10-04
Parque Chacabuco,Av. Asamblea 1600,382,1200000,3141,3135.1,383,,zonaprop,https://www.zonaprop.com.ar/propiedades/clasificado/vecltrin-terreno-lote-en-venta-o-permuta-ubicado-parque-53877064.html,2026-10-04
Parque Chacabuco,Parque Chacabuco,382,1200000,3141,3135.1,383,,zonaprop,https://www.zonaprop.com.ar/propiedades/clasificado/vecltrin--oportunidad-unica!-lote-apto-desarrollo-en-parque-57533419.html,2026-10-04
Parque Chacabuco,Avenida Asamblea 1550,1886,2000000,1060,,,,zonaprop,https://www.zonaprop.com.ar/propiedades/clasificado/vecltrin-terreno-en-venta-parque-chacabuco-57262767.html,2026-10-04
Parque Chacabuco,Hortiguera 1766,251,110000,438,,,usab 1,zonaprop,https://www.zonaprop.com.ar/propiedades/clasificado/vecltrin-terreno-8.66x26.92-usab-1-pb-3-pisos.-60282482.html,2026-10-04
Parque Chacabuco,Senillosa  al 900,153,299900,1960,1168,257,usaa,zonaprop,https://www.zonaprop.com.ar/propiedades/clasificado/vecltrin-venta-lote-parque-chacabuco-56703053.html,2026-10-04
Parque Chacabuco,Picheuta al 1800,323,180000,557,,,,zonaprop,https://www.zonaprop.com.ar/propiedades/clasificado/vecltrin-terreno-parque-chacabuco-56306199.html,2026-10-04
Parque Chacabuco,Gregorio De Laferrere 1800,150,220000,1467,17.32,12702,,zonaprop,https://www.zonaprop.com.ar/propiedades/clasificado/vecltrin-terreno-en-parque-chacabuco-6-psisos-624-m-sup2-56079803.html,2026-10-04
Parque Chacabuco,Senillosa 1300,178,190000,1067,1148,166,usam,zonaprop,https://www.zonaprop.com.ar/propiedades/clasificado/vecltrin-venta-lote-en-parque-chacabuco-acepta-canje-m-sup2-60256487.html,2026-10-04
Parque Chacabuco,av asamblea 478,449,600000,1336,1911.74,314,,zonaprop,https://www.zonaprop.com.ar/propiedades/clasificado/vecltrin-venta-lote-parque-chacabuco-59636403.html,2026-10-04
Parque Chacabuco,Senillosa 1941,314,180000,573,,,,zonaprop,https://www.zonaprop.com.ar/propiedades/clasificado/vecltrin-venta-lote-casa-a-reciclar-parque-chacabuco-59804872.html,2026-10-04
Parque Chacabuco,Senillosa  al 900,153,299000,1954,1168,256,usaa,zonaprop,https://www.zonaprop.com.ar/propiedades/clasificado/vecltrin-venta-lote-parque-chacabuco-59619495.html,2026-10-04
Parque Chacabuco,Riglos 1000,520,690000,1327,,,,zonaprop,https://www.zonaprop.com.ar/propiedades/clasificado/vecltrin-terreno-en-parque-chacabuco-59615952.html,2026-10-04
Parque Chacabuco,Salas 380,175,310000,1771,,,,zonaprop,https://www.zonaprop.com.ar/propiedades/clasificado/vecltrin-hermoso-lote-en-una-magnifica-zona-de-parque-chacabuco-60316315.html,2026-10-04
Parque Chacabuco,Av Eva Peron,1400,700000,500,,,usaa,zonaprop,https://www.zonaprop.com.ar/propiedades/clasificado/vecltrin-terreno-8-66-x-35-1400-m-construibles-subte-emilio-57340361.html,2026-10-04
Parque Chacabuco,Dávila 1100,160,250000,1562,,,,zonaprop,https://www.zonaprop.com.ar/propiedades/clasificado/vecltrin-davila-1100-caba-casa-lote-propio-ideal-proyecto-59786764.html,2026-10-04
Parque Chacabuco,ZA?ARTU 400,124,115000,927,,,usam,zonaprop,https://www.zonaprop.com.ar/propiedades/clasificado/vecltrin-terreno-en-venta-en-parque-chacabuco-59108684.html,2026-10-04
Parque Chacabuco,Riglos 800,100,900000,9000,1864,483,,zonaprop,https://www.zonaprop.com.ar/propiedades/clasificado/vecltrin-terreno-fraccion-en-venta-en-parque-chacabuco-capital-60217283.html,2026-10-04
Parque Chacabuco,Riglos 800,100,950000,9500,1864,510,,zonaprop,https://www.zonaprop.com.ar/propiedades/clasificado/vecltrin-terreno-en-venta-ubicado-en-parque-chacabuco-capital-58516731.html,2026-10-04
Parque Chacabuco,VIEL 1800. Entre Saraza y ZaÑartu,433,230000,531,,,,zonaprop,https://www.zonaprop.com.ar/propiedades/clasificado/vecltrin-lote.-viel-1800-48522480.html,2026-10-04
Parque Chacabuco,Santander 1800,350,249000,711,1425,175,,zonaprop,https://www.zonaprop.com.ar/propiedades/clasificado/vecltrin-venta-lote-10-x-35-parque-chacabuco-60287374.html,2026-10-04
Parque Chacabuco,Santander 1500,183,335000,1831,1600,209,usaa,zonaprop,https://www.zonaprop.com.ar/propiedades/clasificado/vecltrin-lote-parque-chacabuco-santander-1500-para-1600-56535580.html,2026-10-04
Parque Chacabuco,Avelino Díaz 300,314,300000,955,1273,236,usam ,zonaprop,https://www.zonaprop.com.ar/propiedades/clasificado/vecltrin-lote-314-m-sup2--para-desarrollo-parque-chacabuco-59551299.html,2026-10-04
Parque Chacabuco,Francisco Bilbao 1700,347,400000,1153,1122,357,,zonaprop,https://www.zonaprop.com.ar/propiedades/clasificado/vecltrin-lote-en-venta-caballito-parque-chacabuco-60126934.html,2026-10-04
Parque Chacabuco,Achával 600,177,290000,1638,,,usab 1,zonaprop,https://www.zonaprop.com.ar/propiedades/clasificado/vecltrin-venta-lote-parque-chacabuco-oportunidad!-60092772.html,2026-10-04
Parque Chacabuco,Asamblea Al 1700,449,1290000,2873,,,,zonaprop,https://www.zonaprop.com.ar/propiedades/clasificado/vecltrin-lote-parque-chacabuco-asamblea-al-1700-muy-fexible-53196496.html,2026-10-04
Parque Chacabuco,Avelino Díaz 300,314,300000,955,1273,236,usam ,zonaprop,https://www.zonaprop.com.ar/propiedades/clasificado/vecltrin-lote-314-m-sup2--parque-chacabuco-boedo-59801100.html,2026-10-04
Parque Chacabuco,Achával 700,178,550000,3090,1350,407,,zonaprop,https://www.zonaprop.com.ar/propiedades/clasificado/vecltrin-venta-lote-p.-chacabuco-para-desarrollo-60136035.html,2026-10-04
Parque Chacabuco,Doblas Al 1000,649,1390000,2142,6523,213,,zonaprop,https://www.zonaprop.com.ar/propiedades/clasificado/vecltrin-lote-doblas-1000-cerca-de-pedro-goyena-mucho-canje-55409094.html,2026-10-04
Parque Chacabuco,Avenida Asamblea 400,790,1475000,1867,4715,313,usaa,zonaprop,https://www.zonaprop.com.ar/propiedades/clasificado/vecltrin-terreno-doble-frente-en-venta-parque-chacabuco-60151864.html,2026-10-04
Parque Chacabuco,Viel 1800,117,110000,940,,,usab 1,zonaprop,https://www.zonaprop.com.ar/propiedades/clasificado/vecltrin-casa-lote-propio-en-venta-parque-chacabuco-60191535.html,2026-10-04
Parque Chacabuco,Zañartu al 1200,380,300000,789,,,,zonaprop,https://www.zonaprop.com.ar/propiedades/clasificado/vecltrin-terreno-en-parque-chacabuco-56730799.html,2026-10-04
Boedo,Las Casas al 3600,147,230000,1565,975,236,usaa,zonaprop,https://www.zonaprop.com.ar/propiedades/clasificado/vecltrin-venta-terreno-local-galpon-147-m-sup2--en-boedo-apto-58595227.html,2026-10-04
Boedo,"Pasaje Bidegain al 4300, Boedo",165,225000,1364,1064,211,,zonaprop,https://www.zonaprop.com.ar/propiedades/clasificado/vecltrin-venta-lote-apto-desarrollo-774-m-sup2--vendibles-60072779.html,2026-10-04
Boedo,Muñiz al 1300,101,250000,2475,700,357,,zonaprop,https://www.zonaprop.com.ar/propiedades/clasificado/vecltrin-terreno-en-venta-boedo-59737209.html,2026-10-04
Boedo,Av. San Juan  al 3400,356,900000,2528,,,,zonaprop,https://www.zonaprop.com.ar/propiedades/clasificado/vecltrin-excelente-lote-boedo-3139-m-vendibles-58786273.html,2026-10-04
Boedo,Colombres al 900,122,350000,2869,958,365,usaa 2,zonaprop,https://www.zonaprop.com.ar/propiedades/clasificado/vecltrin-terreno-en-venta-en-boedo-59796424.html,2026-10-04
Boedo,"Marmol, Jose al 1700",120,115000,958,48060,2,usab 1,zonaprop,https://www.zonaprop.com.ar/propiedades/clasificado/vecltrin-excelente-terreno-en-boedo-lideres-en-terrenos-59207708.html,2026-10-04
Boedo,"Tarija 3850, Ciudad Autónoma de Buenos Aires, Argentina",626,1000000,1597,,,pb + 3,zonaprop,https://www.zonaprop.com.ar/propiedades/clasificado/vecltrin--x1f3d7-excelente-lote-en-venta-tarija-3850-59857162.html,2026-10-04
Boedo,Quintino Bocayuva al 1100,224,270000,1205,1314,205,usaa ,zonaprop,https://www.zonaprop.com.ar/propiedades/clasificado/vecltrin-venta-terreno-usaa-en-quintino-bocayuva-y-av-san-juan-59617604.html,2026-10-04
Boedo,Maza al 1800,217,165000,760,860,192,usab2,zonaprop,https://www.zonaprop.com.ar/propiedades/clasificado/vecltrin-venta-terreno-usab2-en-boedo-790-m-sup2--vendibles-5-59619412.html,2026-10-04
Boedo,Avenida Pavón al 3800,141,275000,1950,1520,181,usaa ,zonaprop,https://www.zonaprop.com.ar/propiedades/clasificado/vecltrin-venta-terreno-usaa-en-av-pavon-y-castro-barros-1028-59584441.html,2026-10-04
Boedo,Guayaquil al 500,933,420000,450,10033,42,usaa ,zonaprop,https://www.zonaprop.com.ar/propiedades/clasificado/vecltrin-venta-terreno-usaa-746-m-sup2--vendibles-10-pisos-59639663.html,2026-10-04
Boedo,Av Chiclana  al 4100,1161,2500000,2153,6550,382,,zonaprop,https://www.zonaprop.com.ar/propiedades/clasificado/vecltrin-venta-local-comercial-sobre-3-lotes-boedo-59751224.html,2026-10-04
Boedo,Independencia 4300,278,1100000,3957,2676,411,,zonaprop,https://www.zonaprop.com.ar/propiedades/clasificado/vecltrin-lote-en-venta-sobre-av-60170889.html,2026-10-04
Boedo,Virrey Liniers  al 2000,336,310000,923,2100,148,usam,zonaprop,https://www.zonaprop.com.ar/propiedades/clasificado/vecltrin-terreno-en-boedo-59211484.html,2026-10-04
Boedo,"INCLAN 2832. Entre Luca, Esteban De y Dean Funes",1180,325000,275,1227,265,usab 2,zonaprop,https://www.zonaprop.com.ar/propiedades/clasificado/vecltrin-oportunidad!-1180-m-sup2--vendibles-u$s296-de-49744810.html,2026-10-04
Boedo,Pasaje Pereyra al 1500,320,308000,962,,,,zonaprop,https://www.zonaprop.com.ar/propiedades/clasificado/vecltrin-venta-casa-en-boedo-4-ambientes-320-m-sup2--sobre-59405817.html,2026-10-04
Boedo,Virrey Liniers al 1700,190,230000,1211,,,usab2,zonaprop,https://www.zonaprop.com.ar/propiedades/clasificado/vecltrin-venta-casa-6-ambientes-190-m-sup2--terreno-de-104-59736345.html,2026-10-04
Boedo,MAZA 1579. Entre Pavon y Tarija,341,580000,1701,2398,242,usaa,zonaprop,https://www.zonaprop.com.ar/propiedades/clasificado/vecltrin-venta-lote-boedo-59158208.html,2026-10-04
Boedo,AV CASEROS 4115. Entre Av la plata y Muñiz,148,260000,1757,1685,154,pb + 10,zonaprop,https://www.zonaprop.com.ar/propiedades/clasificado/vecltrin-lote-boedo-59402142.html,2026-10-04
Boedo,Av La Plata al 2300,330,480000,1455,3400,141,usaa,zonaprop,https://www.zonaprop.com.ar/propiedades/clasificado/vecltrin-local-en-pompeya-59799017.html,2026-10-04
Boedo,Avenida Independencia al 3900,230,260000,1130,,,,zonaprop,https://www.zonaprop.com.ar/propiedades/clasificado/vecltrin-lote-sobre-av-independencia-al-3900-de-8-25x28-ae26.-57301667.html,2026-10-04
Boedo,Av. Independencia 3400,196,550000,2806,,,,zonaprop,https://www.zonaprop.com.ar/propiedades/clasificado/vecltrin-terreno-en-venta-en-boedo-av-independencia-3400-57419833.html,2026-10-04
Boedo,Cochabamba al 3300,81,160000,1975,650,246,usaa ,zonaprop,https://www.zonaprop.com.ar/propiedades/clasificado/vecltrin-venta-lote-usaa-boedo-650-m-sup2--vendibles-59880260.html,2026-10-04
Boedo,MAZA 1876 CABA,217,180000,829,858.95,210,usab 2,zonaprop,https://www.zonaprop.com.ar/propiedades/clasificado/vecltrin-maza-al-1800-boedo-57262375.html,2026-10-04
Boedo,Inclan 4200,333,220000,661,875,251,usab 2,zonaprop,https://www.zonaprop.com.ar/propiedades/clasificado/vecltrin-terreno-lote-en-venta-en-boedo-capital-federal-59303573.html,2026-10-04
Boedo,Maza 900,325,360000,1108,,,,zonaprop,https://www.zonaprop.com.ar/propiedades/clasificado/vecltrin-terreno-en-venta-en-boedo-maza-al-900-57419836.html,2026-10-04
Boedo,Av Caseros al 4000,409,400000,978,1900,211,,zonaprop,https://www.zonaprop.com.ar/propiedades/clasificado/vecltrin-terreno-para-1.900-m-sup2-.-permuta-100-59602761.html,2026-10-04
Boedo,Colombres 752,100,185000,1850,,,usaa,zonaprop,https://www.zonaprop.com.ar/propiedades/clasificado/vecltrin-venta-terreno-8.36-x-12-m-zonificacion-usaa-60291071.html,2026-10-04
Boedo,Av. Boedo al 1700,412,540000,1311,2195,246,usaa ,zonaprop,https://www.zonaprop.com.ar/propiedades/clasificado/vecltrin-terreno-en-av-boedo-al-1700-usaa-muy-buena-ubicacion-55445342.html,2026-10-04
Boedo,Carlos Calvo 2800,455,260000,571,,,pb + 5,zonaprop,https://www.zonaprop.com.ar/propiedades/clasificado/vecltrin-inversor-lote-452-m-sup2--carlos-calvo-2858-caba-60268397.html,2026-10-04
Boedo,Avenida Boedo 1600,292,490000,1678,,,,zonaprop,https://www.zonaprop.com.ar/propiedades/clasificado/vecltrin-lote-en-boedo-para-desarrollo-acepta-permuta-m-sup2-60113311.html,2026-10-04
Boedo,Av. Chiclana  al 3400,375,490000,1307,1455,337,usaa ,zonaprop,https://www.zonaprop.com.ar/propiedades/clasificado/vecltrin-terreno-en-boedo-59583210.html,2026-10-04
Boedo,Cochabamba  al 3900,186,350000,1882,1300,269,,zonaprop,https://www.zonaprop.com.ar/propiedades/clasificado/vecltrin-casa-en-boedo-58571863.html,2026-10-04
Boedo,Av. La Plata al 1900,379,380000,1003,1126,337,usaa,zonaprop,https://www.zonaprop.com.ar/propiedades/clasificado/vecltrin-terreno-en-venta-boedo-58908156.html,2026-10-04
Boedo,Virrey Liniers  al 1800,153,134000,876,,,,zonaprop,https://www.zonaprop.com.ar/propiedades/clasificado/vecltrin-oportunidad-casa-a-refaccionar!-60317031.html,2026-10-04
Boedo,Treinta y Tres Orientales 1400,373,330000,885,1998,165,usam,zonaprop,https://www.zonaprop.com.ar/propiedades/clasificado/vecltrin-terreno-en-venta-para-desarrollo-boedo-60319512.html,2026-10-04
Boedo,Av Chiclana  al 3400,333,350000,1051,1465,239,Usaa,zonaprop,https://www.zonaprop.com.ar/propiedades/clasificado/vecltrin-venta-lote-terreno-av-chiclana-3400-parque-59493954.html,2026-10-04
Boedo,Tarija 4100,154,290000,1883,136.714,2121,usam,zonaprop,https://www.zonaprop.com.ar/propiedades/clasificado/vecltrin-venta-de-terreno-lote-boedo-usam-60102329.html,2026-10-04
Boedo,Av. Cobo al 600,125,149000,1192,,,usam,zonaprop,https://www.zonaprop.com.ar/propiedades/clasificado/vecltrin-av-cobo-600-local-en-lote-propio-terreno-usam-acepta-60278623.html,2026-10-04
Boedo,MEXICO 3443/45. Entre Maza y Virrey Liniers,295,360000,1220,1300,277,pb + 4,zonaprop,https://www.zonaprop.com.ar/propiedades/clasificado/vecltrin-lote.-mexico-al-3443-00-60047515.html,2026-10-04
Boedo,José Marmol al 700,211,560000,2654,1141,491,usaa,zonaprop,https://www.zonaprop.com.ar/propiedades/clasificado/vecltrin-oportunidad-terreno-de-211-m-sup2--en-venta-almagro-55170989.html,2026-10-04
Boedo,Estados Unidos 3700,405,450000,1111,1700,265,usab 2,zonaprop,https://www.zonaprop.com.ar/propiedades/clasificado/vecltrin-lote-405-m-sup2--venta-10-5x38-6-en-boedo-pb-5-pisos-60196539.html,2026-10-04
Boedo,Virrey Liniers 1800,326,480000,1472,,,,zonaprop,https://www.zonaprop.com.ar/propiedades/clasificado/vecltrin-venta-lote-boedo-caba-60162098.html,2026-10-04
Boedo,Boedo 1700,150,248000,1653,,,,zonaprop,https://www.zonaprop.com.ar/propiedades/clasificado/vecltrin-venta-lote-av-boedo-desarrollo-60229404.html,2026-10-04
Boedo,Constitución 3900,357,375000,1050,1720,218,,zonaprop,https://www.zonaprop.com.ar/propiedades/clasificado/vecltrin-terreno-de-357-m-sup2--en-venta-en-boedo-59142315.html,2026-10-04
Boedo,Cochabamba al 3300,81,160000,1975,650,246,usaa ,zonaprop,https://www.zonaprop.com.ar/propiedades/clasificado/vecltrin-terreno-en-boedo-en-venta-59917811.html,2026-10-04
Boedo,Cochabamba 4000,400,490000,1225,1480,331,,zonaprop,https://www.zonaprop.com.ar/propiedades/clasificado/vecltrin-local-esquina-en-lote-propio-2-plantas-58909825.html,2026-10-04
Boedo,castro barros 1400,1581,700000,443,,,,zonaprop,https://www.zonaprop.com.ar/propiedades/clasificado/vecltrin-terreno-castro-barros-m-sup2-60179440.html,2026-10-04
Boedo,Quintino Bocayuva al 700,246,400000,1626,,,pb + 7+ 2,zonaprop,https://www.zonaprop.com.ar/propiedades/clasificado/vecltrin-terreno-en-venta-en-boedo-quintino-bocayuva-al-700-58795816.html,2026-10-04
Boedo,Castro al 2200,355,219000,617,1440,152,,zonaprop,https://www.zonaprop.com.ar/propiedades/clasificado/vecltrin-terreno-boedo-56446214.html,2026-10-04
Boedo,Virrey Liniers 2048,208,210000,1010,,,usam,zonaprop,https://www.zonaprop.com.ar/propiedades/clasificado/vecltrin-terreno-lote-en-venta-en-boedo-doble-frente-ideal-59449219.html,2026-10-04
Boedo,Av. Chiclana al 3600,123,150000,1220,,,,zonaprop,https://www.zonaprop.com.ar/propiedades/clasificado/vecltrin-terreno-para-desarrollo-boedo-60311027.html,2026-10-04
Boedo,Virrey Liniers 1900,180,149000,828,,,,zonaprop,https://www.zonaprop.com.ar/propiedades/clasificado/vecltrin-casa-6amb-2flias-a-reciclar-apto-construir-5-pisos-58664618.html,2026-10-04
Boedo,Castro al 1100,565,595000,1053,285.461,2084,,zonaprop,https://www.zonaprop.com.ar/propiedades/clasificado/vecltrin-terreno-en-venta-en-boedo-castro-al-1100-60091107.html,2026-10-04
Boedo,Castro Al 1600,874,439000,502,1158,379,usam,zonaprop,https://www.zonaprop.com.ar/propiedades/clasificado/vecltrin-lote-boedo-castro-al-1600-usam-para-1158-m-sup2-53286504.html,2026-10-04
Boedo,Av. Chiclana 3800,206,180000,874,,,,zonaprop,https://www.zonaprop.com.ar/propiedades/clasificado/vecltrin-sensacional-terreno-206-m-sup2--sobre-av-chiclana-casi-49122609.html,2026-10-04
Boedo,Av. Independencia 3400,196,550000,2806,,,,zonaprop,https://www.zonaprop.com.ar/propiedades/clasificado/vecltrin-terreno-en-venta-en-boedo-av-independencia-3400-56758704.html,2026-10-04
Boedo,Castro Al 1600,298,199000,668,318,626,usab1,zonaprop,https://www.zonaprop.com.ar/propiedades/clasificado/vecltrin-lote-boedo-castro-al-1600-usab-1-para-318-m-sup2-53396897.html,2026-10-04
Boedo,Constitución 3700,101,230000,2277,782,294,,zonaprop,https://www.zonaprop.com.ar/propiedades/clasificado/vecltrin-terreno-en-venta-apto-para-edificar-5-pisos-retiros-58968966.html,2026-10-04
Boedo,Constitución  al 3700,191,320000,1675,,,usam ,zonaprop,https://www.zonaprop.com.ar/propiedades/clasificado/vecltrin-terreno-en-boedo-57663838.html,2026-10-04
Boedo,Estados Unidos 3600,164,230000,1402,164.1,1402,,zonaprop,https://www.zonaprop.com.ar/propiedades/clasificado/vecltrin-venta-lote-boedo-terreno-8-58-x-19-08-altura-media-60060213.html,2026-10-04
Boedo,Constitución 3750,101,230000,2277,,,,zonaprop,https://www.zonaprop.com.ar/propiedades/clasificado/vecltrin-terreno-en-venta-apto-para-edificar-5-pisos-retiros-58910375.html,2026-10-04
Boedo,Av San Juan 3900,369,929000,2518,3385,274,,zonaprop,https://www.zonaprop.com.ar/propiedades/clasificado/vecltrin-lote-boedo-av-san-juan-al-3900-para-3385-m-sup2-58950790.html,2026-10-04
Boedo,Maza 900,325,360000,1108,,,,zonaprop,https://www.zonaprop.com.ar/propiedades/clasificado/vecltrin-terreno-en-venta-en-boedo-maza-al-900-56757469.html,2026-10-04
Boedo,Boedo 3800,384,930000,2422,3385,275,ca,zonaprop,https://www.zonaprop.com.ar/propiedades/clasificado/vecltrin-lote-boedo-san-juan-al-3800-para-3385-m-sup2-54954232.html,2026-10-04
Boedo,Jantin al 2000,304,195000,641,297,657,usab 1,zonaprop,https://www.zonaprop.com.ar/propiedades/clasificado/vecltrin-muy-buen-terreno-en-boedo-8-66-x-35-usab1-57548348.html,2026-10-04
Boedo,Estados Unidos al 3500,347,495000,1427,1678,295,,zonaprop,https://www.zonaprop.com.ar/propiedades/clasificado/vecltrin-terreno-en-boedo-59832388.html,2026-10-04
Boedo,Dirección no informada,219,450000,2055,1550,290,,zonaprop,https://www.zonaprop.com.ar/propiedades/clasificado/vecltrin-lote-carlos-calvo-al-3600-59190631.html,2026-10-04
Boedo,Castro  al 2100,250,250000,1000,,,,zonaprop,https://www.zonaprop.com.ar/propiedades/clasificado/vecltrin-terreno-en-boedo-52618187.html,2026-10-04
Boedo,Colombres 800,307,290000,945,1350,215,usam,zonaprop,https://www.zonaprop.com.ar/propiedades/clasificado/vecltrin-venta-lote-boedo-caba-1850-m-sup2--construibles-60203526.html,2026-10-04
Boedo,Tarija  al 3300,242,215000,888,8.66,24827,usab 2,zonaprop,https://www.zonaprop.com.ar/propiedades/clasificado/vecltrin-terreno-en-boedo-55943357.html,2026-10-04
Boedo,Virrey Liniers al 1800,205,180000,878,209.865,858,,zonaprop,https://www.zonaprop.com.ar/propiedades/clasificado/vecltrin-terreno-en-boedo-56219175.html,2026-10-04
Boedo,Juan de Garay 3800,220,280000,1273,1200,233,,zonaprop,https://www.zonaprop.com.ar/propiedades/clasificado/vecltrin-lote-en-esquina-av-garay-y-castro-barros-45118472.html,2026-10-04
Boedo,Tarija 4100,147,300000,2041,145.1,2068,pb + 3,zonaprop,https://www.zonaprop.com.ar/propiedades/clasificado/vecltrin-venta-casa-a-refaccionar-o-lote-en-tarija-al-4100-49342235.html,2026-10-04
Boedo,José Marmol 700,566,1250000,2208,4400,284,,zonaprop,https://www.zonaprop.com.ar/propiedades/clasificado/vecltrin-doble-lote-para-construir-boedo-3500-m-sup2-60118248.html,2026-10-04
Boedo,José Mármol 1500,243,198000,815,,,,zonaprop,https://www.zonaprop.com.ar/propiedades/clasificado/vecltrin-terreno-en-venta-boedo-59908024.html,2026-10-04
Boedo,Metán 3700,181,165000,912,,,usam,zonaprop,https://www.zonaprop.com.ar/propiedades/clasificado/vecltrin-lote-venta-boedo-60221687.html,2026-10-04
Boedo,Matheu 1100,379,709000,1871,2335,304,,zonaprop,https://www.zonaprop.com.ar/propiedades/clasificado/vecltrin-lote-boedo-matheu-1100-para-2335-m-sup2-58950741.html,2026-10-04
Boedo,Metán 3700,243,195000,802,868,225,usam,zonaprop,https://www.zonaprop.com.ar/propiedades/clasificado/vecltrin-venta-terreno-en-boedo-oportunidad-constructores-60195157.html,2026-10-04
Boedo,Castro Barros 900,320,199900,625,,,usab 2,zonaprop,https://www.zonaprop.com.ar/propiedades/clasificado/vecltrin-venta-lote-en-boedo-58544714.html,2026-10-04
Boedo,Carlos Calvo  al 2900,312,450000,1442,2200,205,,zonaprop,https://www.zonaprop.com.ar/propiedades/clasificado/vecltrin-terreno-en-venta-en-boedo-carlos-calvo-2900-50540662.html,2026-10-04
Boedo,Rondeau 3900,249,135000,542,568.96,237,,zonaprop,https://www.zonaprop.com.ar/propiedades/clasificado/vecltrin-venta-lote-boedo-60124359.html,2026-10-04
Boedo,Venta Terreno Para Construir Humberto Primo al 3400 Boedo,99,147000,1485,590.24,249,,zonaprop,https://www.zonaprop.com.ar/propiedades/clasificado/vecltrin-terreno-en-venta-en-boedo-humberto-primo-3400-57405641.html,2026-10-04
Boedo,COLOMBRES 1500,407,600000,1474,1246,482,usam ,zonaprop,https://www.zonaprop.com.ar/propiedades/clasificado/vecltrin-terreno-en-venta-en-boedo-57219708.html,2026-10-04
Boedo,Carlos Calvo 3900,330,550000,1667,,,,zonaprop,https://www.zonaprop.com.ar/propiedades/clasificado/vecltrin-lote-300-m-sup2--venta-boedo-excelente-ubicacion-60144850.html,2026-10-04
Boedo,24 de Noviembre al 1600,123,129900,1056,,,usam ,zonaprop,https://www.zonaprop.com.ar/propiedades/clasificado/vecltrin-venta-de-lote-en-boedo-58527434.html,2026-10-04
Boedo,AV. Boedo 1700,150,200000,1333,,,,zonaprop,https://www.zonaprop.com.ar/propiedades/clasificado/vecltrin-oportunidad!terreno-sobre-av-boedo-al-1700-8-66-x-47961198.html,2026-10-04
Boedo,Av. La Plata 1252,374,550000,1471,,,,zonaprop,https://www.zonaprop.com.ar/propiedades/clasificado/vecltrin-excelente-lote-en-av-la-plata-1200-usa-alta-1350-55118152.html,2026-10-04
Boedo,Avda. La Plata 1600,491,950000,1935,3250,292,,zonaprop,https://www.zonaprop.com.ar/propiedades/clasificado/vecltrin-terrenos-fracciones-loteos-terrenos-boedo-capital-57608775.html,2026-10-04
Boedo,CASTRO BARROS 1100. Entre Av  San Juan y Cochabamba,363,870000,2397,1678,518,pb + 9,zonaprop,https://www.zonaprop.com.ar/propiedades/clasificado/vecltrin-lote.-castro-barros-al-1100-59739349.html,2026-10-04
Boedo,Humberto Primo 2331/35,370,420000,1135,,,,zonaprop,https://www.zonaprop.com.ar/propiedades/clasificado/vecltrin-lote-de-terreno-370-m-sup2--p-construir-1650-m-sup2-57843782.html,2026-10-04
Boedo,33 Orientales al 600,135,240000,1778,,,usaa ,zonaprop,https://www.zonaprop.com.ar/propiedades/clasificado/vecltrin-venta-de-terreno-corredor-medio-59453277.html,2026-10-04
Boedo,Tarija 3368,1125,200000,178,900,222,usab,zonaprop,https://www.zonaprop.com.ar/propiedades/clasificado/vecltrin-oportunidad-lote-en-venta-900-m-sup2--vendibles-52767058.html,2026-10-04
Boedo,Entre Rios 2000,700,900000,1286,6200,145,,zonaprop,https://www.zonaprop.com.ar/propiedades/clasificado/vecltrin-terreno-lote-en-venta-en-boedo-capital-federal-60211001.html,2026-10-04
Boedo,Humberto 1700,370,480000,1297,1800,267,pb+10,zonaprop,https://www.zonaprop.com.ar/propiedades/clasificado/vecltrin-terreno-en-venta-ubicado-en-boedo-capital-federal-58516005.html,2026-10-04
Boedo,SAN JUAN 3900,312,900300,2886,1690,533,,zonaprop,https://www.zonaprop.com.ar/propiedades/clasificado/vecltrin-terreno-en-venta-en-boedo-50637692.html,2026-10-04
Boedo,Av. Chiclana 4000,498,790000,1586,,,,zonaprop,https://www.zonaprop.com.ar/propiedades/clasificado/vecltrin-lote-boedo-chiclana-al-4000-casi-todo-canje-47454630.html,2026-10-04
Boedo,Colombres 1300,396,190000,480,1363,139,,zonaprop,https://www.zonaprop.com.ar/propiedades/clasificado/vecltrin-lote-para-emprendimiento-400-m-sup2-60140731.html,2026-10-04
Boedo,Entre Rios 2000,700,900000,1286,6200,145,,zonaprop,https://www.zonaprop.com.ar/propiedades/clasificado/vecltrin-terreno-en-venta-ubicado-en-boedo-capital-federal-58516004.html,2026-10-04
Boedo,Castro al 900,298,649000,2178,3125,208,,zonaprop,https://www.zonaprop.com.ar/propiedades/clasificado/vecltrin-lote-boedo-castro-al-900-para-3125-m-sup2-56535618.html,2026-10-04
Boedo,Humberto 1700,370,480000,1297,1800,267,pb+10,zonaprop,https://www.zonaprop.com.ar/propiedades/clasificado/vecltrin-terreno-fraccion-en-venta-en-boedo-capital-federal-60211005.html,2026-10-04
Boedo,Estados Unidos 3600,314,549000,1748,2152,255,,zonaprop,https://www.zonaprop.com.ar/propiedades/clasificado/vecltrin-lote-boedo-estados-unidos-3600-para-2152-m-sup2-44935725.html,2026-10-04
Boedo,Avenida Independencia,123,450000,3659,1385,325,,zonaprop,https://www.zonaprop.com.ar/propiedades/clasificado/vecltrin-venta-de-terreno-de-1.385-m-sup2--totales-en-esquina-59237488.html,2026-10-04
Boedo,Av. Independencia 3900,319,999900,3134,,,ca,zonaprop,https://www.zonaprop.com.ar/propiedades/clasificado/vecltrin-lote-boedo-av-independencia-al-3900-para-3690-53754200.html,2026-10-04
Boedo,AV J DE GARAY 3700,537,580000,1080,,,usam ,zonaprop,https://www.zonaprop.com.ar/propiedades/clasificado/vecltrin-terreno-en-venta-en-boedo-60114451.html,2026-10-04
Boedo,Sánchez de Loria 953,407,590000,1450,,,,zonaprop,https://www.zonaprop.com.ar/propiedades/clasificado/vecltrpa-terreno-en-venta-en-boedo-407-m-sup2--sanchez-de-60217362.html,2026-10-04
San Cristobal,Avenida San Juan al 2200,156,590000,3782,2313,255,pb + 12,zonaprop,https://www.zonaprop.com.ar/propiedades/clasificado/vecltrin-terreno-en-san-cristobal-60064961.html,2026-10-04
San Cristobal,Pavon 3078/00. Entre General Urquiza y La Rioja,301,250000,831,,,,zonaprop,https://www.zonaprop.com.ar/propiedades/clasificado/vecltrin-oportunidad-construccion.-terreno-8.66-x-34.76-san-52269119.html,2026-10-04
San Cristobal,Sarandi 1400,395,180000,456,,,,zonaprop,https://www.zonaprop.com.ar/propiedades/clasificado/vecltrin-terreno-en-venta-en-san-cristobal-58872632.html,2026-10-04
San Cristobal,Cochabamba al 2900,218,310000,1422,31.2,9936,pb + 10,zonaprop,https://www.zonaprop.com.ar/propiedades/clasificado/vecltrin-terreno-en-venta-en-san-cristobal-caba-posibilidad-58557269.html,2026-10-04
San Cristobal,Jujuy AV.  al 1500,153,330000,2157,,,pb + 10,zonaprop,https://www.zonaprop.com.ar/propiedades/clasificado/vecltrin-excelente-terreno-en-san-cristobal-lideres-en-59207644.html,2026-10-04
San Cristobal,Saavedra 1000,193,169000,876,132.39,1277,,zonaprop,https://www.zonaprop.com.ar/propiedades/clasificado/vecltrin-lote.-saavedra-1000-57178152.html,2026-10-04
San Cristobal,Humberto Primero al 2700,610,410000,672,,,,zonaprop,https://www.zonaprop.com.ar/propiedades/clasificado/vecltrin-terreno-en-balvanera-58771736.html,2026-10-04
San Cristobal,Carlos Calvo al 2100,450,180000,400,,,,zonaprop,https://www.zonaprop.com.ar/propiedades/clasificado/vecltrin-venta-block-de-dos-locales-comerciales-en-pb-y-dos-58619380.html,2026-10-04
San Cristobal,SAN Juan al 3000,458,790000,1725,5500,144,,zonaprop,https://www.zonaprop.com.ar/propiedades/clasificado/vecltrin-venta-lote-av-san-juan-al-3000-san-cristobal-60004726.html,2026-10-04
San Cristobal,Saavedra al 1100,158,200000,1266,,,,zonaprop,https://www.zonaprop.com.ar/propiedades/clasificado/vecltrin-lote-en-el-barrio-san-cristobal-59991858.html,2026-10-04
San Cristobal,Saavedra al 1000,149,230000,1544,700,329,,zonaprop,https://www.zonaprop.com.ar/propiedades/clasificado/vecltrin-venta-de-lote-san-cristobal-57371957.html,2026-10-04
San Cristobal,Pavón al 2160,262,224000,855,1010,222,usam 3,zonaprop,https://www.zonaprop.com.ar/propiedades/clasificado/vecltrin-venta-terreno-san-cristobal-59701690.html,2026-10-04
San Cristobal,Avenida Independencia 2117,341,545000,1598,3571,153,,zonaprop,https://www.zonaprop.com.ar/propiedades/clasificado/vecltrin-av-independencia-san-cristobal-zona-uade-57784522.html,2026-10-04
San Cristobal,Dean Funes  al 900,256,300000,1172,746,402,usab 2,zonaprop,https://www.zonaprop.com.ar/propiedades/clasificado/vecltrin-venta-lote-en-san-cristobal-256-m-sup2--pb-7-pisos-60145639.html,2026-10-04
San Cristobal,Rincón 1400,302,190000,629,1720,110,pb + 5,zonaprop,https://www.zonaprop.com.ar/propiedades/clasificado/vecltrin-venta-7-ph-en-block-san-critobal-ideal-inversor-60183786.html,2026-10-04
San Cristobal,San Juan al 2400,290,1090000,3759,3762,290,,zonaprop,https://www.zonaprop.com.ar/propiedades/clasificado/vecltrin-terreno-en-venta.-san-cristobal-esquina-34-m-de-58227930.html,2026-10-04
San Cristobal,Av. Jujuy al 1100,730,1980000,2712,6837,290,pb + 12,zonaprop,https://www.zonaprop.com.ar/propiedades/clasificado/vecltrin-venta-lote-de-730-m-sup2--doble-frente-sobre-av-jujuy-59913869.html,2026-10-04
San Cristobal,Sarandi al 800,521,320000,614,,,pb + 7,zonaprop,https://www.zonaprop.com.ar/propiedades/clasificado/vecltrin-deposito-venta-san-cristobal-58107432.html,2026-10-04
San Cristobal,Catamarca E/ Pavon Y Constitucion,164,170000,1037,,,,zonaprop,https://www.zonaprop.com.ar/propiedades/clasificado/vecltrin-terreno-en-venta-164-m-san-cristobal-59959673.html,2026-10-04
San Cristobal,Rincon al 1100,219,360000,1644,,,,zonaprop,https://www.zonaprop.com.ar/propiedades/clasificado/vecltrin-rincon-1117-58227938.html,2026-10-04
San Cristobal,Av. Chiclana 2888,272,198000,728,,,,zonaprop,https://www.zonaprop.com.ar/propiedades/clasificado/vecltrpa-terreno-en-venta-sobre-av-chiclana-2888-caba-gran-60147420.html,2026-10-04
San Cristobal,Garay 2360,600,1100000,1833,,,Usaa ,zonaprop,https://www.zonaprop.com.ar/propiedades/clasificado/vecltrin-lote-barrio-san-cristobal-garay-2300-56996296.html,2026-10-04
San Cristobal,AV SAN JUAN 2461,847,1800000,2125,6900,261,,zonaprop,https://www.zonaprop.com.ar/propiedades/clasificado/vecltrin-excelente-oportunidad-de-terreno-en-san-cristobal-55807962.html,2026-10-04
San Cristobal,Dean Funes 840. Entre Av independencia y Estados unidos,186,285000,1532,1490,191,,zonaprop,https://www.zonaprop.com.ar/propiedades/clasificado/vecltrin-lote.-dean-funes-840-59632590.html,2026-10-04
San Cristobal,Humberto Primo 2800,99,110000,1111,,,usam ,zonaprop,https://www.zonaprop.com.ar/propiedades/clasificado/vecltrin-lote-propio-a-1-c-d-subte!-casa-a-reciclar-o-p-58244347.html,2026-10-04
San Cristobal,San Juan 2218,606,620000,1023,1535,404,pb + 12 + 2,zonaprop,https://www.zonaprop.com.ar/propiedades/clasificado/vecltrin-se-vende-lote-terreno-proyecto-56718711.html,2026-10-04
San Cristobal,Matheu 981,193,270000,1399,,,,zonaprop,https://www.zonaprop.com.ar/propiedades/clasificado/vecltrin-terreno-apto-para-construir-sup-edificable-1298.30-m-58171701.html,2026-10-04
San Cristobal,Avenida Entre Ríos 600,260,650000,2500,,,,zonaprop,https://www.zonaprop.com.ar/propiedades/clasificado/vecltrin-venta-de-terreno-av-entre-rios-600-san-cristobal-57564142.html,2026-10-04
San Cristobal,Estados Unidos 2875,415,1550000,3735,,,pb + 10,zonaprop,https://www.zonaprop.com.ar/propiedades/clasificado/vecltrin-lote-en-venta-para-desarrollo-estados-unidos-2800-59237700.html,2026-10-04
San Cristobal,Av San Juan,489,620000,1268,,,,zonaprop,https://www.zonaprop.com.ar/propiedades/clasificado/vecltrin-venta-terreno-en-av-san-juan-2200-san-cristobal-caba-56719950.html,2026-10-04
San Cristobal,Av. Entre Ríos  al 1000,273,950000,3480,2241,424,,zonaprop,https://www.zonaprop.com.ar/propiedades/clasificado/vecltrin-terreno-av-entre-rios-1080-corredor-alto-exc.-58812107.html,2026-10-04
San Cristobal,ESTADOS UNIDOS 2200,214,219000,1023,1100,199,,zonaprop,https://www.zonaprop.com.ar/propiedades/clasificado/vecltrin-lote-c-demolicion-san-cristobal-60231238.html,2026-10-04
San Cristobal,Catamarca al 800,669,1000000,1495,637.7,1568,pb + 10,zonaprop,https://www.zonaprop.com.ar/propiedades/clasificado/vecltrin-garaje-en-venta-san-cristobal-caba-60155156.html,2026-10-04
San Cristobal,Rincón 1581,230,230000,1000,1100,209,Usam,zonaprop,https://www.zonaprop.com.ar/propiedades/clasificado/vecltrin-lote-en-venta-san-cristobal!-59864063.html,2026-10-04
San Cristobal,Estados Unidos 3300,216,299000,1384,1453,206,,zonaprop,https://www.zonaprop.com.ar/propiedades/clasificado/vecltrin-terreno-en-venta-estados-unidos-3369-san-cristobal-58542259.html,2026-10-04
San Cristobal,ESTADOS UNIDOS 2839. Entre Catamarca y Dean funes,263,300000,1141,2432,123,pb + 7,zonaprop,https://www.zonaprop.com.ar/propiedades/clasificado/vecltrin-oportunidad-de-lote-para-2.000-m-sup2-58428630.html,2026-10-04
San Cristobal,Carlos Calvo al 2400,350,280000,800,1572,178,,zonaprop,https://www.zonaprop.com.ar/propiedades/clasificado/vecltrin-terreno-en-san-cristobal-58430712.html,2026-10-04
San Cristobal,Carlos Calvo al 1900,541,220000,407,850,259,,zonaprop,https://www.zonaprop.com.ar/propiedades/clasificado/vecltrin-venta-terreno-san-cristobal-59746766.html,2026-10-04
San Cristobal,Av. Entre Ríos al 1100,509,1070000,2102,,,,zonaprop,https://www.zonaprop.com.ar/propiedades/clasificado/vecltrin-terreno-en-venta-en-san-cristobal-59330604.html,2026-10-04
San Cristobal,Barcala 3000,300,410000,1367,1224,335,,zonaprop,https://www.zonaprop.com.ar/propiedades/clasificado/vecltrin-venta-lote-para-desarrollo-o-casa-comercial-60222065.html,2026-10-04
San Cristobal,Combate DE LOS Pozos  al 1000,217,248000,1143,,,usaa,zonaprop,https://www.zonaprop.com.ar/propiedades/clasificado/vecltrin-excelente-terreno-en-san-cristobal-lideres-en-59739624.html,2026-10-04
San Cristobal,Alberti al 800,314,290000,924,12713,23,usaa ,zonaprop,https://www.zonaprop.com.ar/propiedades/clasificado/vecltrin-venta-casa-8-ambientes-patios-5-banos-terraza-garage-59042331.html,2026-10-04
San Cristobal,Estados Unidos al 2100,157,235000,1497,852,276,,zonaprop,https://www.zonaprop.com.ar/propiedades/clasificado/vecltrin-terreno-en-san-cristobal-emplazado-sobre-la-calle-58877169.html,2026-10-04
San Cristobal,Jujuy al 1500,129,250000,1938,,,pb + 10,zonaprop,https://www.zonaprop.com.ar/propiedades/clasificado/vecltrin-excelente-terreno-en-san-cristobal-lideres-en-59804864.html,2026-10-04
San Cristobal,Entre Rios al 1100,98,245000,2500,,,,zonaprop,https://www.zonaprop.com.ar/propiedades/clasificado/vecltrin-terreno-san-cristobal-60070720.html,2026-10-04
San Cristobal,Saavedra al 1100,178,259000,1455,,,usaa,zonaprop,https://www.zonaprop.com.ar/propiedades/clasificado/vecltrin-terreno-en-san-cristobal-57313960.html,2026-10-04
San Cristobal,Humberto 1°  al 2400,377,450000,1194,,,usaa,zonaprop,https://www.zonaprop.com.ar/propiedades/clasificado/vecltrin-excelente-terreno-en-san-cristobal-lideres-en-59207651.html,2026-10-04
San Cristobal,Avenida Independencia 2700,420,710000,1690,2177,326,,zonaprop,https://www.zonaprop.com.ar/propiedades/clasificado/vecltrin-lote-venta-san-cristobal-esquina-vendibles-2177-60208995.html,2026-10-04
San Cristobal,Humberto 1º al 2600,345,450000,1304,2307.64,195,pb + 7,zonaprop,https://www.zonaprop.com.ar/propiedades/clasificado/vecltrin-lote-con-2000-m-sup2--vendibles-y-250usd-incidencia-en-59855479.html,2026-10-04
San Cristobal,Avenida Independencia 2900,280,610000,2179,1850,330,pb + 9,zonaprop,https://www.zonaprop.com.ar/propiedades/clasificado/vecltrin-terreno-en-venta-en-san-cristobal-60200094.html,2026-10-04
San Cristobal,Humberto 1°  al 2600,303,450000,1485,,,usaa,zonaprop,https://www.zonaprop.com.ar/propiedades/clasificado/vecltrin-excelente-terreno-en-san-cristobal-lideres-en-59207633.html,2026-10-04
San Cristobal,Catamarca  al 800,745,1000000,1342,,,usaa,zonaprop,https://www.zonaprop.com.ar/propiedades/clasificado/vecltrin-excelente-terreno-en-san-cristobal-lideres-en-59997231.html,2026-10-04
San Cristobal,SAN Juan al 3200,1296,1950000,1505,,,pb + 10,zonaprop,https://www.zonaprop.com.ar/propiedades/clasificado/vecltrin-excelente-terreno-en-san-cristobal-lideres-en-59207570.html,2026-10-04
San Cristobal,Jujuy 1505/ 11,283,575000,2032,,,pb + 10,zonaprop,https://www.zonaprop.com.ar/propiedades/clasificado/vecltrin-excelente-terreno-en-san-cristobal-lideres-en-59804590.html,2026-10-04
San Cristobal,Chile  al 2000,160,400000,2500,,,,zonaprop,https://www.zonaprop.com.ar/propiedades/clasificado/vecltrin-departamento-en-san-cristobal-58297085.html,2026-10-04
San Cristobal,Garay  y Chiclana,1900,2500000,1316,7500,333,,zonaprop,https://www.zonaprop.com.ar/propiedades/clasificado/vecltrin-terreno-en-san-cristobal-54948445.html,2026-10-04
San Cristobal,Catamarca 895,271,690000,2546,2800,246,usaa ,zonaprop,https://www.zonaprop.com.ar/propiedades/clasificado/vecltrin-terreno-edificio-en-esquina-usaa-para-desarrollo-59715875.html,2026-10-04
San Cristobal,Avenida SAN Juan al 3200,1304,1950000,1495,,,pb + 12 + 2,zonaprop,https://www.zonaprop.com.ar/propiedades/clasificado/vecltrin-terreno-de-baja-incidencia-en-san-cristobal-54926992.html,2026-10-04
San Cristobal,Humberto Primo al 2700,369,390000,1057,,,,zonaprop,https://www.zonaprop.com.ar/propiedades/clasificado/vecltrin-venta-terreno-usaa-financiacion-en-san-cristobal-60025174.html,2026-10-04
San Cristobal,Esteban de Luca 1500,400,318000,795,,,,zonaprop,https://www.zonaprop.com.ar/propiedades/clasificado/vecltrin-venta-lote-en-san-cristobal-parque-patricios-60060987.html,2026-10-04
San Cristobal,Carlos Calvo al 2700,291,375000,1289,,,,zonaprop,https://www.zonaprop.com.ar/propiedades/clasificado/vecltrin-terreno-en-san-cristobal-57656582.html,2026-10-04
San Cristobal,Catamarca e/ Avenida Pavón y Constitución,162,350000,2160,,,,zonaprop,https://www.zonaprop.com.ar/propiedades/clasificado/vecltrin-terreno-en-venta-162-8-m-san-cristobal-59870786.html,2026-10-04
San Cristobal,Pavón  al 2200,98,175000,1786,7.13,24544,usam ,zonaprop,https://www.zonaprop.com.ar/propiedades/clasificado/vecltrin-terreno-en-san-cristobal-59782603.html,2026-10-04
San Cristobal,"GARAY, JUAN DE, AVDA. 3257. Entre Sanchez De Loria y Danel",436,450000,1032,2062,218,usaa,zonaprop,https://www.zonaprop.com.ar/propiedades/clasificado/vecltrin-lote.-garay-juan-de-avda.-al-3200-59739787.html,2026-10-04
San Cristobal,"Catamarca 800, San Cristobal",250,850000,3400,,,,zonaprop,https://www.zonaprop.com.ar/propiedades/clasificado/vecltrin-terreno-en-venta-en-san-cristobal-50205991.html,2026-10-04
San Cristobal,Avenida Jujuy 900,197,310000,1574,,,,zonaprop,https://www.zonaprop.com.ar/propiedades/clasificado/vecltrin-lote-en-venta-san-cristobal-apto-desarrollo-60136803.html,2026-10-04
San Cristobal,SAN Juan al 1300,300,950000,3167,,,,zonaprop,https://www.zonaprop.com.ar/propiedades/clasificado/vecltrin-venta-terreno-san-cristobal-46836546.html,2026-10-04
San Cristobal,Avenida Independencia 2500,300,550000,1833,31.2,17628,,zonaprop,https://www.zonaprop.com.ar/propiedades/clasificado/vecltrin-venta-lote-san-cristobal-8.66x34-ideal-desarrollo-60059921.html,2026-10-04
San Cristobal,Chile 2953 (D. Funes - La Rioja),256,330000,1289,,,usaa,zonaprop,https://www.zonaprop.com.ar/propiedades/clasificado/vecltrin-terreno-en-s.-cristobal-57258475.html,2026-10-04
San Cristobal,SAN Juan al 1300,300,950000,3167,,,,zonaprop,https://www.zonaprop.com.ar/propiedades/clasificado/vecltrin-venta-terreno-san-cristobal-45431858.html,2026-10-04
San Cristobal,Sanchez de Loria al 1500,325,250000,769,,,,zonaprop,https://www.zonaprop.com.ar/propiedades/clasificado/vecltrin-terreno-en-san-cristobal-59145398.html,2026-10-04
San Cristobal,Humberto 1700,370,480000,1297,1800,267,pb + 10,zonaprop,https://www.zonaprop.com.ar/propiedades/clasificado/vecltrin-terreno-lote-en-venta-en-san-cristobal-capital-60210958.html,2026-10-04
San Cristobal,Av. Independencia  al 1900,496,1500000,3024,,,cm,zonaprop,https://www.zonaprop.com.ar/propiedades/clasificado/vecltrin-terreno-en-venta-en-san-cristobal-av-independencia-al-58090540.html,2026-10-04
San Cristobal,Rincon al 1100,215,400000,1860,2143.54,187,,zonaprop,https://www.zonaprop.com.ar/propiedades/clasificado/vecltrin-terreno-en-venta-con-proyecto-aprobado-en-san-59776436.html,2026-10-04
San Cristobal,Avenida San Juan 2400,300,730000,2433,,,,zonaprop,https://www.zonaprop.com.ar/propiedades/clasificado/vecltrin-lote-venta-san-cristobal-caba-av-san-juan-al-2400-60104316.html,2026-10-04
San Cristobal,Estados Unidos al 1400,330,324000,982,2003,162,usaa ,zonaprop,https://www.zonaprop.com.ar/propiedades/clasificado/vecltrin-lote-58792489.html,2026-10-04
San Cristobal,SAN Jose al 1000,307,550000,1792,,,,zonaprop,https://www.zonaprop.com.ar/propiedades/clasificado/vecltrin-venta-terreno-san-cristobal-45431913.html,2026-10-04
San Cristobal,Sanchez de Loria 1300,400,550000,1375,,,pb + 12,zonaprop,https://www.zonaprop.com.ar/propiedades/clasificado/vecltrin-venta-lote-en-sanchez-de-loria-al-1300-san-cristobal-48593669.html,2026-10-04
San Cristobal,"Carlos Calvo 2913, Entre  Dean Funes y La Rioja, Caba",222,320000,1441,,,,zonaprop,https://www.zonaprop.com.ar/propiedades/clasificado/vecltrin-terreno-san-cristobal-50880697.html,2026-10-04
San Cristobal,Humberto Primo 2700,1700,400000,235,1.93108,207138,usaa ,zonaprop,https://www.zonaprop.com.ar/propiedades/clasificado/vecltrin-excelente-lote-60009065.html,2026-10-04
San Cristobal,Virrey Cevallos 896,138,360000,2609,1600,225,,zonaprop,https://www.zonaprop.com.ar/propiedades/clasificado/vecltrin-terreno-lote-de-frente-13-50-x-fondo-10-22-58925041.html,2026-10-04
San Cristobal,Matheu al 1200,392,690000,1760,2702,255,,zonaprop,https://www.zonaprop.com.ar/propiedades/clasificado/vecltrin-terreno-san-cristobal-58010493.html,2026-10-04
San Cristobal,Avenida Independencia 2100,156,450000,2885,1636,275,pb + 10,zonaprop,https://www.zonaprop.com.ar/propiedades/clasificado/vecltrin-lote-en-esquina-av-independencia-san-cristobal-60056074.html,2026-10-04
San Cristobal,Humberto 1º 1.476,786,540000,687,,,,zonaprop,https://www.zonaprop.com.ar/propiedades/clasificado/vecltrin-terreno-con-demolicion-se-escuchan-ofertas-42724934.html,2026-10-04
San Cristobal,Estados Unidos 2100,181,185000,1022,,,,zonaprop,https://www.zonaprop.com.ar/propiedades/clasificado/vecltrin-lote-en-venta-en-barrio-san-cristobal-60236298.html,2026-10-04
San Cristobal,Virrey Cevallos 1000,1287,820000,637,2463,333,,zonaprop,https://www.zonaprop.com.ar/propiedades/clasificado/vecltrin-terreno-en-venta-en-caba-55373773.html,2026-10-04
San Cristobal,Cochabamba al 1700,142,149000,1049,,,,zonaprop,https://www.zonaprop.com.ar/propiedades/clasificado/vecltrin-terreno-en-san-cristobal-53265422.html,2026-10-04
San Cristobal,Humberto 1º 1800,196,490000,2500,,,,zonaprop,https://www.zonaprop.com.ar/propiedades/clasificado/vecltrin-venta-de-lote-excepcional-humberto-1-1800-45068904.html,2026-10-04
San Cristobal,"La Rioja 800, San Cristobal, Capital Federal",261,200000,766,,,,zonaprop,https://www.zonaprop.com.ar/propiedades/clasificado/vecltrin-venta-lote-en-san-cristobal-57433011.html,2026-10-04
San Cristobal,Venezuela 700,1600,688000,430,1630,422,,zonaprop,https://www.zonaprop.com.ar/propiedades/clasificado/vecltrin-terreno-lote-en-venta-en-centro-capital-federal-60210949.html,2026-10-04
San Cristobal,Chile 2000,193,235000,1218,,,,zonaprop,https://www.zonaprop.com.ar/propiedades/clasificado/vecltrin-lote-con-planos-de-6-phs-en-duplex.-losa-realizada.-53020358.html,2026-10-04
San Cristobal,Humberto Primo Al 2892,198,359000,1813,1586,226,,zonaprop,https://www.zonaprop.com.ar/propiedades/clasificado/vecltrin-lote-san-cristobal-humberto-primo-2892-muy-flexible-53709432.html,2026-10-04
San Cristobal,Avenida Pavón 2154,319,182000,571,,,,zonaprop,https://www.zonaprop.com.ar/propiedades/clasificado/vecltrin-lote-en-venta-en-san-cristobal-con-edificacion-para-59599198.html,2026-10-04
San Cristobal,Constitución 2200,1141,889999,780,5762,154,,zonaprop,https://www.zonaprop.com.ar/propiedades/clasificado/vecltrin-lote-triple-frente-1141-mt-san-cristobal-inversion-60182047.html,2026-10-04
San Cristobal,Estados Unidos al 1700,302,299000,990,,,,zonaprop,https://www.zonaprop.com.ar/propiedades/clasificado/vecltrin-hotel-lote-58884840.html,2026-10-04
San Cristobal,La Rioja 700 700,379,350000,923,,,,zonaprop,https://www.zonaprop.com.ar/propiedades/clasificado/vecltrin-lote-en-venta-la-rioja-al-700-san-cristobal-la-capital-59328952.html,2026-10-04
San Cristobal,La Rioja al 1000,301,200000,664,,,usam ,zonaprop,https://www.zonaprop.com.ar/propiedades/clasificado/vecltrin-terreno-en-venta-58806539.html,2026-10-04
San Cristobal,DEAN FUNES,106,120000,1132,,,,zonaprop,https://www.zonaprop.com.ar/propiedades/clasificado/vecltrin-lote-en-venta-polo-tecnologico-san-cristobal-56640265.html,2026-10-04
San Cristobal,Avenida Pavón 2200,197,145000,736,598.02,242,usab 2,zonaprop,https://www.zonaprop.com.ar/propiedades/clasificado/vecltrin-venta-lote-san-cristobal-oportunidad-permuta-60301950.html,2026-10-04
San Cristobal,Constitucion 3280,346,250000,723,1396,179,pb + 4,zonaprop,https://www.zonaprop.com.ar/propiedades/clasificado/vecltrin-venta-terreno-346-m-sup2--usab-2-56001481.html,2026-10-04
San Cristobal,Estados Unidos 2178,129,175000,1357,,,,zonaprop,https://www.zonaprop.com.ar/propiedades/clasificado/vecltrin-baccello-i-venta-casa-terreno-en-san-cristobal-59208873.html,2026-10-04
San Cristobal,Carlos Calvo 2491,175,190000,1086,174.839,1087,usam,zonaprop,https://www.zonaprop.com.ar/propiedades/clasificado/vecltrin-lote-en-venta-en-san-cristobal-9-x-19-m-56681516.html,2026-10-04
San Cristobal,Avenida San Juan 1551,398,620000,1558,2453,253,pb + 12,zonaprop,https://www.zonaprop.com.ar/propiedades/clasificado/vecltrin-lote-en-venta-55544153.html,2026-10-04
San Cristobal,Gral. Urquiza 1200,299,220000,736,,,,zonaprop,https://www.zonaprop.com.ar/propiedades/clasificado/vecltrin-lote-a-la-venta-en-el-barrio-de-san-cristobal-59337481.html,2026-10-04
San Cristobal,Constitucion 2257/67 Caba,332,500000,1506,5762,87,,zonaprop,https://www.zonaprop.com.ar/propiedades/clasificado/vecltrin-venta-lote-constitucion-51653713.html,2026-10-04
San Cristobal,SAAVEDRA 1170,178,259000,1455,1000,259,,zonaprop,https://www.zonaprop.com.ar/propiedades/clasificado/vecltrin-terreno-en-venta-saavedra-1170-san-cristobal-55534163.html,2026-10-04
San Cristobal,Pasco 1200,150,215000,1433,150,1433,usaa ,zonaprop,https://www.zonaprop.com.ar/propiedades/clasificado/vecltrin-retasado!-lote-a-50-m-de-av-san-juan-59861492.html,2026-10-04
San Cristobal,Virrey Cevallos 800,138,350000,2536,,,,zonaprop,https://www.zonaprop.com.ar/propiedades/clasificado/vecltrin-lote-apto-edificio-oportunidad-59686704.html,2026-10-04
San Cristobal,Avenida Jujuy 1500,130,250000,1923,1645,152,cm,zonaprop,https://www.zonaprop.com.ar/propiedades/clasificado/vecltrin-venta-importante-lote-en-san-cristobal-60240467.html,2026-10-04
San Cristobal,Constitucion 2257/67 Caba,819,850000,1038,5762,148,,zonaprop,https://www.zonaprop.com.ar/propiedades/clasificado/vecltrin-constitucion-lote-retasado-48744085.html,2026-10-04
San Cristobal,Constitucion 2257/67 Caba,1221,1350000,1106,5762,234,,zonaprop,https://www.zonaprop.com.ar/propiedades/clasificado/vecltrin-constitucion-triple-frente-retasado-48732889.html,2026-10-04
San Cristobal,Av Jujuy 1505,146,250000,1712,31.2,8013,cm,zonaprop,https://www.zonaprop.com.ar/propiedades/clasificado/vecltrin-venta-excelente-lote-en-san-cristobal-ideal-para-59723782.html,2026-10-04
San Cristobal,RINCON 1400,907,500000,551,1594,314,usab2,zonaprop,https://www.zonaprop.com.ar/propiedades/clasificado/vecltrin-terreno-en-venta-en-san-cristobal-56349447.html,2026-10-04
San Cristobal,Carlos Calvo 1980,500,520000,1040,1300,400,,zonaprop,https://www.zonaprop.com.ar/propiedades/clasificado/vecltrin-2-lotes-en-venta-para-desarrollo-gran-oportunidad-59934118.html,2026-10-04
San Cristobal,Humberto 1700,370,480000,1297,1800,267,pb + 10,zonaprop,https://www.zonaprop.com.ar/propiedades/clasificado/vecltrin-terreno-lote-en-venta-ubicado-en-san-cristobal-58515957.html,2026-10-04
San Cristobal,Pichincha al 800,627,1800000,2871,4000,450,,zonaprop,https://www.zonaprop.com.ar/propiedades/clasificado/vecltrin-venta-de-terreno-lote-en-balvanera-san-cristobal-56846908.html,2026-10-04
San Cristobal,Constitución 2200,819,649990,794,3625,179,,zonaprop,https://www.zonaprop.com.ar/propiedades/clasificado/vecltrin-lote-doble-frente-819-m-san-cristobal-inversion-60182049.html,2026-10-04
San Cristobal,Pichincha  al 1200,231,420000,1818,,,,zonaprop,https://www.zonaprop.com.ar/propiedades/clasificado/vecltrin-terreno-en-san-cristobal-58055580.html,2026-10-04
San Cristobal,Avenida Independencia 2484,135,220000,1630,,,,zonaprop,https://www.zonaprop.com.ar/propiedades/clasificado/vecltrin-terreno-sobre-lote-propio-ideal-desarrollo-1000-58799139.html,2026-10-04
San Cristobal,Pichincha al 1400,136,180000,1324,10800,17,,zonaprop,https://www.zonaprop.com.ar/propiedades/clasificado/vecltrin-terreno-143-m-sup2--sobre-pichincha-al-1400-59209988.html,2026-10-04
San Cristobal,Sánchez de Loria 1300,695,970000,1396,4860,200,usaa ,zonaprop,https://www.zonaprop.com.ar/propiedades/clasificado/vecltrin-venta-lote-695-m-sup2--desarrollo-en-san-cristobal-60177921.html,2026-10-04
San Cristobal,Av. San Juan 2330,463,530000,1145,8.66,61201,,zonaprop,https://www.zonaprop.com.ar/propiedades/clasificado/vecltrin-venta-lote-8-66-x-34-44-usca-2.193-m-sup2-58860399.html,2026-10-04
San Cristobal,24 de Noviembre al 1100,101,240000,2376,,,,zonaprop,https://www.zonaprop.com.ar/propiedades/clasificado/vecltrin-terreno-100-m-sup2--24-de-noviembre-entre-av-san-53764674.html,2026-10-04
San Cristobal,Avenida Chiclana 3000,171,650000,3801,,,,zonaprop,https://www.zonaprop.com.ar/propiedades/clasificado/vecltrin-terreno-lote-en-venta-o-permuta-ubicado-en-san-53877830.html,2026-10-04
San Cristobal,Barcala,334,670000,2006,317.323,2111,,zonaprop,https://www.zonaprop.com.ar/propiedades/clasificado/vecltrin-terreno-en-san-cristobal-56420726.html,2026-10-04
San Cristobal,Alberti 1800,1275,990000,776,4582,216,,zonaprop,https://www.zonaprop.com.ar/propiedades/clasificado/vecltrin-terreno-alberti-al-1800-58544152.html,2026-10-04
San Cristobal,San Juan  al 2400,297,1000000,3367,,,,zonaprop,https://www.zonaprop.com.ar/propiedades/clasificado/vecltrin-lote-terreno-en-san-cristobal-venta-57692782.html,2026-10-04
San Cristobal,urquiza 773,244,770000,3156,1900,405,,zonaprop,https://www.zonaprop.com.ar/propiedades/clasificado/vecltrin-exelente-lote-para-proyecto-de-viviendas-en-san-59800181.html,2026-10-04
San Cristobal,Constitución 2000,384,119000,310,,,,zonaprop,https://www.zonaprop.com.ar/propiedades/clasificado/vecltrin-casa-para-invertir-reciclar-san-cristobal-60114950.html,2026-10-04
San Cristobal,Gral. Urquiza 1200,299,220000,736,,,,zonaprop,https://www.zonaprop.com.ar/propiedades/clasificado/vecltrin-terreno-a-la-venta-en-boedo-59327636.html,2026-10-04
San Cristobal,Avenida Pavón 1900,320,240000,750,1148,209,usam,zonaprop,https://www.zonaprop.com.ar/propiedades/clasificado/vecltrin-lote-en-venta-av-pavon-ideal-desarrollo-60264446.html,2026-10-04
San Cristobal,Constitucion 2200,322,239990,745,2137,112,,zonaprop,https://www.zonaprop.com.ar/propiedades/clasificado/vecltrin-lote-322-m-san-cristobal-ideal-inversion-60182048.html,2026-10-04
San Cristobal,Matheu 1010,133,210000,1579,27.56,7620,usaa,zonaprop,https://www.zonaprop.com.ar/propiedades/clasificado/vecltrin-terreno-en-san-cristobal-51675998.html,2026-10-04
San Cristobal,Dean Funes  al 1100,229,290000,1266,1125,258,,zonaprop,https://www.zonaprop.com.ar/propiedades/clasificado/vecltrin-terreno-en-san-cristobal-59398395.html,2026-10-04
San Cristobal,Av. Chiclana 2800,306,135000,441,13572,10,,zonaprop,https://www.zonaprop.com.ar/propiedades/clasificado/vecltrin-casa-en-lote-propio.-venta.-usam.-san-cristobal-60174777.html,2026-10-04
San Cristobal,Avenida San Juan 2200,152,590000,3882,2350,251,pb + 12,zonaprop,https://www.zonaprop.com.ar/propiedades/clasificado/vecltrin-lote-terreno-en-venta-san-cristobal-1850-vendibles-60199868.html,2026-10-04
San Cristobal,Catamarca 1000,640,450000,703,,,,zonaprop,https://www.zonaprop.com.ar/propiedades/clasificado/vecltrin-lote-en-venta-en-capital-federal-60020785.html,2026-10-04
San Cristobal,Saavedra 1100,182,260000,1429,,,,zonaprop,https://www.zonaprop.com.ar/propiedades/clasificado/vecltrin-excelente-lote-en-zona-san-cristobal-apto-12-pisos-60307954.html,2026-10-04
San Cristobal,Cochabamba 2800,250,337000,1348,,,,zonaprop,https://www.zonaprop.com.ar/propiedades/clasificado/vecltrin-terreno-en-venta-250-m-59552193.html,2026-10-04
San Cristobal,Av. San Juan al 3200,1273,1950000,1532,,,,zonaprop,https://www.zonaprop.com.ar/propiedades/clasificado/vecltrin-excelente-terreno-sobre-av-san-juan!-doble-frente-58293843.html,2026-10-04
San Cristobal,Saavedra 1100,190,259000,1363,1498.48,173,,zonaprop,https://www.zonaprop.com.ar/propiedades/clasificado/vecltrin-lote-en-venta-san-cristobal-ideal-inversor-60037762.html,2026-10-04
San Cristobal,Humberto Iº 1837,394,490000,1244,,,,zonaprop,https://www.zonaprop.com.ar/propiedades/clasificado/vecltrin-venta-lote-en-san-cristobal-ideal-constructor-48811804.html,2026-10-04
San Cristobal,Avenida Pavón 2800,274,259000,945,929,279,Usam,zonaprop,https://www.zonaprop.com.ar/propiedades/clasificado/vecltrin-oportunidad-lote-en-ochava-san-cristobal-60262387.html,2026-10-04
San Cristobal,Catamarca 463. Entre Vaenezuela y Av belgrano,299,250000,836,,,usam,zonaprop,https://www.zonaprop.com.ar/propiedades/clasificado/vecltrin-lote.-catamarca-463-56191294.html,2026-10-04
San Cristobal,Sarandi 1300,294,160000,544,,,,zonaprop,https://www.zonaprop.com.ar/propiedades/clasificado/vecltrin-venta-lote-de-terreno-local8-66x34-san-cristobal-60181494.html,2026-10-04
San Cristobal,Chiclana 2800,222,198000,892,,,,zonaprop,https://www.zonaprop.com.ar/propiedades/clasificado/vecltrin-terreno-lote-en-venta-ubicado-en-san-cristobal-50541918.html,2026-10-04
San Cristobal,Dean Funes 900,306,450000,1471,1600,281,,zonaprop,https://www.zonaprop.com.ar/propiedades/clasificado/vecltrin-lote-san-cristobal-dean-funes-al-900-cash-deptos-44145073.html,2026-10-04
San Cristobal,SAAVEDRA 1100,225,278000,1236,,,,zonaprop,https://www.zonaprop.com.ar/propiedades/clasificado/vecltrin-terreno-en-venta-en-san-cristobal-56154759.html,2026-10-04
San Cristobal,Av. Juan de Garay 3153. Entre Gral. Urquiza y 24 De Noviembre,442,850000,1923,,,,zonaprop,https://www.zonaprop.com.ar/propiedades/clasificado/vecltrin-lote.-av-juan-de-garay-al-3100-58427210.html,2026-10-04
San Cristobal,Humberto 1º 2700,540,390000,722,3061.82,127,pb + 8 + 2,zonaprop,https://www.zonaprop.com.ar/propiedades/clasificado/vecltrin-terreno-san-cristobal-venta-usaa-60254349.html,2026-10-04
San Cristobal,Combate De Los Pozos Al 700,1059,420000,397,1059,397,,zonaprop,https://www.zonaprop.com.ar/propiedades/clasificado/vecltrin-terreno-san-cristobal-combate-de-los-pozos-al-700-50938559.html,2026-10-04
San Cristobal,Av Independencia Al 2900,225,750000,3333,2200,341,,zonaprop,https://www.zonaprop.com.ar/propiedades/clasificado/vecltrin-lote-san-cristobal-independencia-2900-planos-52184207.html,2026-10-04
San Cristobal,DEAN FUNES 973. Entre Carlos Calvo y Estados Unidos,256,300000,1172,746,402,usab2,zonaprop,https://www.zonaprop.com.ar/propiedades/clasificado/vecltrin-v-enta-lote-san-cristobal-256-m-sup2--desarrollo-60135372.html,2026-10-04
San Cristobal,DEAN FUNES 1700,554,550000,993,,,usab2,zonaprop,https://www.zonaprop.com.ar/propiedades/clasificado/vecltrin-terreno-en-venta-en-san-cristobal-50637393.html,2026-10-04
San Cristobal,Juan De Garay Al 2500,300,859000,2863,2000,430,,zonaprop,https://www.zonaprop.com.ar/propiedades/clasificado/vecltrin-terreno-san-cristobal-casi-todo-canje-juan-de-50937879.html,2026-10-04
San Cristobal,Barcala 3000,302,410000,1358,1845,222,,zonaprop,https://www.zonaprop.com.ar/propiedades/clasificado/vecltrin-lote-barcala-3063-san-cristobal-1350-60243313.html,2026-10-04
San Cristobal,Dean Funes Al 900,306,450000,1471,1600,281,,zonaprop,https://www.zonaprop.com.ar/propiedades/clasificado/vecltrin-venta-lote-san-cristobal-dean-funes-al-900-50937883.html,2026-10-04
San Cristobal,Av. Independencia 2900,145,699000,4821,,,ca,zonaprop,https://www.zonaprop.com.ar/propiedades/clasificado/vecltrin-lote-san-cristobal-av-independencia-al-2900-para-51004166.html,2026-10-04
San Cristobal,Juan De Garay Al 2500,300,859000,2863,2000,430,,zonaprop,https://www.zonaprop.com.ar/propiedades/clasificado/vecltrin-terreno-san-cristobal-casi-todo-canje-juan-de-47498144.html,2026-10-04
San Cristobal,Combate de los Pozos 1300,461,450000,976,298,1510,,zonaprop,https://www.zonaprop.com.ar/propiedades/clasificado/vecltrin-venta-lote-en-san-cristobal-60221497.html,2026-10-04
San Cristobal,Av. San Juan 1900,549,830000,1512,,,,zonaprop,https://www.zonaprop.com.ar/propiedades/clasificado/vecltrin-venta-lote-549-m-sup2--c-construccion-san-58480215.html,2026-10-04
San Cristobal,"MATHEU 1200. Entre San Juan, Av. y Cochabamba",395,790000,2000,,,,zonaprop,https://www.zonaprop.com.ar/propiedades/clasificado/vecltrin-venta-lote-san-cristobal-56698421.html,2026-10-04
Balvanera,Avenida Rivadavia al 3300,315,900000,2857,,,,zonaprop,https://www.zonaprop.com.ar/propiedades/clasificado/vecltrin-gran-terreno-para-2885-m-vendibles-sobre-av-rivadavia-55860050.html,2026-10-04
Balvanera,Bartolomé Mitre al 1800,864,990000,1146,3212,308,pb + 7,zonaprop,https://www.zonaprop.com.ar/propiedades/clasificado/vecltrin-venta-lote-de-864-m-sup2--en-callao-y-mitre-con-15-4-m-59913489.html,2026-10-04
Balvanera,Av. Belgrano 2900,369,699999,1897,2138.8,327,cm,zonaprop,https://www.zonaprop.com.ar/propiedades/clasificado/vecltrin-terreno-en-balvanera!-2.100-m-sup2--vendibles!-60230687.html,2026-10-04
Balvanera,Av Independencia  al 3000,147,350000,2381,,,pb + 10,zonaprop,https://www.zonaprop.com.ar/propiedades/clasificado/vecltrin-lote-en-venta-balvanera-59494411.html,2026-10-04
Balvanera,Catamarca al 700,332,380000,1145,1488,255,,zonaprop,https://www.zonaprop.com.ar/propiedades/clasificado/vecltrin-terreno-en-venta-balvanera-59908645.html,2026-10-04
Balvanera,Venezuela  al 2400,82,198000,2415,,,usam,zonaprop,https://www.zonaprop.com.ar/propiedades/clasificado/vecltrin-excelente-terreno-en-balvanera-lideres-en-terrenos-59667079.html,2026-10-04
Balvanera,Av. Belgrano  al 2900,583,550000,943,,,,zonaprop,https://www.zonaprop.com.ar/propiedades/clasificado/vecltrin-terreno-en-balvanera-59834480.html,2026-10-04
Balvanera,Junín al 300,252,850000,3373,2916.1,291,,zonaprop,https://www.zonaprop.com.ar/propiedades/clasificado/vecltrin-terreno-en-balvanera-59613620.html,2026-10-04
Balvanera,Av. Independencia 2493/99,538,700000,1301,3375,207,Pb + 10,zonaprop,https://www.zonaprop.com.ar/propiedades/clasificado/vecltrin-venta-lote-con-renta-para-emprendimiento-en-balvanera-60050122.html,2026-10-04
Balvanera,AV. INDEPENDENCIA 2825. Entre Catamarca y Dean funes,320,550000,1719,2900,190,pb + 10,zonaprop,https://www.zonaprop.com.ar/propiedades/clasificado/vecltrin-venta-lote-balvanera-con-anteproyecto-58329952.html,2026-10-04
Balvanera,Rincón n 160,536,800000,1493,440.555,1816,,zonaprop,https://www.zonaprop.com.ar/propiedades/clasificado/vecltrin-terreno-en-venta-en-balvanera-59168264.html,2026-10-04
Balvanera,Aguero al 900,725,2500000,3448,,,,zonaprop,https://www.zonaprop.com.ar/propiedades/clasificado/vecltrin-terreno-para-5500-m-sup2--con-salida-a-2-calles-a-1-58326760.html,2026-10-04
Balvanera,Riobamba 468/458,690,2300000,3333,,,,zonaprop,https://www.zonaprop.com.ar/propiedades/clasificado/vecltrin-terreno-a-m-de-av-callao-y-av-corrientes-con-54281976.html,2026-10-04
Balvanera,Venezuela  al 2400,82,198000,2415,,,usam,zonaprop,https://www.zonaprop.com.ar/propiedades/clasificado/vecltrin-excelente-terreno-en-balvanera-lideres-en-terrenos-59206121.html,2026-10-04
Balvanera,24 de Noviembre y Alsina,265,310000,1170,2356.92,132,,zonaprop,https://www.zonaprop.com.ar/propiedades/clasificado/vecltrin-lote-en-venta-ideal-iversores!-balvanera-caba-52034930.html,2026-10-04
Balvanera,Venezuela 2788,166,288000,1735,,,,zonaprop,https://www.zonaprop.com.ar/propiedades/clasificado/vecltrin-excelente-lote-superficie-vendible-1433-m-sup2-53491148.html,2026-10-04
Balvanera,ANCHORENA 600. Entre Tucuman y Zelaya,270,320000,1185,,,,zonaprop,https://www.zonaprop.com.ar/propiedades/clasificado/vecltrin-venta-en-block-ph-mas-local!-60095870.html,2026-10-04
Balvanera,Bartolomé Mitre 3100,322,1400000,4348,4300,326,cm,zonaprop,https://www.zonaprop.com.ar/propiedades/clasificado/vecltrin-venta-terreno-balvanera-corredor-medio-toma-60255320.html,2026-10-04
Balvanera,Moreno 2707,604,960000,1589,4826,199,,zonaprop,https://www.zonaprop.com.ar/propiedades/clasificado/vecltrin-terreno-apto-desarrollo-604-50-m-sup2--moreno-2705-60235846.html,2026-10-04
Balvanera,Junin 673,1405,480000,342,1405,342,usaa,zonaprop,https://www.zonaprop.com.ar/propiedades/clasificado/vecltrin-lote-8.66-x-31.53-para-construir-vendibles-1405-54871146.html,2026-10-04
Balvanera,Ayacucho al 300,1081,1500000,1388,7500,200,cm,zonaprop,https://www.zonaprop.com.ar/propiedades/clasificado/vecltrin-terreno-en-venta-en-ayacucho-y-corrientes-59557433.html,2026-10-04
Balvanera,AV. Belgrano al 1900,398,950000,2387,,,,zonaprop,https://www.zonaprop.com.ar/propiedades/clasificado/vecltrin-terreno-corredor-alto-3500-m-sup2--vendibles-60053944.html,2026-10-04
Balvanera,AV. Jujuy al 300,165,698000,4230,1500,465,,zonaprop,https://www.zonaprop.com.ar/propiedades/clasificado/vecltrin-terreno-en-venta-en-balvanera-55711513.html,2026-10-04
Balvanera,Luis Saenz Peña  al 200,182,350000,1923,2400,146,,zonaprop,https://www.zonaprop.com.ar/propiedades/clasificado/vecltrin-terreno-congreso-1800-m-sup2--construibles-60053819.html,2026-10-04
Balvanera,Av Belgrano  al 3200,354,515000,1455,3610.38,143,pb + 10,zonaprop,https://www.zonaprop.com.ar/propiedades/clasificado/vecltrin-terreno-lote-desarrollo-venta-balvanera-56247091.html,2026-10-04
Balvanera,Alsina al 2900,196,219000,1117,970,226,,zonaprop,https://www.zonaprop.com.ar/propiedades/clasificado/vecltrin-lote-en-balvanera-59149261.html,2026-10-04
Balvanera,JUNIN 300. Entre Av. Corrientes y Sarmiento,620,900000,1452,,,,zonaprop,https://www.zonaprop.com.ar/propiedades/clasificado/vecltrin-venta-lote-17.35-x-14.50-5-locales-7-oficinas-57472663.html,2026-10-04
Balvanera,AGUERO 700,500,530000,1060,,,,zonaprop,https://www.zonaprop.com.ar/propiedades/clasificado/vecltrin-balvanera-lote-en-venta-oportunidad-56980425.html,2026-10-04
Balvanera,Agrelo al 3200,246,250000,1016,153,1634,usam,zonaprop,https://www.zonaprop.com.ar/propiedades/clasificado/vecltrin-venta-casa-sobre-terreno-246-m-sup2--construidos-patio-55011313.html,2026-10-04
Balvanera,Urquiza Gral. al 300,1006,2500000,2485,6900,362,,zonaprop,https://www.zonaprop.com.ar/propiedades/clasificado/vecltrin-terreno-para-8.800-m-sup2--vendibles-balvanera:esquina-57897928.html,2026-10-04
Balvanera,Moreno 2563/ 67 69,575,420000,730,,,usam,zonaprop,https://www.zonaprop.com.ar/propiedades/clasificado/vecltrin-excelente-terreno-en-balvanera-lideres-en-terrenos-59207745.html,2026-10-04
Balvanera,Venezuela al 1800,156,590000,3782,207.58,2842,,zonaprop,https://www.zonaprop.com.ar/propiedades/clasificado/vecltrin-terreno-balvanera-48872588.html,2026-10-04
Balvanera,Sarandi  al 700,266,495000,1861,,,usaa,zonaprop,https://www.zonaprop.com.ar/propiedades/clasificado/vecltrin-lote-en-venta-balvanera-57859788.html,2026-10-04
Balvanera,AV. Rivadavia al 2000,926,1200000,1296,,,,zonaprop,https://www.zonaprop.com.ar/propiedades/clasificado/vecltrin-venta-local-comercial-en-esquina-edificio-en-lote-60238139.html,2026-10-04
Balvanera,JUNIN 700,177,710000,4011,1400,507,,zonaprop,https://www.zonaprop.com.ar/propiedades/clasificado/vecltrin-venta-lote-en-zona-facultades-balvanera-capital-50879287.html,2026-10-04
Balvanera,ANCHORENA 600. Entre Tucuman y Zelaya,138,420000,3043,,,,zonaprop,https://www.zonaprop.com.ar/propiedades/clasificado/vecltrin-lote-en-venta-abasto!-balvanera-59389549.html,2026-10-04
Balvanera,Independencia  al 2800,409,890000,2176,,,pb + 10,zonaprop,https://www.zonaprop.com.ar/propiedades/clasificado/vecltrin-terreno-en-balvanera-58689847.html,2026-10-04
Balvanera,"Pasaje Zelaya, Entre Aguero y Tomas de Anchorena",345,440000,1275,,,,zonaprop,https://www.zonaprop.com.ar/propiedades/clasificado/vecltrin-terreno-en-balvanera-42206482.html,2026-10-04
Balvanera,Hipólito Yrigoyen al 3200,837,890000,1063,,,,zonaprop,https://www.zonaprop.com.ar/propiedades/clasificado/vecltrin-terreno-balvanera-56473349.html,2026-10-04
Balvanera,Mexico al 2800,240,200000,833,1400,143,pb + 7,zonaprop,https://www.zonaprop.com.ar/propiedades/clasificado/vecltrin-terreno-en-balvanera-60023980.html,2026-10-04
Balvanera,Mexico 2500,157,320000,2038,,,,zonaprop,https://www.zonaprop.com.ar/propiedades/clasificado/vecltrin-terreno-9.52-de-frente-x-16.49-de-fondo-53689929.html,2026-10-04
Balvanera,Av. Jujuy  al 500,629,1500000,2385,,,,zonaprop,https://www.zonaprop.com.ar/propiedades/clasificado/vecltrin-terreno-lote-en-balvanera-venta-oportunidad-52117141.html,2026-10-04
Balvanera,Venezuela 1854,887,950000,1071,5000,190,usaa,zonaprop,https://www.zonaprop.com.ar/propiedades/clasificado/vecltrin-lote-21x43-usaa-56824604.html,2026-10-04
Balvanera,Avenida Independencia 2927,269,550000,2045,1952,282,ca,zonaprop,https://www.zonaprop.com.ar/propiedades/clasificado/vecltrin--atencion-desarrolladores!-lote-premium-en-corredor-58942187.html,2026-10-04
Balvanera,Avenida Entre Rios e/ Avenida Independencia y Chile,630,980000,1556,,,,zonaprop,https://www.zonaprop.com.ar/propiedades/clasificado/vecltrin-terreno-en-venta-1.201-m-sup2--balvanera-59734337.html,2026-10-04
Balvanera,Ayacucho al 500,537,490000,912,,,,zonaprop,https://www.zonaprop.com.ar/propiedades/clasificado/vecltrin-edificio-comercial-venta-oficinas-comerciales-58291136.html,2026-10-04
Balvanera,Riobamba  al 500,167,430000,2575,166.993,2575,,zonaprop,https://www.zonaprop.com.ar/propiedades/clasificado/vecltrin-venta-terreno-lote-zona-balvanera-comercial-apto-59929200.html,2026-10-04
Balvanera,Adolfo Alsina  al 2000,344,280000,814,1113,252,,zonaprop,https://www.zonaprop.com.ar/propiedades/clasificado/vecltrin-venta-de-terreno-en-balvanera-60151252.html,2026-10-04
Balvanera,Alsina 2620,181,495000,2735,1072.5,462,usam,zonaprop,https://www.zonaprop.com.ar/propiedades/clasificado/vecltrin-deposito-en-balvanera-56523956.html,2026-10-04
Balvanera,Cordoba  al 2300,251,900000,3586,2394,376,,zonaprop,https://www.zonaprop.com.ar/propiedades/clasificado/vecltrin-terreno-venta-lote-recoleta-balvanera-59675801.html,2026-10-04
Balvanera,Lavalle al 2000,267,850000,3184,,,pb + 10,zonaprop,https://www.zonaprop.com.ar/propiedades/clasificado/vecltrin-excelente-terreno-en-balvanera-lideres-en-terrenos-59207678.html,2026-10-04
Balvanera,Boulogne Sur Mer 700,253,650000,2569,1100,591,,zonaprop,https://www.zonaprop.com.ar/propiedades/clasificado/vecltrin-terreno-lote-en-venta-en-once-capital-federal-buenos-55452049.html,2026-10-04
Balvanera,General Urquiza e/ Agrelo y México,203,280000,1379,,,,zonaprop,https://www.zonaprop.com.ar/propiedades/clasificado/vecltrin-terreno-en-venta-203-m-sup2--balvanera-59883398.html,2026-10-04
Balvanera,LA Rioja al 700,255,600000,2353,,,usaa,zonaprop,https://www.zonaprop.com.ar/propiedades/clasificado/vecltrin-terreno-balvanera-lideres-en-terrenos-guimat-59207496.html,2026-10-04
Balvanera,General Urquiza  al 400,441,350000,794,,,,zonaprop,https://www.zonaprop.com.ar/propiedades/clasificado/vecltrin-terreno-en-balvanera-57032444.html,2026-10-04
Balvanera,Lavalle  al 2900,89,185000,2079,,,usam,zonaprop,https://www.zonaprop.com.ar/propiedades/clasificado/vecltrin-excelente-terreno-en-balvanera-lideres-en-terrenos-59207674.html,2026-10-04
Balvanera,Av. Rivadavia al 2100,811,1800000,2219,5050,356,pb + 10,zonaprop,https://www.zonaprop.com.ar/propiedades/clasificado/vecltrin-terreno-en-balvanera-57566058.html,2026-10-04
Balvanera,La Rioja al 700,215,395000,1837,1800,219,,zonaprop,https://www.zonaprop.com.ar/propiedades/clasificado/vecltrin-terreno-venta-balvanera-54324941.html,2026-10-04
Balvanera,Carlos Calvo al 2700,291,375000,1289,,,,zonaprop,https://www.zonaprop.com.ar/propiedades/clasificado/vecltrin-terreno-en-san-cristobal-57656604.html,2026-10-04
Balvanera,Sarmiento 3000,132,258000,1955,,,,zonaprop,https://www.zonaprop.com.ar/propiedades/clasificado/vecltrin-edificio-a-reciclar-y-local-a-la-calle-balvanera.-60044288.html,2026-10-04
Balvanera,Pasco al 200,111,275000,2477,,,usaa,zonaprop,https://www.zonaprop.com.ar/propiedades/clasificado/vecltrin-excelente-terreno-en-balvanera-lideres-en-terrenos-59774980.html,2026-10-04
Balvanera,General Urquiza 100,290,340000,1172,,,usaa,zonaprop,https://www.zonaprop.com.ar/propiedades/clasificado/vecltrin-venta-lote-8-40-m-x-34-m-balvanera-60264800.html,2026-10-04
Balvanera,Sarandí 500,299,400000,1338,166,2410,usam,zonaprop,https://www.zonaprop.com.ar/propiedades/clasificado/vecltrin-venta-casa-balvanera-5-ambientes-patio-terraza-299-56786373.html,2026-10-04
Balvanera,Avenida Jujuy 500,311,750000,2412,3513,213,pb + 12,zonaprop,https://www.zonaprop.com.ar/propiedades/clasificado/vecltrin-venta-lote-de-311-m-sup2--balvanera-av-jujuy-60199985.html,2026-10-04
Balvanera,Matheu 300 300,650,480000,738,,,,zonaprop,https://www.zonaprop.com.ar/propiedades/clasificado/vecltrin-terreno-lote-en-venta-en-balvanera-capital-federal-59885988.html,2026-10-04
Balvanera,San Luis al 2500,237,690000,2911,,,,zonaprop,https://www.zonaprop.com.ar/propiedades/clasificado/vecltrin-casa-balvanera-56855127.html,2026-10-04
Balvanera,San Luis 2400. Entre Larrea y Azcuenaga,241,1100000,4564,,,,zonaprop,https://www.zonaprop.com.ar/propiedades/clasificado/vecltrin-lote.-san-luis-al-2400-59055503.html,2026-10-04
Balvanera,PERON JUAN DOMINGO 3600,1370,2300000,1679,7100,324,usaa,zonaprop,https://www.zonaprop.com.ar/propiedades/clasificado/vecltrin-terreno-en-venta-en-balvanera-50637441.html,2026-10-04
Balvanera,Sanchez de Loria  110,1346,3000000,2229,,,,zonaprop,https://www.zonaprop.com.ar/propiedades/clasificado/vecltrin-sanchez-de-loria-100-excepcional-terreno-en-venta-58354009.html,2026-10-04
Balvanera,Urquiza  al 600,205,280000,1366,,,,zonaprop,https://www.zonaprop.com.ar/propiedades/clasificado/vecltrin-terreno-en-venta-en-balvanera-59921257.html,2026-10-04
Balvanera,Chile 2100,770,595000,773,,,,zonaprop,https://www.zonaprop.com.ar/propiedades/clasificado/vecltrin-edificio-bencich-ideal-para-refaccionar-53573666.html,2026-10-04
Balvanera,Pichincha al 800,627,1800000,2871,4000,450,,zonaprop,https://www.zonaprop.com.ar/propiedades/clasificado/vecltrin-venta-de-terreno-lote-en-balvanera-san-cristobal-56846895.html,2026-10-04
Balvanera,Gral Urquiza al  al 200,296,295000,997,,,,zonaprop,https://www.zonaprop.com.ar/propiedades/clasificado/vecltrin-terreno-en-venta-59637236.html,2026-10-04
Balvanera,Sarmiento al 1700 e/ Rodriguez Peña y Callao,1675,1300000,776,4700,277,,zonaprop,https://www.zonaprop.com.ar/propiedades/clasificado/vecltrin-terreno-lote-en-venta-ubicado-en-balvanera-capital-58766813.html,2026-10-04
Balvanera,Virrey Cevallos  al 1000,605,650000,1074,,,,zonaprop,https://www.zonaprop.com.ar/propiedades/clasificado/vecltrin-excelente-terreno-para-desarrollo-en-balvanera-59678194.html,2026-10-04
Balvanera,General Urquiza 654,280,280000,1000,,,,zonaprop,https://www.zonaprop.com.ar/propiedades/clasificado/vecltrin-terreno-en-excelente-ubicaciom-59272988.html,2026-10-04
Balvanera,Lavalle 2100,1304,2450000,1879,14301,171,,zonaprop,https://www.zonaprop.com.ar/propiedades/clasificado/vecltrin-terreno-en-venta-en-balvaneraterreno-de-1.304-80-58151791.html,2026-10-04
Balvanera,Avenida Belgrano 2900,370,698000,1886,,,,zonaprop,https://www.zonaprop.com.ar/propiedades/clasificado/vecltrin-venta-lote-exc-ubicacion-1925-m-sup2--vendibles-y-coch-60240228.html,2026-10-04
Balvanera,PASCO 500,452,590000,1305,1797,328,usam ,zonaprop,https://www.zonaprop.com.ar/propiedades/clasificado/vecltrin-terreno-en-venta-en-balvanera-56648193.html,2026-10-04
Balvanera,Moreno 1900 (para Construir  PB + 10 Pisos + 2 Retiros),191,450000,2356,2400,188,,zonaprop,https://www.zonaprop.com.ar/propiedades/clasificado/vecltrin-terreno-venta-balvanera-pb-10-pisos-2-retiros-60053885.html,2026-10-04
Balvanera,24 de noviembre 200,308,225000,731,1188,189,usam ,zonaprop,https://www.zonaprop.com.ar/propiedades/clasificado/vecltrin-terreno-lote-en-venta-en-balvanera-capital-federal-59342063.html,2026-10-04
Balvanera,Avenida Hipólito Yrigoyen 3200,488,680000,1393,4800,142,usam ,zonaprop,https://www.zonaprop.com.ar/propiedades/clasificado/vecltrin-lote-en-venta-usam-60254643.html,2026-10-04
Balvanera,Matheu 300 300,330,480000,1455,,,,zonaprop,https://www.zonaprop.com.ar/propiedades/clasificado/vecltrin-terreno-lote-en-venta-en-balvanera-capital-federal-59885960.html,2026-10-04
Balvanera,Viamonte al 2401 Esq. Azcuénaga 708,310,580000,1871,,,,zonaprop,https://www.zonaprop.com.ar/propiedades/clasificado/vecltrin-terreno-balvanera-57001636.html,2026-10-04
Balvanera,Belgrano al 2200,587,1550000,2641,,,,zonaprop,https://www.zonaprop.com.ar/propiedades/clasificado/vecltrin-excelente-terreno-en-balvanera-57081194.html,2026-10-04
Balvanera,Sarmiento 3100,450,750000,1667,,,,zonaprop,https://www.zonaprop.com.ar/propiedades/clasificado/vecltrin-terreno-lote-en-venta-en-almagro-capital-federal-60216452.html,2026-10-04
Balvanera,Moreno 2717,249,390000,1566,1852,211,,zonaprop,https://www.zonaprop.com.ar/propiedades/clasificado/vecltrin-terreno-en-venta-249-m-sup2--apto-desarrollo-60235456.html,2026-10-04
Balvanera,Moreno 2500,298,690000,2315,4128,167,,zonaprop,https://www.zonaprop.com.ar/propiedades/clasificado/vecltrin-lote-balvanera-moreno-al-2500-casi-todo-canje-55681214.html,2026-10-04
Balvanera,Adolfo Alsina 2700,154,299000,1942,,,,zonaprop,https://www.zonaprop.com.ar/propiedades/clasificado/vecltrin-venta-ph-balvanera-60163241.html,2026-10-04
Balvanera,Venezuela al 2700,275,380000,1382,,,pb+ 5,zonaprop,https://www.zonaprop.com.ar/propiedades/clasificado/vecltrin-venta-terreno-balvanera-con-mixtura-de-usos-58310078.html,2026-10-04
Balvanera,"VENEZUELA 1840/00. Entre Entre Rios, Avda. y Combate De Los Pozos",908,930000,1024,,,,zonaprop,https://www.zonaprop.com.ar/propiedades/clasificado/vecltrin-excelente-lote-en-venta!-58643358.html,2026-10-04
Balvanera,Combate de los Pozos al 300,344,590000,1715,2.7,218519,cm,zonaprop,https://www.zonaprop.com.ar/propiedades/clasificado/vecltrin-venta-lote-doble-frente-16.01-m-corredor-medio-60299641.html,2026-10-04
Balvanera,La Rioja 700,370,300000,811,,,usaa,zonaprop,https://www.zonaprop.com.ar/propiedades/clasificado/vecltrin-la-rioja-700-terreno-de-8-66x43-zonificacion-usaa-pb-57952300.html,2026-10-04
Balvanera,Matheu 300 300,150,200000,1333,,,,zonaprop,https://www.zonaprop.com.ar/propiedades/clasificado/vecltrin-terreno-lote-en-venta-en-balvanera-capital-federal-59885938.html,2026-10-04
Balvanera,San Luis 2549,150,300000,2000,,,,zonaprop,https://www.zonaprop.com.ar/propiedades/clasificado/vecltrin-terreno-apto-para-construir-59294119.html,2026-10-04
Balvanera,Chile 2088,800,900000,1125,31.2,28846,,zonaprop,https://www.zonaprop.com.ar/propiedades/clasificado/vecltrin-terreno-en-esquina-con-doble-frente-balvanera-50693374.html,2026-10-04
Balvanera,Moreno N°2.200,250,320000,1280,2600,123,,zonaprop,https://www.zonaprop.com.ar/propiedades/clasificado/vecltrin-lote-en-balvanera-exel.-ubicacion-para-construir-2600-59800151.html,2026-10-04
Balvanera,Hipólito Yrigoyen al 3200,837,890000,1063,,,,zonaprop,https://www.zonaprop.com.ar/propiedades/clasificado/vecltrin-terreno-balvanera-56467094.html,2026-10-04
Balvanera,Avenida Independencia 2999,136,420000,3088,,,ca,zonaprop,https://www.zonaprop.com.ar/propiedades/clasificado/vecltrin-venta-lote-balvanera-en-esquina-sobre-av-59095613.html,2026-10-04
Balvanera,Av Belgrano 2900,303,419000,1383,303.539,1380,,zonaprop,https://www.zonaprop.com.ar/propiedades/clasificado/vecltrin-8-66x35-a-400-m-de-av-rivadavia-y-200-m-de-av-jujuy-60318455.html,2026-10-04
Balvanera,Misiones al 200,150,249000,1660,723.4,344,pb + 5,zonaprop,https://www.zonaprop.com.ar/propiedades/clasificado/vecltrin-terreno-en-balvanera-57064382.html,2026-10-04
Balvanera,Bartolomé Mitre 3100,288,1100000,3819,2700,407,cm,zonaprop,https://www.zonaprop.com.ar/propiedades/clasificado/vecltrin-venta-terreno-balvanera-corredor-medio-toma-60262804.html,2026-10-04
Balvanera,Independencia  al 2800,409,890000,2176,,,pb + 10,zonaprop,https://www.zonaprop.com.ar/propiedades/clasificado/vecltrin-terreno-en-balvanera-58667295.html,2026-10-04
Balvanera,Bartolomé Mitre 3100,600,2500000,4167,7000,357,cm,zonaprop,https://www.zonaprop.com.ar/propiedades/clasificado/vecltrin-venta-terreno-balvanera-corredor-medio-toma-60255321.html,2026-10-04
Balvanera,Adolfo Alsina al 2000,602,630000,1047,,,,zonaprop,https://www.zonaprop.com.ar/propiedades/clasificado/vecltrin-lote-en-venta-balvanera-58029640.html,2026-10-04
Balvanera,Sarandi 500,120,220000,1833,,,,zonaprop,https://www.zonaprop.com.ar/propiedades/clasificado/vecltrin-lote-en-venta-balvanera-congreso-unidad-de-60179452.html,2026-10-04
Balvanera,LA RIOJA 600,443,300000,677,711,422,usab2,zonaprop,https://www.zonaprop.com.ar/propiedades/clasificado/vecltrin-terreno-en-venta-en-balvanera-57766545.html,2026-10-04
Balvanera,Matheu 300 300,300,280000,933,,,,zonaprop,https://www.zonaprop.com.ar/propiedades/clasificado/vecltrin-terreno-lote-en-venta-en-balvanera-capital-federal-59885970.html,2026-10-04
Balvanera,Moreno 3200,750,1500000,2000,4850,309,pb + 5,zonaprop,https://www.zonaprop.com.ar/propiedades/clasificado/vecltrin-lote-terreno-en-venta-balvanera-3600-m-vendibles-60225784.html,2026-10-04
Balvanera,Combate de los Pozos 300,341,520000,1525,2524,206,,zonaprop,https://www.zonaprop.com.ar/propiedades/clasificado/vecltrin-venta-lote-doble-frente-en-balvanera-60083227.html,2026-10-04
Balvanera,México 2200,262,290000,1107,1600,181,usaa,zonaprop,https://www.zonaprop.com.ar/propiedades/clasificado/vecltrin-venta-lote-balvanera-en-esquina-260-m-sup2-60163223.html,2026-10-04
Balvanera,BARTOLOME MITRE 4014,313,670000,2141,,,usam ,zonaprop,https://www.zonaprop.com.ar/propiedades/clasificado/vecltrin-venta-lote-bartolome-mitre-4000-balvanera-60171300.html,2026-10-04
Balvanera,CHILE 2088,800,900000,1125,31.2,28846,,zonaprop,https://www.zonaprop.com.ar/propiedades/clasificado/vecltrin-terreno-en-esquina-con-opcion-a-doble-frente-52234070.html,2026-10-04
Balvanera,Av. Jujuy  al 200,195,399000,2046,1890.5,211,,zonaprop,https://www.zonaprop.com.ar/propiedades/clasificado/vecltrin-terreno-en-balvanera-57063910.html,2026-10-04
Balvanera,Avenida Belgrano 2900,369,845000,2290,,,,zonaprop,https://www.zonaprop.com.ar/propiedades/clasificado/vecltrin-terreno-en-venta-balvanera-59671208.html,2026-10-04
Balvanera,Viamonte 2225 entre Uriburu y Pasteur,487,2400000,4928,6253,384,,zonaprop,https://www.zonaprop.com.ar/propiedades/clasificado/vecltrin-se-vende-terreno-en-viamonte-2225-entre-uriburu-y-54756534.html,2026-10-04
Balvanera,Viamonte 2225,476,1900000,3992,,,,zonaprop,https://www.zonaprop.com.ar/propiedades/clasificado/vecltrin-lote-de-14-x-34-apto-construccion-planos-aprobados-y-51186875.html,2026-10-04
Balvanera,Adolfo Alsina 3200,393,230000,585,1125,204,,zonaprop,https://www.zonaprop.com.ar/propiedades/clasificado/vecltrin-venta-lote-balvanera-1125-m-sup2--vendibles-9-60196188.html,2026-10-04
Balvanera,GALLO 700. Entre Tucuman y Lavalle,309,549999,1780,,,,zonaprop,https://www.zonaprop.com.ar/propiedades/clasificado/vecltrin-lote.-gallo-al-700-59181106.html,2026-10-04
Balvanera,Catamarca  500,1365,250000,183,1365,183,,zonaprop,https://www.zonaprop.com.ar/propiedades/clasificado/vecltrin-terreno-u.-s.-a.-m.-mixtura-uso-de-suelo-3.-enrase.-45837257.html,2026-10-04
Balvanera,AV. JUJUY 300,158,550000,3481,1200,458,,zonaprop,https://www.zonaprop.com.ar/propiedades/clasificado/vecltrin-lote-av-jujuy-al-300-59739348.html,2026-10-04
Balvanera,Pasco al 700,215,489000,2274,215.74,2267,,zonaprop,https://www.zonaprop.com.ar/propiedades/clasificado/vecltrin-terreno-en-balvanera-7-01-m-x-30-30-m-60228566.html,2026-10-04
Balvanera,Combate de los Pozos 700,149,250000,1678,815,307,pb + 7,zonaprop,https://www.zonaprop.com.ar/propiedades/clasificado/vecltrin-venta-lote-en-balvanera-permuta-60162175.html,2026-10-04
Balvanera,"MÉXICO 2600. Entre Jujuy, Av. y Saavedra",109,450000,4128,983,458,pb + 9,zonaprop,https://www.zonaprop.com.ar/propiedades/clasificado/vecltrin-lote.-mexico-al-2600-59739347.html,2026-10-04
Balvanera,Matheu 300 300,150,280000,1867,,,,zonaprop,https://www.zonaprop.com.ar/propiedades/clasificado/vecltrin-terreno-lote-en-venta-en-balvanera-capital-federal-59885949.html,2026-10-04
Balvanera,Mexico  al 2800,450,199000,442,200,995,usaa,zonaprop,https://www.zonaprop.com.ar/propiedades/clasificado/vecltrin-terreno-en-venta-balvanera-59655406.html,2026-10-04
Balvanera,Ecuador 300,1000,319000,319,8.66,36836,pb + 7,zonaprop,https://www.zonaprop.com.ar/propiedades/clasificado/vecltrin-ecuador-300-lote-8-66-x-26-1000-m-vendibles-se-51676201.html,2026-10-04
Balvanera,LA RIOJA 600,226,189000,836,320,591,usab2,zonaprop,https://www.zonaprop.com.ar/propiedades/clasificado/vecltrin-terreno-en-venta-en-balvanera-58578283.html,2026-10-04
Balvanera,Bartolomé Mitre 3100,350,1000000,2857,2700,370,cm,zonaprop,https://www.zonaprop.com.ar/propiedades/clasificado/vecltrin-venta-terreno-balvanera-corredor-medio-toma-60262805.html,2026-10-04
Balvanera,Sánchez de Loria 172,265,520000,1962,2050,254,,zonaprop,https://www.zonaprop.com.ar/propiedades/clasificado/vecltrin-lote-10-90x22-zonificacion-corredor-medio-2050-58919807.html,2026-10-04
Balvanera,BELGRANO 2300,900,3000000,3333,6145,488,ca,zonaprop,https://www.zonaprop.com.ar/propiedades/clasificado/vecltrin-terreno-en-venta-en-balvanera-58932833.html,2026-10-04
Balvanera,Combate de los Pozos 300,176,250000,1420,2524,99,,zonaprop,https://www.zonaprop.com.ar/propiedades/clasificado/vecltrin-venta-lote-en-balvanera-de-7-70-x-23-60068235.html,2026-10-04
Balvanera,Corrientes  av. 1900,1301,3500000,2690,,,,zonaprop,https://www.zonaprop.com.ar/propiedades/clasificado/vecltrin-terreno-urbano-en-venta-en-balvanera-capital-federal-59599321.html,2026-10-04
Balvanera,Av. Cordoba al 2300,242,1000000,4132,1820,549,,zonaprop,https://www.zonaprop.com.ar/propiedades/clasificado/vecltrin-terreno-en-balvanera-59552266.html,2026-10-04
Balvanera,Avenida Corrientes 3400,1200,6500000,5417,,,,zonaprop,https://www.zonaprop.com.ar/propiedades/clasificado/vecltrin-terreno-lote-en-venta-en-balvanera-capital-federal-60216534.html,2026-10-04
Balvanera,Moreno 2400,373,390000,1046,2200,177,,zonaprop,https://www.zonaprop.com.ar/propiedades/clasificado/vecltrin-terreno-de-8.66-x-43.80-m-en-venta-balvanera-58664986.html,2026-10-04
Balvanera,Belgrano al 2600,531,595000,1121,3765,158,ca,zonaprop,https://www.zonaprop.com.ar/propiedades/clasificado/vecltrin-oportunidad!-venta-gran-terreno-en-balvanera-59052463.html,2026-10-04
Balvanera,Moreno 2715,854,1350000,1581,7914,171,,zonaprop,https://www.zonaprop.com.ar/propiedades/clasificado/vecltrin-os-lotes-en-venta-853-90-m-sup2--7.914-m-sup2-60236130.html,2026-10-04
Balvanera,Matheu 300 300,300,200000,667,,,,zonaprop,https://www.zonaprop.com.ar/propiedades/clasificado/vecltrin-terreno-lote-en-venta-en-balvanera-capital-federal-59885977.html,2026-10-04
Balvanera,Avenida Belgrano 2900,673,550000,817,,,,zonaprop,https://www.zonaprop.com.ar/propiedades/clasificado/vecltrin-terreno-en-venta-en-balvanera-baja-incidencia-60258591.html,2026-10-04
Balvanera,Dean Funes 500,375,220000,587,2064,107,,zonaprop,https://www.zonaprop.com.ar/propiedades/clasificado/vecltrin-terreno-lote-en-venta-ubicado-en-balvanera-capital-53695021.html,2026-10-04
Balvanera,Sarmiento 3100,450,800000,1778,2000,400,usam 1,zonaprop,https://www.zonaprop.com.ar/propiedades/clasificado/vecltrin-terreno-en-venta-ubicado-en-balvanera-capital-58517101.html,2026-10-04
Balvanera,AZCUENAGA 700,374,1150000,3075,,,pb + 10 + 2,zonaprop,https://www.zonaprop.com.ar/propiedades/clasificado/vecltrin-terreno-en-venta-en-balvanera-51511886.html,2026-10-04
Balvanera,Entre Rios 100,190,850000,4474,2105,404,pb + 3,zonaprop,https://www.zonaprop.com.ar/propiedades/clasificado/vecltrin-terreno-lote-en-venta-en-balvanera-capital-federal-60216337.html,2026-10-04
Balvanera,catamarca 600,100,290000,2900,,,,zonaprop,https://www.zonaprop.com.ar/propiedades/clasificado/vecltrin--balvanera-lote-vta-675-m-construibles-subte-h-50635403.html,2026-10-04
Balvanera,CATAMARCA 100,765,815000,1065,5460,149,usam ,zonaprop,https://www.zonaprop.com.ar/propiedades/clasificado/vecltrin-terreno-en-venta-en-balvanera-56419365.html,2026-10-04
Balvanera,Viamonte  Al 2300,450,2900000,6444,4800,604,,zonaprop,https://www.zonaprop.com.ar/propiedades/clasificado/vecltrin-terreno-balvanera-viamonte-2300-plano-aprobado-52466168.html,2026-10-04
Balvanera,URQUIZA GRAL. 0,845,790000,935,3075,257,pb +9,zonaprop,https://www.zonaprop.com.ar/propiedades/clasificado/vecltrin-terreno-en-venta-en-balvanera-50637548.html,2026-10-04
Balvanera,HIPOLITO YRIGOYEN 2700,343,870000,2536,2643,329,,zonaprop,https://www.zonaprop.com.ar/propiedades/clasificado/vecltrin-terreno-en-venta-en-balvanera-50637715.html,2026-10-04
Balvanera,Anchorena 800,390,1890000,4846,2200,859,,zonaprop,https://www.zonaprop.com.ar/propiedades/clasificado/vecltrin-terreno-balvanera-anchorena-al-800-lindo-frente-49078041.html,2026-10-04
Balvanera,Catamarca 300,1600,300000,188,1600,188,usaa,zonaprop,https://www.zonaprop.com.ar/propiedades/clasificado/vecltrin--oportunidad!terreno-en-venta-ubicado-en-balvanera-60312186.html,2026-10-04
Balvanera,Entre Rios 100,190,850000,4474,2105,404,pb + 3,zonaprop,https://www.zonaprop.com.ar/propiedades/clasificado/vecltrin-terreno-en-venta-ubicado-en-balvanera-capital-58517114.html,2026-10-04
Balvanera,Ecuador 200,295,285000,966,1200,238,pb + 7,zonaprop,https://www.zonaprop.com.ar/propiedades/clasificado/vecltrin-terreno-lote-en-venta-en-balvanera-8-26-m-x-36-m-60315685.html,2026-10-04
Balvanera,CATAMARCA 100,765,815000,1065,5460,149,usam ,zonaprop,https://www.zonaprop.com.ar/propiedades/clasificado/vecltrin-terreno-en-venta-en-balvanera-54914930.html,2026-10-04
Balvanera,Mexico Al 2300,119,390000,3277,979,398,usaa,zonaprop,https://www.zonaprop.com.ar/propiedades/clasificado/vecltrin-lote-balvanera-mexico-al-2300-usaa-para-979-53845778.html,2026-10-04
Balvanera,Avenida Rivadavia 3300,422,1200000,2844,3640,330,,zonaprop,https://www.zonaprop.com.ar/propiedades/clasificado/vecltrin-terreno-lote-en-venta-en-once-capital-federal-buenos-58517045.html,2026-10-04
Balvanera,CORRIENTES 2100,603,1450000,2405,2339,620,,zonaprop,https://www.zonaprop.com.ar/propiedades/clasificado/vecltrin-terreno-en-venta-en-balvanera-51049747.html,2026-10-04
Balvanera,URQUIZA GRAL. 0,845,790000,935,3075,257,pb +9,zonaprop,https://www.zonaprop.com.ar/propiedades/clasificado/vecltrin-terreno-en-venta-en-balvanera-50637555.html,2026-10-04
Balvanera,Avenida Rivadavia 3300,422,1100000,2607,3640,302,,zonaprop,https://www.zonaprop.com.ar/propiedades/clasificado/vecltrin-terreno-lote-en-venta-en-balvanera-capital-federal-60216537.html,2026-10-04
Balvanera,Saavedra 300,357,300000,840,,,,zonaprop,https://www.zonaprop.com.ar/propiedades/clasificado/vecltrin-lote-saavedra-al-300-51847894.html,2026-10-04
Balvanera,"lavalle 3000. Entre Anchorena y Jaures, Jean",215,490000,2279,,,,zonaprop,https://www.zonaprop.com.ar/propiedades/clasificado/vecltrin-abasto-lote-restaurant-deposito-venta-57015516.html,2026-10-04
Balvanera,PASO 700,150,700000,4667,1577,444,,zonaprop,https://www.zonaprop.com.ar/propiedades/clasificado/vecltrin-terreno-lote-en-venta-en-once-capital-federal-buenos-60216450.html,2026-10-04
Balvanera,Anchorena al 300,191,400000,2094,1200,333,,zonaprop,https://www.zonaprop.com.ar/propiedades/clasificado/vecltrin-terreno-en-balvanera-57677392.html,2026-10-04
Balvanera,Moreno 2700,406,665000,1638,2.291,290266,,zonaprop,https://www.zonaprop.com.ar/propiedades/clasificado/vecltrin-venta-terreno-balvanera-60103164.html,2026-10-04
Balvanera,SAN LUIS 2900,149,345000,2315,834,414,,zonaprop,https://www.zonaprop.com.ar/propiedades/clasificado/vecltrin-terreno-en-venta-en-balvanera-60062789.html,2026-10-04
Balvanera,MORENO 1900. Entre Sarandi y Combate De Los Pozos,192,450000,2344,,,,zonaprop,https://www.zonaprop.com.ar/propiedades/clasificado/vecltrin-venta-de-lote-en-balvanera-capital-federal-54121214.html,2026-10-04
Balvanera,Bartolome Mitre 3400,800,1200000,1500,,,,zonaprop,https://www.zonaprop.com.ar/propiedades/clasificado/vecltrin-terreno-lote-en-venta-en-almagro-capital-federal-60216664.html,2026-10-04
Balvanera,independencia 2981,288,390000,1354,,,,zonaprop,https://www.zonaprop.com.ar/propiedades/clasificado/vecltrin-lote-s-terreno-propio-en-av-independencia-2900-8-66-43488310.html,2026-10-04
Balvanera,Venezuela 2900,207,280000,1353,1100,255,,zonaprop,https://www.zonaprop.com.ar/propiedades/clasificado/vecltrin-venta-lote-venezuela-2900-balvanera-54041886.html,2026-10-04
Balvanera,Adolfo Alsina 2700,500,1100000,2200,4200,262,,zonaprop,https://www.zonaprop.com.ar/propiedades/clasificado/vecltrin-terreno-en-venta-ubicado-en-balvanera-capital-60312194.html,2026-10-04
Balvanera,Av Belgrano 2600,288,580000,2014,2100,276,,zonaprop,https://www.zonaprop.com.ar/propiedades/clasificado/vecltrin-terreno-en-venta-ubicado-en-balvanera-capital-60312189.html,2026-10-04
Balvanera,México 1900,339,349000,1029,1390,251,,zonaprop,https://www.zonaprop.com.ar/propiedades/clasificado/vecltrin-venta-fabrica-lote-propio-apto-varios-rubros-60150793.html,2026-10-04
Balvanera,Lavalle 3000,220,490000,2227,1000,490,,zonaprop,https://www.zonaprop.com.ar/propiedades/clasificado/vecltrin-terreno-fraccion-en-venta-en-balvanera-capital-60216635.html,2026-10-04
Balvanera,Sarandi Al 100,228,449000,1969,1857,242,,zonaprop,https://www.zonaprop.com.ar/propiedades/clasificado/vecltrin-lote-balvanera-sarandi-al-100-planos-aprobados-50938344.html,2026-10-04
Balvanera,Avenida Corrientes 3100,272,1200000,4412,,,,zonaprop,https://www.zonaprop.com.ar/propiedades/clasificado/vecltrin-venta-lote-av-corrientes-abasto-once-60261463.html,2026-10-04
Balvanera,Lavalle 3000,220,500000,2273,,,,zonaprop,https://www.zonaprop.com.ar/propiedades/clasificado/vecltrin-terreno-en-venta-ubicado-en-balvanera-capital-58517115.html,2026-10-04
Balvanera,Av Pueyrredon Al 800,225,1600000,7111,2800,571,cm,zonaprop,https://www.zonaprop.com.ar/propiedades/clasificado/vecltrin-terreno-balbanera-gran-esquina-cm-analisis-con-3-50938239.html,2026-10-04
Balvanera,Av Belgrano 3000,550,990000,1800,4900,202,,zonaprop,https://www.zonaprop.com.ar/propiedades/clasificado/vecltrin-lote-balvanera-mucho-canje-50350273.html,2026-10-04
Balvanera,Av Belgrano Al 3000,200,950000,4750,2100,452,cm,zonaprop,https://www.zonaprop.com.ar/propiedades/clasificado/vecltrin-terreno-balvanera-av-belgrano-para-2100-m-sup2-50951599.html,2026-10-04
Balvanera,Mexico al 3000,327,220000,673,1200,183,pb + 4,zonaprop,https://www.zonaprop.com.ar/propiedades/clasificado/vecltrpa-lote-mexico-al-3000-600-m-sup2--vendibles-56658579.html,2026-10-04
Monserrat,Salta al 200,250,450000,1800,1600,281,pb + 7,zonaprop,https://www.zonaprop.com.ar/propiedades/clasificado/vecltrin-terreno-monserrat-59632594.html,2026-10-04
Monserrat,Venezuela 1567/89,1068,1950000,1826,8850,220,,zonaprop,https://www.zonaprop.com.ar/propiedades/clasificado/vecltrin-terreno-en-venta-en-monserrat-58326745.html,2026-10-04
Monserrat,Av. Belgrano al 1400,553,1350000,2441,2334.08,578,pb + 12,zonaprop,https://www.zonaprop.com.ar/propiedades/clasificado/vecltrin-12-pisos-oportunidad-para-inversores-y-58176848.html,2026-10-04
Monserrat,Carlos Calvo al 1100,214,295000,1379,1650,179,,zonaprop,https://www.zonaprop.com.ar/propiedades/clasificado/vecltrin-lote-de-8.60x24.88-m-en-carlos-calvo-al-1100-55504898.html,2026-10-04
Monserrat,Venezuela 1400,1700,950000,559,,,,zonaprop,https://www.zonaprop.com.ar/propiedades/clasificado/vecltrin-terreno-lote-en-venta-ubicado-en-monserrat-capital-59749656.html,2026-10-04
Monserrat,Av. Belgrano al 1600,638,1800000,2821,7835,230,,zonaprop,https://www.zonaprop.com.ar/propiedades/clasificado/vecltrin-terreno-en-monserrat-triple-frente-59518986.html,2026-10-04
Monserrat,Moreno al 1300,383,450000,1175,1941,232,,zonaprop,https://www.zonaprop.com.ar/propiedades/clasificado/vecltrin-venta-de-terreno-en-monserrat-383-m-sup2-56877613.html,2026-10-04
Monserrat,CHILE 1237/39. Entre Santiago Del Estero y Salta,337,420000,1246,3046,138,usaa,zonaprop,https://www.zonaprop.com.ar/propiedades/clasificado/vecltrin-venta-lote-monserrat-58539585.html,2026-10-04
Monserrat,Venezuela 1100,901,950000,1054,,,pb+10,zonaprop,https://www.zonaprop.com.ar/propiedades/clasificado/vecltrin-terreno-corredor-medio.-acepta-m-en-parte-de-pago-60246740.html,2026-10-04
Monserrat,Venezuela al 835,438,490000,1119,153,3203,pb + 10,zonaprop,https://www.zonaprop.com.ar/propiedades/clasificado/vecltrin-venta-de-lote-para-desarrollo-o-remodelacion-de-60238269.html,2026-10-04
Monserrat,Santiago del Estero 748,268,400000,1493,1827,219,pb + 10,zonaprop,https://www.zonaprop.com.ar/propiedades/clasificado/vecltrin-terreno-en-venta-en-monserrat-oportunidad-para-59980809.html,2026-10-04
Monserrat,Independencia Av. al 1600,909,2500000,2750,,,,zonaprop,https://www.zonaprop.com.ar/propiedades/clasificado/vecltrin-independencia-av-1655-53230192.html,2026-10-04
Monserrat,Rivadavia Av. al 1200,340,440000,1294,,,,zonaprop,https://www.zonaprop.com.ar/propiedades/clasificado/vecltrin-terreno-en-venta-en-monserrat-58831751.html,2026-10-04
Monserrat,Venezuela 831,471,470000,998,,,,zonaprop,https://www.zonaprop.com.ar/propiedades/clasificado/vecltrin-terreno-60108582.html,2026-10-04
Monserrat,Venezuela 966. Entre Bernardo de yrigoyen y Lima,350,544500,1556,,,,zonaprop,https://www.zonaprop.com.ar/propiedades/clasificado/vecltrin-excelente-lote-en-monserrat-58570212.html,2026-10-04
Monserrat,Moreno 1500,636,480000,755,4170,115,,zonaprop,https://www.zonaprop.com.ar/propiedades/clasificado/vecltrin-lote-a-dos-calles-con-dos-locales-acepta-permuta!-60124937.html,2026-10-04
Monserrat,Mexico al 1600,1920,2500000,1302,,,usaa,zonaprop,https://www.zonaprop.com.ar/propiedades/clasificado/vecltrin-terreno-en-venta-en-monserrat-56760400.html,2026-10-04
Monserrat,Chile al 1400,940,1500000,1596,10536,142,pb + 10,zonaprop,https://www.zonaprop.com.ar/propiedades/clasificado/vecltrin-terrreno-triple-frente-en-venta-monserrat-8500-m-60281668.html,2026-10-04
Monserrat,Moreno al 1700,437,760000,1739,3643,209,,zonaprop,https://www.zonaprop.com.ar/propiedades/clasificado/vecltrin-terreno-3600-m-sup2--vendibles-a-m-de-av-entre-rios-56073210.html,2026-10-04
Monserrat,Solís 966,219,250000,1142,2000,125,usaa 8,zonaprop,https://www.zonaprop.com.ar/propiedades/clasificado/vecltrin-lote-casa-de-8-68-x-24-84-venta-en-monserrat-59105110.html,2026-10-04
Monserrat,Humberto Primero  al 1400,887,675000,761,41079,16,,zonaprop,https://www.zonaprop.com.ar/propiedades/clasificado/vecltrin-terreno-en-monserrat-doble-frente-sup-vendible-58903081.html,2026-10-04
Monserrat,Solís al 900,129,210000,1628,1290,163,,zonaprop,https://www.zonaprop.com.ar/propiedades/clasificado/vecltrin-terreno-san-cristobal-monserrat-solis-al-900-56586219.html,2026-10-04
Monserrat,Rivadavia al 1200,528,690000,1307,,,,zonaprop,https://www.zonaprop.com.ar/propiedades/clasificado/vecltrin-terreno-en-venta-san-nicolas-centro-57399503.html,2026-10-04
Monserrat,Mexico 1500,223,350000,1570,,,,zonaprop,https://www.zonaprop.com.ar/propiedades/clasificado/vecltrin-terreno-o-casa-en-venta-monserrat-mexico-saenz-pena-55717590.html,2026-10-04
Monserrat,Santiago DEL Estero  al 700,115,250000,2174,,,,zonaprop,https://www.zonaprop.com.ar/propiedades/clasificado/vecltrin-excelente-terreno-en-monserrat-lideres-en-terrenos-59207590.html,2026-10-04
Monserrat,Av. Entrre Rios Esq. Mexico,476,2500000,5252,,,,zonaprop,https://www.zonaprop.com.ar/propiedades/clasificado/vecltrin-lindo-terreno-en-monserrat-28-x-15-56887874.html,2026-10-04
Monserrat,Adolfo Alsina al 900,306,825000,2696,,,,zonaprop,https://www.zonaprop.com.ar/propiedades/clasificado/vecltrin-terreno-en-venta-monserrat-57399490.html,2026-10-04
Monserrat,Chile  al 1400 Esq. Luis Saenz Peña,534,2400000,4494,5875,409,,zonaprop,https://www.zonaprop.com.ar/propiedades/clasificado/vecltrin-venta-lote-terreno-esquina-monserrat-59527397.html,2026-10-04
Monserrat,Venezuela al 700,1248,690000,553,1860,371,,zonaprop,https://www.zonaprop.com.ar/propiedades/clasificado/vecltrin-edificio-comercial-con-proyecto-de-ampliacion-aprobado-56459237.html,2026-10-04
Monserrat,Solís 800,221,440000,1991,1337,329,,zonaprop,https://www.zonaprop.com.ar/propiedades/clasificado/vecltrin-terreno-en-venta-en-monserrat-para-desarollo-60220488.html,2026-10-04
Monserrat,San Jose al 573/579,194,450000,2320,1552,290,pb +7,zonaprop,https://www.zonaprop.com.ar/propiedades/clasificado/vecltrin-san-jose-mexico-son-2-terrenos-linderos-actualmente-49464325.html,2026-10-04
Monserrat,Lima al 600,260,1300000,5000,2670,487,pb + 12,zonaprop,https://www.zonaprop.com.ar/propiedades/clasificado/vecltrin-terreno-doble-frente-en-venta-monserrat-cerca-de-las-59913737.html,2026-10-04
Monserrat,Avenida Belgrano 100,346,2500000,7225,4092,611,,zonaprop,https://www.zonaprop.com.ar/propiedades/clasificado/vecltrin-terreno-lote-en-venta-en-capital-federal-buenos-58984605.html,2026-10-04
Monserrat,República Bolivariana de Venezuela e/ Solis y Virrey Cevallos,150,560000,3733,,,,zonaprop,https://www.zonaprop.com.ar/propiedades/clasificado/vecltrin-terreno-en-venta-4-dorm.-4-banos-450-m-monserrat-60265066.html,2026-10-04
Monserrat,Solis al 900,1290,210000,163,1290,163,,zonaprop,https://www.zonaprop.com.ar/propiedades/clasificado/vecltrin-terreno-apto-emprendimiento-san-cristobal-monserrat-58072350.html,2026-10-04
Monserrat,"MEXICO 1700. Entre Entre Rios, Avda. y Solis",322,480000,1491,,,pb + 10,zonaprop,https://www.zonaprop.com.ar/propiedades/clasificado/vecltrin-venta-de-lote-en-monserrat-caba-54846861.html,2026-10-04
Monserrat,Bolivar  al 200,635,1870000,2945,2500,748,,zonaprop,https://www.zonaprop.com.ar/propiedades/clasificado/vecltrin-terreno-en-el-corazon-turistico-de-la-ciudad-de-buenos-56734385.html,2026-10-04
Monserrat,Mexico 1500,267,350000,1311,1100,318,,zonaprop,https://www.zonaprop.com.ar/propiedades/clasificado/vecltrin-terreno-en-venta-monserrat-mexico-saenz-pena-56901599.html,2026-10-04
Monserrat,Av. Belrano al 1600,683,1900000,2782,,,,zonaprop,https://www.zonaprop.com.ar/propiedades/clasificado/vecltrin-terreno-balvanera-59975047.html,2026-10-04
Monserrat,Venezuela 700,1600,688000,430,1630,422,,zonaprop,https://www.zonaprop.com.ar/propiedades/clasificado/vecltrin-terreno-lote-en-venta-en-monserrat-capital-federal-60217016.html,2026-10-04
Monserrat,ESTADOS UNIDOS 1132,500,465000,930,2423,192,,zonaprop,https://www.zonaprop.com.ar/propiedades/clasificado/vecltrin-terreno-corredor-medio-54539335.html,2026-10-04
Monserrat,ENTRE RIOS 700,287,600000,2091,2622,229,,zonaprop,https://www.zonaprop.com.ar/propiedades/clasificado/vecltrin-terreno-en-venta-en-monserrat-55362536.html,2026-10-04
Monserrat,Piedras 500,1050,970000,924,4550,213,,zonaprop,https://www.zonaprop.com.ar/propiedades/clasificado/vecltrin-venta-lote-estacionamiento-monserrat-4550-m-sup2-60255639.html,2026-10-04
Monserrat,Entre Rios 100,170,850000,5000,2105,404,pb + 3,zonaprop,https://www.zonaprop.com.ar/propiedades/clasificado/vecltrin-terreno-en-venta-ubicado-en-monserrat-capital-58517124.html,2026-10-04
Monserrat,Pasco 747,447,580000,1298,,,,zonaprop,https://www.zonaprop.com.ar/propiedades/clasificado/vecltrin-imponente-lote-de-8-66-m-fte.-x51-62-m-martillo.-60137010.html,2026-10-04
Monserrat,Adolfo Alsina al 900,306,650000,2124,1700,382,,zonaprop,https://www.zonaprop.com.ar/propiedades/clasificado/vecltrin-terreno-en-monserrat-57927432.html,2026-10-04
Monserrat,Humberto primo 1285,250,305000,1220,2290,133,,zonaprop,https://www.zonaprop.com.ar/propiedades/clasificado/vecltrin-venta-lote-en-monserrat-oportunidad-2.300-m-aprox-60184178.html,2026-10-04
Monserrat,Avenida San Juan,84,205000,2440,865,237,,zonaprop,https://www.zonaprop.com.ar/propiedades/clasificado/vecltrin-lote-con-potencial-de-865-m-sup2--edificables-en-59930379.html,2026-10-04
Monserrat,Adolfo Alsina 900,304,650000,2138,,,,zonaprop,https://www.zonaprop.com.ar/propiedades/clasificado/vecltrin-lote-proyecto-aprobado-a-m-av-9-de-julio-60258755.html,2026-10-04
Monserrat,Virrey Cevallos 665,464,420000,905,176,2386,usaa ,zonaprop,https://www.zonaprop.com.ar/propiedades/clasificado/vecltrin-terreno-en-venta-en-monserrat-57692431.html,2026-10-04
Monserrat,Chile 1621,83,222000,2675,540,411,,zonaprop,https://www.zonaprop.com.ar/propiedades/clasificado/vecltrin-terreno-en-venta-en-monserrat-53199262.html,2026-10-04
Monserrat,Chile  al 1200,380,399000,1050,1500,266,usam ,zonaprop,https://www.zonaprop.com.ar/propiedades/clasificado/vecltrin-lote-en-venta-monserrat-60098484.html,2026-10-04
Monserrat,Humberto primo 1285,250,305000,1220,2290,133,,zonaprop,https://www.zonaprop.com.ar/propiedades/clasificado/vecltrin-venta-lote-en-monserrat-oportunidad-2.300-m-aprox-60180477.html,2026-10-04
Monserrat,Av. Independencia al 1300,1159,620000,535,,,,zonaprop,https://www.zonaprop.com.ar/propiedades/clasificado/vecltrin-edificio-de-4-plantas-con-1159-m-sup2-.-57184098.html,2026-10-04
Monserrat,Solís 756,220,250000,1136,1350,185,pb + 10,zonaprop,https://www.zonaprop.com.ar/propiedades/clasificado/vecltrin-lote-en-venta-monserrat!-59864644.html,2026-10-04
Monserrat,Av. Independencia al 1300,390,620000,1590,,,ca,zonaprop,https://www.zonaprop.com.ar/propiedades/clasificado/vecltrin-terreno-de-390-m-sup2-.-57184094.html,2026-10-04
Monserrat,Av. Entre Ríos 600,260,482125,1854,,,,zonaprop,https://www.zonaprop.com.ar/propiedades/clasificado/vecltrin-terreno-de-260-m-sup2--en-venta-en-balvanera-59549719.html,2026-10-04
Monserrat,Belgrano al 1300,204,720000,3529,,,,zonaprop,https://www.zonaprop.com.ar/propiedades/clasificado/vecltrin-terreno-en-monserrat-53841468.html,2026-10-04
Monserrat,Luis Saenz Peña al 200,848,1500000,1769,,,usaa ,zonaprop,https://www.zonaprop.com.ar/propiedades/clasificado/vecltrin-lote-en-venta-en-monserrat-59277780.html,2026-10-04
Monserrat,Venezuela al 1600,323,470000,1455,1760,267,,zonaprop,https://www.zonaprop.com.ar/propiedades/clasificado/vecltrin-casa-monserrat-57523846.html,2026-10-04
Monserrat,Humberto Primo al 1800,654,588000,899,3667,160,,zonaprop,https://www.zonaprop.com.ar/propiedades/clasificado/vecltrin-terreno-en-monserrat-60284111.html,2026-10-04
Monserrat,Avenida Entre Ríos 600,105,300000,2857,1157,259,pb + 12 + 2,zonaprop,https://www.zonaprop.com.ar/propiedades/clasificado/vecltrin-venta-lote-balvanera-av-entre-rios-60233715.html,2026-10-04
Monserrat,Tacuarí al 500,491,375000,764,,,usaa ,zonaprop,https://www.zonaprop.com.ar/propiedades/clasificado/vecltrin-terreno-zona-uade-incidencia-usd-170-55580175.html,2026-10-04
Monserrat,Bolívar 400,800,900000,1125,,,,zonaprop,https://www.zonaprop.com.ar/propiedades/clasificado/vecltrin-venta-terreno-lote-monserrat-60182788.html,2026-10-04
Monserrat,"Rivadavia 1220, Ciudad Autónoma de Buenos Aires, Argentina",1095,450000,411,,,,zonaprop,https://www.zonaprop.com.ar/propiedades/clasificado/vecltrin-terreno-lote-en-venta-de-1095-m-sup2--ubicado-en-59529390.html,2026-10-04
Monserrat,VENEZUELA Nº1432 de CABA,670,980000,1463,2372,413,usaa,zonaprop,https://www.zonaprop.com.ar/propiedades/clasificado/vecltrin-venta-doble-lote-en-monserrat-apto-desarrollo-59912223.html,2026-10-04
Monserrat,Humberto Primo al 1800,654,588000,899,3667,160,,zonaprop,https://www.zonaprop.com.ar/propiedades/clasificado/vecltrin-terreno-en-monserrat-60284085.html,2026-10-04
Monserrat,Entre Rios 100,170,850000,5000,2105,404,pb + 3,zonaprop,https://www.zonaprop.com.ar/propiedades/clasificado/vecltrin-terreno-lote-en-venta-en-monserrat-capital-federal-60216854.html,2026-10-04
Monserrat,SANTIAGO DEL ESTERO 300. Entre Avenida Belgrano y Moreno,996,780000,783,,,,zonaprop,https://www.zonaprop.com.ar/propiedades/clasificado/vecltrin-opornunidad-lote-inversion-escucha-ofertas-56090726.html,2026-10-04
Monserrat,CHILE 1300. Entre San Jose y Santiago Del Estero,446,340000,762,,,,zonaprop,https://www.zonaprop.com.ar/propiedades/clasificado/vecltrin-lote.-chile-al-1300-58902110.html,2026-10-04
Monserrat,Adolfo Alsina Al 800,467,3900000,8351,4650,839,,zonaprop,https://www.zonaprop.com.ar/propiedades/clasificado/vecltrin-monserrat-alsina-al-800-planos-aprobados-para-4650-44144975.html,2026-10-04
San Nicolas,Maipu al 200,425,900000,2118,3300,273,usaa,zonaprop,https://www.zonaprop.com.ar/propiedades/clasificado/vecltrin-microcentro-terreno-en-venta-esquina-posibilidad-de-57898078.html,2026-10-04
San Nicolas,Bartolome Mitre al 1200,1366,1890000,1384,6200,305,,zonaprop,https://www.zonaprop.com.ar/propiedades/clasificado/vecltrin-dos-terrenos-en-san-nicolas-b.-mitre-al-1200-sup-59161897.html,2026-10-04
San Nicolas,Viamonte al 600,243,690000,2840,,,cm,zonaprop,https://www.zonaprop.com.ar/propiedades/clasificado/vecltrin-excelente-lote-en-inmejorable-ubicacion-centro-58786237.html,2026-10-04
San Nicolas,Rodriguez Peña  al 400,147,595000,4048,,,pb + 12,zonaprop,https://www.zonaprop.com.ar/propiedades/clasificado/vecltrin-planos-registrados-para-1900-m-sup2--ideal-local-59206015.html,2026-10-04
San Nicolas,Uruguay al 200,951,1500000,1577,4170.84,360,,zonaprop,https://www.zonaprop.com.ar/propiedades/clasificado/vecltrin-terreno-en-venta-sin-construccion-56918809.html,2026-10-04
San Nicolas,Uruguay al 300,201,599000,2980,,,,zonaprop,https://www.zonaprop.com.ar/propiedades/clasificado/vecltrin-venta-de-terreno-en-san-nicolas-capital-federal.-59516753.html,2026-10-04
San Nicolas,"Edificio en Venta Esmeralda y Av. Corrientes, con Mucho Potencial Para Desarrollo!",800,800000,1000,,,,zonaprop,https://www.zonaprop.com.ar/propiedades/clasificado/vecltrin-terreno-en-venta-en-san-nicolas-59089238.html,2026-10-04
San Nicolas,Bartolome Mitre 967,550,660000,1200,2820,234,cm,zonaprop,https://www.zonaprop.com.ar/propiedades/clasificado/vecltrin-oportunidad-lote-en-venta-zona-microcentro-60030503.html,2026-10-04
San Nicolas,Dellepiane al 600,1300,9500000,7308,,,,zonaprop,https://www.zonaprop.com.ar/propiedades/clasificado/vecltrin-terreno-en-venta-san-nicolas-buenos-aires-58908429.html,2026-10-04
San Nicolas,Sarmiento  al 1600,471,570000,1210,2565,222,,zonaprop,https://www.zonaprop.com.ar/propiedades/clasificado/vecltrin-terreno-en-san-nicolas-balvanera-caba-55266927.html,2026-10-04
San Nicolas,Uruguay al 200,951,1500000,1577,4170.84,360,,zonaprop,https://www.zonaprop.com.ar/propiedades/clasificado/vecltrin-terreno-15.12-x-62.90-usaa-en-san-nicolas-56554395.html,2026-10-04
San Nicolas,Tte. Gral. Juan Domingo Perón 1627,262,598000,2282,158.99,3761,Usaa,zonaprop,https://www.zonaprop.com.ar/propiedades/clasificado/vecltrin-venta-lote-262-m-sup2--san-nicolas-59269464.html,2026-10-04
San Nicolas,Tte. Gral. Juan Domingo Perón 1155,458,600000,1310,305.737,1962,,zonaprop,https://www.zonaprop.com.ar/propiedades/clasificado/vecltrin-lote-para-construccion-a-m-de-la-9-de-julio-58902900.html,2026-10-04
San Nicolas,Montevideo al 700,618,400000,647,,,,zonaprop,https://www.zonaprop.com.ar/propiedades/clasificado/vecltrin-edificio-en-block-terreno-en-venta.-58388014.html,2026-10-04
San Nicolas,Viamonte 645,245,550000,2245,,,,zonaprop,https://www.zonaprop.com.ar/propiedades/clasificado/vecltrin-imperdible-terreno-de-9.1-x-27-retasado!-57528430.html,2026-10-04
San Nicolas,Talcahuano  al 400,238,850000,3571,,,pb + 10,zonaprop,https://www.zonaprop.com.ar/propiedades/clasificado/vecltrin-excelente-terreno-en-san-nicolas-lideres-en-terrenos-59207648.html,2026-10-04
San Nicolas,Sarmiento al 1200,943,2500000,2651,,,pb + 10,zonaprop,https://www.zonaprop.com.ar/propiedades/clasificado/vecltrin-excelente-terreno-en-san-nicolas-lideres-en-terrenos-59207513.html,2026-10-04
San Nicolas,Rivadavia al 1200,528,690000,1307,,,,zonaprop,https://www.zonaprop.com.ar/propiedades/clasificado/vecltrin-terreno-en-venta-san-nicolas-centro-57399493.html,2026-10-04
San Nicolas,Uruguay 740,354,2053750,5802,,,,zonaprop,https://www.zonaprop.com.ar/propiedades/clasificado/vecltrin-terreno-en-venta-en-caba-59546907.html,2026-10-04
San Nicolas,Esmeralda  N°340,332,2100000,6325,,,,zonaprop,https://www.zonaprop.com.ar/propiedades/clasificado/vecltrin-terreno-en-san-nicolas-57566999.html,2026-10-04
San Nicolas,Lavalle 1500,140,700000,5000,1691.55,414,cm,zonaprop,https://www.zonaprop.com.ar/propiedades/clasificado/vecltrin-terreno-con-potencial-de-desarrollo-microcentro-60297576.html,2026-10-04
San Nicolas,Rodríguez Peña 400,148,595000,4020,,,cm,zonaprop,https://www.zonaprop.com.ar/propiedades/clasificado/vecltrin-venta-lote-san-nicolas-planos-aprobados-1940-m-sup2-60060425.html,2026-10-04
San Nicolas,Uruguay 300,988,4000000,4049,4509,887,pb + 9,zonaprop,https://www.zonaprop.com.ar/propiedades/clasificado/vecltrin-terrenos-fracciones-loteos-terrenos-san-nicolas-48688564.html,2026-10-04
San Nicolas,Uruguay 700,374,2100000,5615,,,,zonaprop,https://www.zonaprop.com.ar/propiedades/clasificado/vecltrin-venta-de-terreno-de-354-m-sup2--en-san-nicolas-60250544.html,2026-10-04
San Nicolas,Uruguay al 200,951,1500000,1577,4170.84,360,,zonaprop,https://www.zonaprop.com.ar/propiedades/clasificado/vecltrin-terreno-en-venta-sin-construccion-56524904.html,2026-10-04
San Nicolas,Libertad e/ Avenida Corrientes y Talcahuano,417,1500000,3597,,,,zonaprop,https://www.zonaprop.com.ar/propiedades/clasificado/vecltrin-terreno-en-venta-417-m-sup2--san-nicolas-60227627.html,2026-10-04
San Nicolas,Uruguay al 300,201,570000,2836,1300,438,,zonaprop,https://www.zonaprop.com.ar/propiedades/clasificado/vecltrin-terreno-en-venta-en-san-nicolas-1300-m-sup2-59630029.html,2026-10-04
San Nicolas,Venezuela 700,1600,688000,430,1630,422,,zonaprop,https://www.zonaprop.com.ar/propiedades/clasificado/vecltrin-terreno-lote-en-venta-en-monserrat-capital-federal-60215409.html,2026-10-04
San Nicolas,Rivadavia 1200,1095,450000,411,,,,zonaprop,https://www.zonaprop.com.ar/propiedades/clasificado/vecltrin-terreno-lote-en-venta-de-1095-m-sup2-59529459.html,2026-10-04
San Nicolas,Rivadavia 1200,1095,450000,411,,,,zonaprop,https://www.zonaprop.com.ar/propiedades/clasificado/vecltrin-terreno-lote-en-venta-de-1095-m-sup2-59529452.html,2026-10-04
San Nicolas,LAVALLE 1758,885,1650000,1864,,,,zonaprop,https://www.zonaprop.com.ar/propiedades/clasificado/vecltrin-excelente-lote-en-lavalle-y-callao-apto-12-pisos-5200-56727783.html,2026-10-04
San Nicolas,Suipacha 361,169,810000,4793,,,,zonaprop,https://www.zonaprop.com.ar/propiedades/clasificado/vecltrin-venta-lote-microcentro-ideal-desarrollo-a-m-del-59225552.html,2026-10-04
San Nicolas,Bartolome Mitre al 800,327,680000,2080,2012.5,338,,zonaprop,https://www.zonaprop.com.ar/propiedades/clasificado/vecltrin-terreno-en-venta-en-san-nicolas-56013270.html,2026-10-04
San Nicolas,Entre Rios 100,170,850000,5000,2105,404,pb + 3,zonaprop,https://www.zonaprop.com.ar/propiedades/clasificado/vecltrin-terreno-lote-en-venta-en-san-nicolas-capital-federal-60217162.html,2026-10-04
San Nicolas,Bartolome Mitre 1364/78,1006,1200000,1193,6539,184,,zonaprop,https://www.zonaprop.com.ar/propiedades/clasificado/vecltrin-terreno-san-nicolas-56722774.html,2026-10-04
San Nicolas,Dirección no informada,2000,750000,375,,,,zonaprop,https://www.zonaprop.com.ar/propiedades/clasificado/vecltrin-moreno-y-lima.-acepta-permuta-x-dptos-48527132.html,2026-10-04
San Nicolas,Uruguay 300,945,1200000,1270,,,,zonaprop,https://www.zonaprop.com.ar/propiedades/clasificado/vecltrin-venta-de-terreno-inmueble-apto-construccion-en-altura.-58258080.html,2026-10-04
San Nicolas,Sarmiento 1600,2000,500000,250,,,,zonaprop,https://www.zonaprop.com.ar/propiedades/clasificado/vecltrin-terreno-de-2000-m-sup2--en-venta-en-san-nicolas-46139036.html,2026-10-04
San Nicolas,Uruguay 300,201,599000,2980,201,2980,,zonaprop,https://www.zonaprop.com.ar/propiedades/clasificado/vecltrin-uruguay-300.-lote-en-san-nicolas-55561311.html,2026-10-04
San Nicolas,Bartolome Mitre Al 1400,1940,2490000,1284,,,,zonaprop,https://www.zonaprop.com.ar/propiedades/clasificado/vecltrin-lote-san-nicolas-bme-mitre-al-1400-mucho-canje-50938229.html,2026-10-04
San Nicolas,Entre Rios 100,170,850000,5000,2105,404,pb + 3,zonaprop,https://www.zonaprop.com.ar/propiedades/clasificado/vecltrin-terreno-en-venta-ubicado-en-san-nicolas-capital-58515249.html,2026-10-04
San Nicolas,Uruguay 100,1940,2790000,1438,10000,279,,zonaprop,https://www.zonaprop.com.ar/propiedades/clasificado/vecltrin-lote-congreso-gran-esquina-uruguay-al-100-mucho-47454521.html,2026-10-04
San Nicolas,Uruguay 700. Entre Avenida Córdoba y Viamonte,348,2050000,5891,,,,zonaprop,https://www.zonaprop.com.ar/propiedades/clasificado/vecltrin-terreno-en-venta-san-nicolas-57219530.html,2026-10-04
San Nicolas,Sarmiento 600,565,1790000,3168,,,,zonaprop,https://www.zonaprop.com.ar/propiedades/clasificado/vecltrin-terreno-san-nicolas-sarmiento-600-lindo-frente-44908643.html,2026-10-04
San Telmo,Dr. Finochietto al 600,257,550000,2140,,,,zonaprop,https://www.zonaprop.com.ar/propiedades/clasificado/vecltrin-lote-con-dos-ph-en-block-en-venta-para-reciclar-o-58910948.html,2026-10-04
San Telmo,ING Huergo  N°1457,515,2300000,4466,4487,513,,zonaprop,https://www.zonaprop.com.ar/propiedades/clasificado/vecltrin-terreno-en-san-telmo-59519024.html,2026-10-04
San Telmo,Carlos Calvo 500,1783,1550000,869,,,,zonaprop,https://www.zonaprop.com.ar/propiedades/clasificado/vecltrin-ideal-desarrollo-boutique-ubicacion-patrimonial-58786239.html,2026-10-04
San Telmo,Avenida Paseo Colón  al 1300,586,1750000,2986,6455,271,pb + 12,zonaprop,https://www.zonaprop.com.ar/propiedades/clasificado/vecltrin-terreno-en-venta-de-586-m-sup2--sobre-av-paseo-colon-59303176.html,2026-10-04
San Telmo,Defensa 1600. Entre Av caseros y Dr. enrique finochietto,274,490000,1788,1619,303,pb + 7,zonaprop,https://www.zonaprop.com.ar/propiedades/clasificado/vecltrin-venta-lote-para-desarrollo-frente-a-parque-lezama-58690727.html,2026-10-04
San Telmo,Chacabuco al 700,597,890000,1491,2700,330,,zonaprop,https://www.zonaprop.com.ar/propiedades/clasificado/vecltrin-terreno-emplazado-en-el-barrio-de-san-telmo-con-60265603.html,2026-10-04
San Telmo,Huergo Ing. Av. al 1400,641,2500000,3900,5800,431,,zonaprop,https://www.zonaprop.com.ar/propiedades/clasificado/vecltrin-huergo-ing.-av-1451-58227929.html,2026-10-04
San Telmo,Huergo Ing. Av. 1451/57,1156,4200000,3633,10300,408,,zonaprop,https://www.zonaprop.com.ar/propiedades/clasificado/vecltrin-huergo-ing.-av-1451-57-55482684.html,2026-10-04
San Telmo,Carlos Calvo al 900,134,200000,1493,,,,zonaprop,https://www.zonaprop.com.ar/propiedades/clasificado/vecltrin-terreno-lote-en-venta-ideal-para-construir-en-el-60314775.html,2026-10-04
San Telmo,Bolívar 652,464,360000,776,,,,zonaprop,https://www.zonaprop.com.ar/propiedades/clasificado/vecltrin-lote-de-terreno-en-san-telmo-bolivar-600-58431702.html,2026-10-04
San Telmo,Paseo Colón al 900,1167,6000000,5141,11590,518,pb + 12,zonaprop,https://www.zonaprop.com.ar/propiedades/clasificado/vecltrin-terreno-de-gran-tamano-en-esquina-venta-san-telmo-52037821.html,2026-10-04
San Telmo,Bolívar 651,1428,3000000,2101,,,,zonaprop,https://www.zonaprop.com.ar/propiedades/clasificado/vecltrin-lote-de-1.428-m-sup2--con-excelente-ubicacion-en-san-50608953.html,2026-10-04
San Telmo,"Piedras , Ciudad Autónoma de Buenos Aires",1300,439000,338,,,,zonaprop,https://www.zonaprop.com.ar/propiedades/clasificado/vecltrin-inmueble-comercial-block-con-alto-potencial-de-54682714.html,2026-10-04
San Telmo,Terreno Para Desarrolladores en San Telmo | Lote Libre de Plusvalía - Piedras al 500,958,1150000,1200,3911,294,pb + 7,zonaprop,https://www.zonaprop.com.ar/propiedades/clasificado/vecltrin-terreno-para-desarrolladores-en-san-telmo-lote-libre-57070278.html,2026-10-04
San Telmo,Tacuari al 1000,355,350000,986,,,,zonaprop,https://www.zonaprop.com.ar/propiedades/clasificado/vecltrin-casa-terreno-edificio-en-san-telmo-venta-56574266.html,2026-10-04
San Telmo,Tacuarí 873,1500,1200000,800,,,,zonaprop,https://www.zonaprop.com.ar/propiedades/clasificado/vecltrin-terreno-en-venta-san-telmo.-57450394.html,2026-10-04
San Telmo,Mexico al 800,143,120000,839,,,,zonaprop,https://www.zonaprop.com.ar/propiedades/clasificado/vecltrin-terreno-en-venta-san-telmo-oportunidad!-57299973.html,2026-10-04
San Telmo,Chacabuco  al 1300,918,1400000,1525,,,,zonaprop,https://www.zonaprop.com.ar/propiedades/clasificado/vecltrin-terreno-en-venta-san-telmo-53598924.html,2026-10-04
San Telmo,Piedras 1354,658,1550000,2356,,,pb + 6,zonaprop,https://www.zonaprop.com.ar/propiedades/clasificado/vecltrin-venta-lote-doble-frente-en-san-telmo-55471392.html,2026-10-04
San Telmo,Avenida Paseo Colón al 1300,586,1750000,2986,6455,271,pb + 12,zonaprop,https://www.zonaprop.com.ar/propiedades/clasificado/vecltrin-lote-sobre-av-paseo-colon-586-m-sup2--factibilidad-59297101.html,2026-10-04
San Telmo,Piedras al 1000,916,680000,742,3000,227,pb + 4,zonaprop,https://www.zonaprop.com.ar/propiedades/clasificado/vecltrin-venta-terreno-san-telmo-constitucion-doble-frente-60217291.html,2026-10-04
San Telmo,Bernardo de Irigoyen al 1400,800,900000,1125,,,,zonaprop,https://www.zonaprop.com.ar/propiedades/clasificado/vecltrin-terreno-en-san-telmo-55539205.html,2026-10-04
San Telmo,Av. San Juan al 400,368,680000,1848,2200,309,,zonaprop,https://www.zonaprop.com.ar/propiedades/clasificado/vecltrin-venta-terreno-plaza-dorrego!-san-telmo-57299964.html,2026-10-04
San Telmo,Mexico al 500,241,390000,1618,440,886,,zonaprop,https://www.zonaprop.com.ar/propiedades/clasificado/vecltrin-venta-lote-san-telmo-59047702.html,2026-10-04
San Telmo,Humberto Primo al 900,448,430000,960,488,881,,zonaprop,https://www.zonaprop.com.ar/propiedades/clasificado/vecltrin-terreno-en-venta-en-san-telmo-con-anteproyecto-58873147.html,2026-10-04
San Telmo,Balcarce  al 1300,492,370000,752,825,448,,zonaprop,https://www.zonaprop.com.ar/propiedades/clasificado/vecltrin-terreno-en-venta-en-san-telmo-825-m-construibles-58954055.html,2026-10-04
San Telmo,Piedras 1300. Entre Av. juan de garay y Cochabamba,658,1190000,1809,,,pb + 6,zonaprop,https://www.zonaprop.com.ar/propiedades/clasificado/vecltrin-lote.-piedras-al-1300-54580125.html,2026-10-04
San Telmo,Chile  al 1200,380,399000,1050,1500,266,usam ,zonaprop,https://www.zonaprop.com.ar/propiedades/clasificado/vecltrin-lote-en-venta-en-san-telmo-60098480.html,2026-10-04
San Telmo,Paseo Colon 1600,2000,7000000,3500,,,,zonaprop,https://www.zonaprop.com.ar/propiedades/clasificado/vecltrin-local-en-venta-en-la-boca-capital-federal-buenos-60213220.html,2026-10-04
San Telmo,Mexico al 1900,513,889000,1733,2855,311,,zonaprop,https://www.zonaprop.com.ar/propiedades/clasificado/vecltrin-terreno-san-telmo-49396926.html,2026-10-04
San Telmo,Av San Juan 900,498,2199000,4416,4565,482,,zonaprop,https://www.zonaprop.com.ar/propiedades/clasificado/vecltrin-lote-san-telrmo-av-san-juan-al-900-mucho-canje-55108982.html,2026-10-04
San Telmo,Av . San Juan  al 400,362,695000,1920,2200,316,,zonaprop,https://www.zonaprop.com.ar/propiedades/clasificado/vecltrin-terreno-con-excelente-ubicacion-para-edificio-apto-58806497.html,2026-10-04
San Telmo,"Balcarce al 800, Entre Estados Unidos y Giuffra",555,750000,1351,,,,zonaprop,https://www.zonaprop.com.ar/propiedades/clasificado/vecltrin-unico-terreno-doble-frente-en-san-telmo.-a-200-m-57299970.html,2026-10-04
San Telmo,Bolivar 652/4,449,360000,802,,,,zonaprop,https://www.zonaprop.com.ar/propiedades/clasificado/vecltrin-venta-terreno-en-san-telmo-45000930.html,2026-10-04
San Telmo,Av. Ingeniero Huergo 1451,640,2500000,3906,5800,431,pb + 12,zonaprop,https://www.zonaprop.com.ar/propiedades/clasificado/vecltrin-importante-terreno-de-640-m-sup2-56698682.html,2026-10-04
San Telmo,Cochabamba 600,1173,620000,529,3375,184,,zonaprop,https://www.zonaprop.com.ar/propiedades/clasificado/vecltrin-venta-terreno-triple-frente-san-telmo-60115895.html,2026-10-04
San Telmo,Balcarce 1300,923,790000,856,2660,297,,zonaprop,https://www.zonaprop.com.ar/propiedades/clasificado/vecltrin-terreno-san-telmo-de-15-09-x-61-45-multiples-usos-60273251.html,2026-10-04
San Telmo,Tacuari 1000. Entre Carlos calvo y Estados unidos,930,380000,409,153,2484,,zonaprop,https://www.zonaprop.com.ar/propiedades/clasificado/vecltrin-venta-conventillo-29-habitaciones-para-reciclar-51338503.html,2026-10-04
San Telmo,Avenida San Juan 700,166,275000,1657,812,339,pb + 7,zonaprop,https://www.zonaprop.com.ar/propiedades/clasificado/vecltrin-oportunidad-de-desarrollo-san-telmo-pb-7-pisos-60308439.html,2026-10-04
San Telmo,Defensa 1600,330,560000,1697,,,,zonaprop,https://www.zonaprop.com.ar/propiedades/clasificado/vecltrin-terreno-lote-en-venta-ubicado-en-san-telmo-capital-50542037.html,2026-10-04
San Telmo,Tacuarí 1400,490,450000,918,,,,zonaprop,https://www.zonaprop.com.ar/propiedades/clasificado/vecltrin-terreno-en-venta-con-ph-a-reciclar-san-telmo-58683165.html,2026-10-04
San Telmo,Chacabuco 700,856,749000,875,2413,310,usam,zonaprop,https://www.zonaprop.com.ar/propiedades/clasificado/vecltrin-venta-lote-san-telmo-acepta-permuta-m-sup2--100-60062400.html,2026-10-04
San Telmo,Avenida Brasil 100,1335,4200000,3146,,,pb + 12,zonaprop,https://www.zonaprop.com.ar/propiedades/clasificado/vecltrin-importante-terreno-de-1335-m-sup2-48462284.html,2026-10-04
San Telmo,Av. Paseo Colon 1177 - entre San Juan y Humberto 1º,329,1100000,3343,,,,zonaprop,https://www.zonaprop.com.ar/propiedades/clasificado/vecltrin-terreno-san-telmo-46604416.html,2026-10-04
San Telmo,Perú 1600,1401,2000000,1428,101.02,19798,,zonaprop,https://www.zonaprop.com.ar/propiedades/clasificado/vecltrin-casona-patrimonio-historico-en-excelente-ubicacion-55818582.html,2026-10-04
San Telmo,México al 700,228,195000,855,709,275,,zonaprop,https://www.zonaprop.com.ar/propiedades/clasificado/vecltrin-terreno-en-san-telmo-59232359.html,2026-10-04
San Telmo,Venezuela al 900,986,650000,659,,,,zonaprop,https://www.zonaprop.com.ar/propiedades/clasificado/vecltrin-edificio-986-m-sup2--hotel-petit-a-reciclar-san-46916212.html,2026-10-04
San Telmo,Piedras 1500,295,550000,1864,,,,zonaprop,https://www.zonaprop.com.ar/propiedades/clasificado/vecltrin-venta-lote-en-san-telmo-ideal-desarrollo-60103211.html,2026-10-04
Retiro,Juncal al 800,820,1400000,1707,1980,707,,zonaprop,https://www.zonaprop.com.ar/propiedades/clasificado/vecltrin-terreno-en-venta-en-excelente-ubicacion-57613575.html,2026-10-04
Retiro,Paraguay al 800,279,1400000,5018,278.93,5019,,zonaprop,https://www.zonaprop.com.ar/propiedades/clasificado/vecltrin-paraguay-800-lote-en-venta-en-retiro-con-proyecto-y-60159442.html,2026-10-04
Retiro,Tres Sargento e/ Leandro N. Alem y Reconquista,227,890000,3921,,,,zonaprop,https://www.zonaprop.com.ar/propiedades/clasificado/vecltrin-terreno-en-venta-227.93-m-retiro-59985185.html,2026-10-04
Retiro,Tres Sargentos e/ Reconquista y Av. Leandro N. Alem,220,890000,4045,,,,zonaprop,https://www.zonaprop.com.ar/propiedades/clasificado/vecltrin-terreno-en-venta-220-m-retiro-59877865.html,2026-10-04
Retiro,Suipacha 957,459,1390000,3028,,,,zonaprop,https://www.zonaprop.com.ar/propiedades/clasificado/vecltrin-suipacha-900-terreno-u.-s.-a.-a.-458.89-m-sup2-57353174.html,2026-10-04
Retiro,Galicia 2054,328,1500000,4573,,,,zonaprop,https://www.zonaprop.com.ar/propiedades/clasificado/vecltrin-venta-lote-a-la-venta-de-8-66-x-37-97-retiro-59647776.html,2026-10-04
Retiro,Paraguay 814/816,278,1700000,6115,,,,zonaprop,https://www.zonaprop.com.ar/propiedades/clasificado/vecltrin-terreno-en-venta-en-retiro-56512064.html,2026-10-04
Retiro,Suipacha  al 1000,392,1400000,3571,2550,549,pb + 10,zonaprop,https://www.zonaprop.com.ar/propiedades/clasificado/vecltrin-terreno-en-venta-57734154.html,2026-10-04
Retiro,Suipacha 1014 - Microcentro,400,1400000,3500,236,5932,pb + 10,zonaprop,https://www.zonaprop.com.ar/propiedades/clasificado/vecltrin-venta-terreno-retiro-recoleta-suipacha-1000-apto-56284332.html,2026-10-04
Retiro,Suipacha 800,428,920000,2150,4039.41,228,pb + 10,zonaprop,https://www.zonaprop.com.ar/propiedades/clasificado/vecltrin-retiro-lote-para-desarrollo-con-una-superficie-de-58075584.html,2026-10-04
Puerto Madero,Ing. Huergo 1457/63,520,2600000,5000,,,,zonaprop,https://www.zonaprop.com.ar/propiedades/clasificado/vecltrin-terreno-en-san-telmo-excelente-altura-maxima-50851390.html,2026-10-04
Constitucion,Avenida Juan de Garay 1800,1300,245000,188,1121,219,,zonaprop,https://www.zonaprop.com.ar/propiedades/clasificado/vecltrin-oportunidad-lote-sobre-av-para-edificio-de-9-pisos!-59375874.html,2026-10-04
Constitucion,Garay 1450,800,569000,711,4.213,135058,,zonaprop,https://www.zonaprop.com.ar/propiedades/clasificado/vecltrin-gran-terreno-en-venta-superficie-vendible-4213-59267865.html,2026-10-04
Constitucion,Av. Brasil al 1800,210,500000,2381,3014.83,166,pb + 10,zonaprop,https://www.zonaprop.com.ar/propiedades/clasificado/vecltrin-venta-constitucion-terreno-lote-esquina-demolido-49686234.html,2026-10-04
Constitucion,Bernardo de Irigoyen 1414,670,2400000,3582,6201,387,,zonaprop,https://www.zonaprop.com.ar/propiedades/clasificado/vecltrin-venta-terreno-lote-para-emprendimiento-multifamiliar-56329952.html,2026-10-04
Constitucion,Bernardo de Irigoyen al 1500,933,750000,804,,,,zonaprop,https://www.zonaprop.com.ar/propiedades/clasificado/vecltrin-excelente-terreno-doble-frente-para-desarrollo-58042661.html,2026-10-04
Constitucion,Virrey Cevallos al 1400,418,215000,514,1385,155,usam ,zonaprop,https://www.zonaprop.com.ar/propiedades/clasificado/vecltrin-venta-de-lote-en-constitucion-58399228.html,2026-10-04
Constitucion,Luis Saenz Peña al 1400,348,150000,431,1185,127,usam,zonaprop,https://www.zonaprop.com.ar/propiedades/clasificado/vecltrin-venta-de-lote-en-constitucion-58399230.html,2026-10-04
Constitucion,San Jose al 1300,244,230000,943,,,,zonaprop,https://www.zonaprop.com.ar/propiedades/clasificado/vecltrin-terreno-complejo-constitucion-54966290.html,2026-10-04
Constitucion,San José  al 1600,1750,580000,331,,,,zonaprop,https://www.zonaprop.com.ar/propiedades/clasificado/vecltrin-terreno-en-constitucion-59531418.html,2026-10-04
Constitucion,Bernardo de Irigoyen al 1300,590,1500000,2542,,,,zonaprop,https://www.zonaprop.com.ar/propiedades/clasificado/vecltrin-venta-terreno-para-desarollo-con-renta-constitucion-59689243.html,2026-10-04
Constitucion,O´brien al 1200,203,330000,1626,,,,zonaprop,https://www.zonaprop.com.ar/propiedades/clasificado/vecltrin-terreno-en-venta-constitucion-58908995.html,2026-10-04
Constitucion,O´brien  N° 1225,203,330000,1626,,,,zonaprop,https://www.zonaprop.com.ar/propiedades/clasificado/vecltrin-terreno-en-venta-zona-constitucion-caba.-ideal-56345490.html,2026-10-04
Constitucion,San Juan  al 1300,174,380000,2184,1550,245,,zonaprop,https://www.zonaprop.com.ar/propiedades/clasificado/vecltrin-ideal-proyecto-estudiantes-renta-1550-60318448.html,2026-10-04
Constitucion,Av. Entre Ríos  al 1000,273,950000,3480,2241,424,,zonaprop,https://www.zonaprop.com.ar/propiedades/clasificado/vecltrin-terreno-av-entre-rios-1080-exc.-ubicacion-58812114.html,2026-10-04
Constitucion,Carlos Calvo al 2000,177,260000,1469,,,,zonaprop,https://www.zonaprop.com.ar/propiedades/clasificado/vecltrin-terreno-en-constitucion-59601513.html,2026-10-04
Constitucion,Av Pavon  al 1500,568,480000,845,,,,zonaprop,https://www.zonaprop.com.ar/propiedades/clasificado/vecltrin-oportunidad-venta-3-lotes-como-terreno-o-venta-hotel-60022347.html,2026-10-04
Constitucion,Dirección no informada,764,1050000,1374,6000,175,,zonaprop,https://www.zonaprop.com.ar/propiedades/clasificado/vecltrin-bernardo-de-irigiayen-y-avda-garay.-incidencia-100-52710150.html,2026-10-04
Constitucion,Rondeau 1700,127,149000,1173,3120,48,cm,zonaprop,https://www.zonaprop.com.ar/propiedades/clasificado/vecltrin-venta-lote-unico-oportunidad-60162414.html,2026-10-04
Constitucion,Lima al 1300,534,850000,1592,,,ca,zonaprop,https://www.zonaprop.com.ar/propiedades/clasificado/vecltrin-terreno-en-esquina-en-constitucion-con-alto-potencial-58963669.html,2026-10-04
Constitucion,Av. Entre Rios al 1900,360,700000,1944,2920,240,pb + 10,zonaprop,https://www.zonaprop.com.ar/propiedades/clasificado/vecltrin-venta-lote-de-360-m-sup2--sobre-av-entre-rios-en-59913896.html,2026-10-04
Constitucion,"Garay, Juan DE AV. al 1400",332,385000,1160,,,usaa,zonaprop,https://www.zonaprop.com.ar/propiedades/clasificado/vecltrin-excelente-terreno-en-constitucion-lideres-en-60298360.html,2026-10-04
Constitucion,O Brien  al 1200,203,155000,764,,,usam,zonaprop,https://www.zonaprop.com.ar/propiedades/clasificado/vecltrin-excelente-terreno-en-constitucion-lideres-en-60298356.html,2026-10-04
Constitucion,Solis al 1500,613,1000000,1631,,,usaa ,zonaprop,https://www.zonaprop.com.ar/propiedades/clasificado/vecltrin-solis-1525-58227933.html,2026-10-04
Constitucion,Pte. Luis Sáenz Peña al 900,216,350000,1620,1848,189,usaa,zonaprop,https://www.zonaprop.com.ar/propiedades/clasificado/vecltrin-terreno-en-constitucion-60046177.html,2026-10-04
Constitucion,Av. Caseros 1575,407,218000,536,,,,zonaprop,https://www.zonaprop.com.ar/propiedades/clasificado/vecltrin-lote-venta-y-alquiler-av-caseros-1500-constitucion-usd-58388919.html,2026-10-04
Constitucion,Carlos Calvo 1559,1470,2200000,1497,,,,zonaprop,https://www.zonaprop.com.ar/propiedades/clasificado/vecltrin-terreno-en-venta-constitucion-57448298.html,2026-10-04
Constitucion,Virrey Cevallos 1900,282,150000,532,1320,114,usam,zonaprop,https://www.zonaprop.com.ar/propiedades/clasificado/vecltrin-excelente-lote-para-construir-60200829.html,2026-10-04
Constitucion,Av. Caseros 1745,883,2000000,2265,,,,zonaprop,https://www.zonaprop.com.ar/propiedades/clasificado/vecltrin-terreno-en-venta-constitucion-57468273.html,2026-10-04
Constitucion,Solís al 1400,95,149000,1568,,,,zonaprop,https://www.zonaprop.com.ar/propiedades/clasificado/vecltrin-terreno-de-7-40x13-zonificacion-u.-s.-a.-b.2-59396818.html,2026-10-04
Constitucion,Solis 1000,213,320000,1502,922,347,pb + 9,zonaprop,https://www.zonaprop.com.ar/propiedades/clasificado/vecltrin-solis-1000-pagos-los-derechos-de-contruccion-y-55844726.html,2026-10-04
Constitucion,Bernardo de Irigoyen al 1400,1400,3000000,2143,6000,500,,zonaprop,https://www.zonaprop.com.ar/propiedades/clasificado/vecltrin-terreno-con-potencial-de-construccion-en-altura-53404207.html,2026-10-04
Constitucion,Pedro Echague  al 1500,343,460000,1341,2876,160,pb + 5,zonaprop,https://www.zonaprop.com.ar/propiedades/clasificado/vecltrin-terreno-en-venta-constitucion-esquina-usam-gran-58330749.html,2026-10-04
Constitucion,15 De Noviembre De 1889  1700,269,199000,740,2010,99,,zonaprop,https://www.zonaprop.com.ar/propiedades/clasificado/vecltrin-terreno-edificio-en-block-en-constitucion!-58959850.html,2026-10-04
Constitucion,Avenida San Juan al 1500,228,480000,2105,2453,196,ca,zonaprop,https://www.zonaprop.com.ar/propiedades/clasificado/vecltrin-terreno-venta-constitucion-56884232.html,2026-10-04
Constitucion,Filiberto al 1700,301,350000,1163,,,usaa,zonaprop,https://www.zonaprop.com.ar/propiedades/clasificado/vecltrin-terreno-constitucion-lideres-en-terrenos-guimat-59207494.html,2026-10-04
Constitucion,Luis Saenz Peña al 1800,338,190000,562,,,usam,zonaprop,https://www.zonaprop.com.ar/propiedades/clasificado/vecltrin-terreno-constitucion-lideres-en-terrenos-guimat-59207502.html,2026-10-04
Constitucion,Av.brasil 1764/66/68 y 1770/72,922,2200000,2386,2766,795,,zonaprop,https://www.zonaprop.com.ar/propiedades/clasificado/vecltrin-terreno-constitucion-60237848.html,2026-10-04
Constitucion,Constitución al 2000,570,815000,1430,,,usam ,zonaprop,https://www.zonaprop.com.ar/propiedades/clasificado/vecltrin-lote-san-cristobal-59782577.html,2026-10-04
Constitucion,"Saenz Peña, Luis, Pres.  al 1600",1460,1600000,1096,,,usaa,zonaprop,https://www.zonaprop.com.ar/propiedades/clasificado/vecltrin-excelente-terreno-en-constitucion-lideres-en-59207533.html,2026-10-04
Constitucion,Solís 1030,213,310000,1455,,,,zonaprop,https://www.zonaprop.com.ar/propiedades/clasificado/vecltrin-venta-de-lote-en-constitucion-con-planos-aprobados-57609457.html,2026-10-04
Constitucion,Solis al 1000,213,270000,1268,1720,157,usaa ,zonaprop,https://www.zonaprop.com.ar/propiedades/clasificado/vecltrin-lote-en-venta-distrito-uade-60099428.html,2026-10-04
Constitucion,Santiago del Estero 1400,307,650000,2117,3318,196,usam 1,zonaprop,https://www.zonaprop.com.ar/propiedades/clasificado/vecltrin-terreno-en-constitucion-a-m-de-av-pavon!-59307550.html,2026-10-04
Constitucion,Pavón y Virrey Ceballos,121,395000,3264,,,,zonaprop,https://www.zonaprop.com.ar/propiedades/clasificado/vecltrin-terreno-en-venta-121-m-sup2--constitucion-60308766.html,2026-10-04
Constitucion,Lima 1887 - 1891 - 1897,267,620000,2322,3368,184,,zonaprop,https://www.zonaprop.com.ar/propiedades/clasificado/vecltrin-venta-lote-en-constitucion-59832190.html,2026-10-04
Constitucion,Pavon al 1200,117,115000,983,,,usam,zonaprop,https://www.zonaprop.com.ar/propiedades/clasificado/vecltrin-excelente-terreno-en-constitucion-lideres-en-59701251.html,2026-10-04
Constitucion,Solis  al 1000,396,540000,1364,3462,156,usaa ,zonaprop,https://www.zonaprop.com.ar/propiedades/clasificado/vecltrin-doble-lote-a-la-venta-distrito-uade-60100210.html,2026-10-04
Constitucion,Santiago DEL Estero  al 900,170,209000,1229,,,usaa,zonaprop,https://www.zonaprop.com.ar/propiedades/clasificado/vecltrin-excelente-terreno-en-constitucion-lideres-en-59207663.html,2026-10-04
Constitucion,Brasil al 1400,1484,2900000,1954,,,,zonaprop,https://www.zonaprop.com.ar/propiedades/clasificado/vecltrin-venta-terreno-en-constitucion-capital-federal-52535124.html,2026-10-04
Constitucion,Constitución 1500,196,280000,1429,,,,zonaprop,https://www.zonaprop.com.ar/propiedades/clasificado/vecltrin-excelente-terreno-en-venta-ubicado-en-constitucion-57205599.html,2026-10-04
Constitucion,Solis al 1000,178,250000,1404,1424,176,usaa ,zonaprop,https://www.zonaprop.com.ar/propiedades/clasificado/vecltrin-lotes-en-venta-distrito-uade-super-oportunidad-60099523.html,2026-10-04
Constitucion,Constitución  al 1500,342,214900,628,1307,164,usam,zonaprop,https://www.zonaprop.com.ar/propiedades/clasificado/vecltrin-terreno-en-venta-baja-incidencia-m-sup2-58827922.html,2026-10-04
Constitucion,Bernardo de Irigoyen 1000,419,1200000,2864,3703,324,pb +12+2,zonaprop,https://www.zonaprop.com.ar/propiedades/clasificado/vecltrin-lote-centro-3703-m-sup2--vendibles.-financia.-60262342.html,2026-10-04
Constitucion,Humberto Primo 1471,1800,990000,550,,,,zonaprop,https://www.zonaprop.com.ar/propiedades/clasificado/vecltrin-terreno-en-venta-en-constitucion-58509282.html,2026-10-04
Constitucion,Cochabamba 1788,304,670000,2204,4235,158,pb + 10,zonaprop,https://www.zonaprop.com.ar/propiedades/clasificado/vecltrin-entre-rios-y-cochabamba-57802797.html,2026-10-04
Constitucion,Constitución 1700,1484,1900000,1280,,,,zonaprop,https://www.zonaprop.com.ar/propiedades/clasificado/vecltrin-terreno-en-venta-en-constitucion-de-1484-m-sup2-51582682.html,2026-10-04
Constitucion,Luis Saenz Peña al 1200,340,230000,676,,,,zonaprop,https://www.zonaprop.com.ar/propiedades/clasificado/vecltrin-luis-saenz-pena-al-1200-terreno-de-340-m-sup2--10-m-57756627.html,2026-10-04
Constitucion,San Juan 1500,142,200000,1408,,,,zonaprop,https://www.zonaprop.com.ar/propiedades/clasificado/vecltrin-terreno-en-venta.-constitucion.-corredor-alto.-60142912.html,2026-10-04
Constitucion,Virrey Cevallos 1000,283,290000,1025,1561,186,usaa ,zonaprop,https://www.zonaprop.com.ar/propiedades/clasificado/vecltrin-terreno-venta-usaa-zona-uade-60194986.html,2026-10-04
Constitucion,Avenida Entre Rios 1700,360,661500,1838,,,,zonaprop,https://www.zonaprop.com.ar/propiedades/clasificado/vecltrin-terreno-en-venta-53840458.html,2026-10-04
Constitucion,Santiago del Estero  al 2200,425,250000,588,,,,zonaprop,https://www.zonaprop.com.ar/propiedades/clasificado/vecltrin-lote-en-venta-en-constitucion-54975880.html,2026-10-04
Constitucion,Constitucion 2257/67 Caba,332,500000,1506,5762,87,,zonaprop,https://www.zonaprop.com.ar/propiedades/clasificado/vecltrin-venta-lote-constitucion-51868329.html,2026-10-04
Constitucion,Av. Entre Ríos 1500,180,180000,1000,,,,zonaprop,https://www.zonaprop.com.ar/propiedades/clasificado/vecltrin--venta:-lote-en-constitucion-oportunidad-contado-60315552.html,2026-10-04
Constitucion,Av. Pavon 1541. Entre Luis saenz peña y Virrey ceballos,859,460000,536,3000,153,usaa,zonaprop,https://www.zonaprop.com.ar/propiedades/clasificado/vecltrin-lote.-av-pavon-al-1500-58908776.html,2026-10-04
Constitucion,15 de Noviembre de,329,185000,562,,,,zonaprop,https://www.zonaprop.com.ar/propiedades/clasificado/vecltrin-terreno-en-venta-57072170.html,2026-10-04
Constitucion,Cochabamba al 1300,432,225000,521,3464,65,pb + 7,zonaprop,https://www.zonaprop.com.ar/propiedades/clasificado/vecltrin-venta-lote-constitucion-12.83-m-x-33.15-m-sup-432-58274516.html,2026-10-04
Constitucion,Cochabamba 1800,303,600000,1980,,,,zonaprop,https://www.zonaprop.com.ar/propiedades/clasificado/vecltrin-gran-lote-en-esquina-corredor-medio-constitucion-58885327.html,2026-10-04
Constitucion,Salta 900,97,199000,2052,1100,181,cm,zonaprop,https://www.zonaprop.com.ar/propiedades/clasificado/vecltrin-venta-terreno-en-constitucion-zona-uade-58539691.html,2026-10-04
Constitucion,Av. San Juan 1165/67. Entre Lima y Salta,284,500000,1761,2400,208,,zonaprop,https://www.zonaprop.com.ar/propiedades/clasificado/vecltrin-lote.-av-san-juan-al-1165-00-59739342.html,2026-10-04
Constitucion,Santiago del Estero al 900,279,520000,1864,,,,zonaprop,https://www.zonaprop.com.ar/propiedades/clasificado/vecltrin-terreno-en-venta-constitucion-zona-uade-59146475.html,2026-10-04
Constitucion,Pedro Echague 1500,229,120000,524,,,,zonaprop,https://www.zonaprop.com.ar/propiedades/clasificado/vecltrin-excelente-lote-en-pedro-echague-al-1500-constitucion-45046017.html,2026-10-04
Constitucion,15 de Noviembre de 1889 1500,208,135000,649,,,usam,zonaprop,https://www.zonaprop.com.ar/propiedades/clasificado/vecltrin-lote-en-venta-48093087.html,2026-10-04
Constitucion,Pedro Echagüe 1600,216,116500,539,,,,zonaprop,https://www.zonaprop.com.ar/propiedades/clasificado/vecltrin-terreno-en-venta-de-216-m-sup2--constitucion-para-58795900.html,2026-10-04
Constitucion,Humberto 1º al 1400,385,490000,1273,2160,227,pb + 10,zonaprop,https://www.zonaprop.com.ar/propiedades/clasificado/vecltrin-terreno-constitucion-58719830.html,2026-10-04
Constitucion,Santiago del Estero  al 1200,524,699000,1334,3550,197,,zonaprop,https://www.zonaprop.com.ar/propiedades/clasificado/vecltrin-terreno-lote-en-venta-constitucion-caba-desarrollo-60257499.html,2026-10-04
Constitucion,Estados Unidos 1599,250,380000,1520,1600,238,pb + 10,zonaprop,https://www.zonaprop.com.ar/propiedades/clasificado/vecltrin-lote-en-esquina-con-local-departamento.-gran-58476372.html,2026-10-04
Constitucion,PEDRO ECHAGUE 1167,350,450000,1286,,,,zonaprop,https://www.zonaprop.com.ar/propiedades/clasificado/vecltrin-terreno-en-pedro-echague-11-51601331.html,2026-10-04
Constitucion,San José  al 1600,217,120000,553,2125,56,usaa ,zonaprop,https://www.zonaprop.com.ar/propiedades/clasificado/vecltrin-venta-lote-terreno-13-x-16-m-constitucion-60256891.html,2026-10-04
Constitucion,Av. San Juan 1515,148,450000,3041,1400,321,,zonaprop,https://www.zonaprop.com.ar/propiedades/clasificado/vecltrin-terreno-en-venta-en-constitucion-56780643.html,2026-10-04
Constitucion,Constitucion al 1300,270,310000,1148,,,,zonaprop,https://www.zonaprop.com.ar/propiedades/clasificado/vecltrin-vende-lote-comercial-en-esquina-270-m-sup2--56101716.html,2026-10-04
Constitucion,Presidente Luis Sáenz Peña  al 1300,270,189000,700,2533.21,75,,zonaprop,https://www.zonaprop.com.ar/propiedades/clasificado/vecltrin-venta-de-terreno-en-constitucion-acepta-canje-58809624.html,2026-10-04
Constitucion,Entre Ríos  al 1300,333,462500,1389,3221,144,pb + 10,zonaprop,https://www.zonaprop.com.ar/propiedades/clasificado/vecltrin-terreno-en-constitucion-59314595.html,2026-10-04
Constitucion,Estados Unidos 1600,316,170000,538,1476,115,,zonaprop,https://www.zonaprop.com.ar/propiedades/clasificado/vecltrin-venta-terreno-san-cristobal-60075329.html,2026-10-04
Constitucion,15 De Noviembre de 1889  al 1500,200,135000,675,,,usam,zonaprop,https://www.zonaprop.com.ar/propiedades/clasificado/vecltrin-venta-terreno-constitucion-58117742.html,2026-10-04
Constitucion,Lima al 1400,637,700000,1099,,,,zonaprop,https://www.zonaprop.com.ar/propiedades/clasificado/vecltrin-terreno-constitucion-60237219.html,2026-10-04
Constitucion,Tacuarí 1400,490,450000,918,,,,zonaprop,https://www.zonaprop.com.ar/propiedades/clasificado/vecltrin-terreno-en-venta-constitucion-con-edificio-de-ph-a-58683064.html,2026-10-04
Constitucion,Avenida Entre Rios 1700,344,661500,1923,,,,zonaprop,https://www.zonaprop.com.ar/propiedades/clasificado/vecltrin-terreno-en-venta-53840465.html,2026-10-04
Constitucion,San Jose  al 1600,108,120000,1111,,,,zonaprop,https://www.zonaprop.com.ar/propiedades/clasificado/vecltrin-terreno-en-constitucion-59859679.html,2026-10-04
Constitucion,Entre Rios al 1500,180,305000,1694,1240,246,pb + 10,zonaprop,https://www.zonaprop.com.ar/propiedades/clasificado/vecltrin-lote-en-constitucion-56664851.html,2026-10-04
Constitucion,Av. Pavon 1541. Entre Luis saenz peña y Virrey ceballos,592,375000,633,3000,125,usaa,zonaprop,https://www.zonaprop.com.ar/propiedades/clasificado/vecltrin-lote.-av-pavon-al-1500-58919252.html,2026-10-04
Constitucion,Luis Saenz Peña 1483. Entre Av pavón y Constitución,267,100000,375,900,111,usam,zonaprop,https://www.zonaprop.com.ar/propiedades/clasificado/vecltrin-lote.-luis-saenz-pena-al-1400-58919422.html,2026-10-04
Constitucion,Humberto 1º al 1400,385,490000,1273,2160,227,pb + 10,zonaprop,https://www.zonaprop.com.ar/propiedades/clasificado/vecltrin-terreno-constitucion-56656332.html,2026-10-04
Constitucion,Av Pavon  al 1500,568,398000,701,,,,zonaprop,https://www.zonaprop.com.ar/propiedades/clasificado/vecltrin-oportunidad-venta-2-lotes-como-terreno-o-venta-hotel-60022389.html,2026-10-04
Constitucion,15 De Noviembre de 1889 al 1500,200,135000,675,,,usam,zonaprop,https://www.zonaprop.com.ar/propiedades/clasificado/vecltrin-terreno-en-constitucion-58099855.html,2026-10-04
Constitucion,San Jose  al 1600,149,180000,1208,1250,144,usaa ,zonaprop,https://www.zonaprop.com.ar/propiedades/clasificado/vecltrin-terreno-en-venta-en-constitucion-san-jose-al-1600-47012501.html,2026-10-04
Constitucion,Estados Unidos 1100,249,649000,2606,,,,zonaprop,https://www.zonaprop.com.ar/propiedades/clasificado/vecltrin-lote-constitucion-estados-unidos-1100-para-1250-50938081.html,2026-10-04
Constitucion,Av Caseros,1171,2000000,1708,11500,174,,zonaprop,https://www.zonaprop.com.ar/propiedades/clasificado/vecltrin-lote-con-salida-a-3-calles.-limite-barracas-y-49271066.html,2026-10-04
Constitucion,Humberto 1° 1100. Entre Lima y Salta,457,650000,1422,,,,zonaprop,https://www.zonaprop.com.ar/propiedades/clasificado/vecltrin-venta-excelente-terreno-51338426.html,2026-10-04
Constitucion,Entre Rios Al 900,115,550000,4783,,,,zonaprop,https://www.zonaprop.com.ar/propiedades/clasificado/vecltrin-constitucion-entre-rios-900-entre-eeuu-y-carlos-calvo-47363517.html,2026-10-04
Constitucion,Humberto 1700,370,480000,1297,1800,267,pb+10,zonaprop,https://www.zonaprop.com.ar/propiedades/clasificado/vecltrin-terreno-fraccion-en-venta-en-constitucion-capital-60213114.html,2026-10-04
Constitucion,Av. Independencia 1500,235,889000,3783,3377,263,ca,zonaprop,https://www.zonaprop.com.ar/propiedades/clasificado/vecltrin-lote-zona-uade-av-independencia-1500-para-3377-55619221.html,2026-10-04
Constitucion,Pavón 2384. Entre Constitucion y Avenida Juan De Garay,964,245000,254,,,,zonaprop,https://www.zonaprop.com.ar/propiedades/clasificado/vecltrin-terreno-de-8-66-m-x-31-m-con-planos-aprobados.-950-55852568.html,2026-10-04
Constitucion,Entre Rios Al 900,115,550000,4783,1080,509,,zonaprop,https://www.zonaprop.com.ar/propiedades/clasificado/vecltrin-terreno-constitucion-50938335.html,2026-10-04
Constitucion,Humberto 1700,370,480000,1297,1800,267,pb+10,zonaprop,https://www.zonaprop.com.ar/propiedades/clasificado/vecltrin-terreno-en-venta-ubicado-en-constitucion-capital-58516109.html,2026-10-04
Constitucion,Santiago del Estero 900,280,520000,1857,2280,228,,zonaprop,https://www.zonaprop.com.ar/propiedades/clasificado/vecltrin-venta-lote-constitucion-ideal-inversion-zona-uade-60062076.html,2026-10-04
Constitucion,"Santiago del Estero 1490, C1151 Cdad. Autónoma de Buenos Aires, Argentina, Constitución, Capital Federal, Argentina.",162,135000,833,630,214,pb +5,zonaprop,https://www.zonaprop.com.ar/propiedades/clasificado/vecltrin-constitucion.-casa-en-venta.-ideal-reciclaje-o-59298769.html,2026-10-04
Constitucion,SOLIS 1000. Entre Carlos Calvo y Humberto 1,213,320000,1502,,,,zonaprop,https://www.zonaprop.com.ar/propiedades/clasificado/vecltrin-venta-de-lote-en-constitucion-capital-federal-55904787.html,2026-10-04
Constitucion,"CASEROS, AVDA. 1329. Entre Salta y Lima",318,220000,692,,,ca,zonaprop,https://www.zonaprop.com.ar/propiedades/clasificado/vecltrin-lote.-caseros-avda.-al-1300-59190754.html,2026-10-04
Constitucion,Estados Unidos 1400,335,590000,1761,1735.6,340,,zonaprop,https://www.zonaprop.com.ar/propiedades/clasificado/vecltrin-venta-lote-terreno-en-constitucion-60274439.html,2026-10-04
Constitucion,"CASEROS, AVDA. 1355. Entre Salta y Lima",327,250000,765,,,ca,zonaprop,https://www.zonaprop.com.ar/propiedades/clasificado/vecltrin-lote.-caseros-avda.-al-1300-59190763.html,2026-10-04
Constitucion,Humberto Primo 1100,459,500000,1089,,,,zonaprop,https://www.zonaprop.com.ar/propiedades/clasificado/vecltrpa-excelente-terreno-a-m-de-la-av-9-de-julio-58873912.html,2026-10-04
Constitucion,Avenida Pavón,132,40000,303,,,,zonaprop,https://www.zonaprop.com.ar/propiedades/clasificado/vecltrpa-venta-terreno-por-cesion-de-derechos-posesorios-en-57443134.html,2026-10-04
Barracas,Montes de Oca  al 1500,647,900000,1391,2997,300,pb + 10 + 2,zonaprop,https://www.zonaprop.com.ar/propiedades/clasificado/vecltrin-terreno-local-con-deposito-a-la-venta-en-barracas-55341998.html,2026-10-04
Barracas,Villarino e/ Santa María del Buen Aire y Juan Darquier,350,152000,434,,,,zonaprop,https://www.zonaprop.com.ar/propiedades/clasificado/vecltrin-terreno-en-venta-350-m-sup2--barracas-60293496.html,2026-10-04
Barracas,Hornos 1524,427,200000,468,1217,164,usaa ,zonaprop,https://www.zonaprop.com.ar/propiedades/clasificado/vecltrin-lote-en-venta.-sup-vendible-1.217-m-sup2--5-60316375.html,2026-10-04
Barracas,Vieytes al 1200,243,160000,658,,,usam 3,zonaprop,https://www.zonaprop.com.ar/propiedades/clasificado/vecltrin-terreno-en-barracas-60036839.html,2026-10-04
Barracas,Santa Maria del Buen Aire al 600,624,170000,272,1300,131,,zonaprop,https://www.zonaprop.com.ar/propiedades/clasificado/vecltrin-terreno-venta-en-barracas-1300-m-sup2--edificables-58900766.html,2026-10-04
Barracas,Caseros al 1400,728,598000,821,3980,150,,zonaprop,https://www.zonaprop.com.ar/propiedades/clasificado/vecltrin-terreno-en-barracas-59737274.html,2026-10-04
Barracas,Salom 463,659,220000,334,,,,zonaprop,https://www.zonaprop.com.ar/propiedades/clasificado/vecltrin-lote-8-66-x-44-38-con-galpon-y-departamentos-a-60052643.html,2026-10-04
Barracas,Santo Domingo  al 2200,82,110000,1341,,,,zonaprop,https://www.zonaprop.com.ar/propiedades/clasificado/vecltrin-terreno-inversion-barracas-lote-58902779.html,2026-10-04
Barracas,"Jovellanos, Gaspar M. De  al 1300",360,230000,639,912,252,usab1,zonaprop,https://www.zonaprop.com.ar/propiedades/clasificado/vecltrin-venta-terreno-lote-mixtura-del-uso-del-suelo-1-60185184.html,2026-10-04
Barracas,Av. Montes De Oca 1300,153,850000,5556,,,,zonaprop,https://www.zonaprop.com.ar/propiedades/clasificado/vecltrin-terreno-en-venta-en-barracas.-edificable-mas-de-2000-57959390.html,2026-10-04
Barracas,Avenida General Tomás de Iriarte al 2400,287,145000,505,1103,131,usam ,zonaprop,https://www.zonaprop.com.ar/propiedades/clasificado/vecltrin-venta-lote-en-venta-barracas-58843189.html,2026-10-04
Barracas,Avenida General Tomás de Iriarte 2201,620,690000,1113,3600,192,usam,zonaprop,https://www.zonaprop.com.ar/propiedades/clasificado/vecltrin-excelente-lote-en-esquina-para-59429461.html,2026-10-04
Barracas,Paracas al 300,233,77900,334,,,,zonaprop,https://www.zonaprop.com.ar/propiedades/clasificado/vecltrin-venta-casa-a-refaccionar-en-barracas-anticipo-cuotas-60050382.html,2026-10-04
Barracas,Ituzaingo 900,356,940000,2640,2835,332,,zonaprop,https://www.zonaprop.com.ar/propiedades/clasificado/vecltrin-lote-de-excelentes-dimensiones-en-barracas!-50041261.html,2026-10-04
Barracas,Regimiento de Patricios  al 700,624,1300000,2083,4000,325,pb + 12,zonaprop,https://www.zonaprop.com.ar/propiedades/clasificado/vecltrin-lote-con-salida-a-2-calles-4000-m-sup2--vendibles-la-55404029.html,2026-10-04
Barracas,Rondeau 1500,118,99000,839,118.322,837,,zonaprop,https://www.zonaprop.com.ar/propiedades/clasificado/vecltrin-terreno-de-10-m-de-frente-en-venta-en-barracas-59102365.html,2026-10-04
Barracas,Av. Martin García al 800 Barracas Caba,1700,1000000,588,,,,zonaprop,https://www.zonaprop.com.ar/propiedades/clasificado/vecltrin-terreno-en-venta-en-av-martin-garcia-al-800-barracas-57490778.html,2026-10-04
Barracas,AV  MONTES DE OCA 1782,915,1850000,2022,4103,451,pb + 11,zonaprop,https://www.zonaprop.com.ar/propiedades/clasificado/vecltrin-terreno-en-venta-barracas-915-m-sup2-60055322.html,2026-10-04
Barracas,Pasaje Rio Cuarto e/ Azara y Avenida Regimiento de Patricios,339,120000,354,,,,zonaprop,https://www.zonaprop.com.ar/propiedades/clasificado/vecltrin-terreno-en-venta-339-m-sup2--barracas-59316641.html,2026-10-04
Barracas,Irala e/ General Gregorio Aráoz de Lamadrid y Olavarría,298,110000,369,,,,zonaprop,https://www.zonaprop.com.ar/propiedades/clasificado/vecltrin-terreno-en-venta-298-m-sup2--barracas-59665731.html,2026-10-04
Barracas,Mirave  al 2700,210,120000,571,,,,zonaprop,https://www.zonaprop.com.ar/propiedades/clasificado/vecltrin-terreno-complejo-ph-local-en-barracas-venta-57376891.html,2026-10-04
Barracas,Quinquela Martin al 1200,329,230000,699,,,,zonaprop,https://www.zonaprop.com.ar/propiedades/clasificado/vecltrin-terreno-lote-en-la-boca-venta-59858840.html,2026-10-04
Barracas,Paracas al 300,240,85000,354,,,,zonaprop,https://www.zonaprop.com.ar/propiedades/clasificado/vecltrin-lote-en-venta-para-galpon-7.75-x-31-m-58652440.html,2026-10-04
Barracas,Av Montes de Oca al 800,370,1600000,4324,,,,zonaprop,https://www.zonaprop.com.ar/propiedades/clasificado/vecltrin-terreno-en-barracas-59945275.html,2026-10-04
Barracas,Anchoris al 200,339,170000,501,,,,zonaprop,https://www.zonaprop.com.ar/propiedades/clasificado/vecltrin-lote-propio-con-cuatro-viviendas-en-barracas-venta-60283301.html,2026-10-04
Barracas,Isabel la Catolica Planos Aprob. al 1200,380,295000,776,1100,268,,zonaprop,https://www.zonaprop.com.ar/propiedades/clasificado/vecltrin-terreno-con-planos-aprobados-46512471.html,2026-10-04
Barracas,"Salmun Feijoo, Jose Aaron  al 1000",426,250000,587,,,,zonaprop,https://www.zonaprop.com.ar/propiedades/clasificado/vecltrin-terreno-en-barracas-58423512.html,2026-10-04
Barracas,Magallanes 1501. Entre Jovellanos y Isabel la catolica,260,200000,769,,,,zonaprop,https://www.zonaprop.com.ar/propiedades/clasificado/vecltrin-venta-lote-58859659.html,2026-10-04
Barracas,ISABEL LA CATOLICA,315,560000,1778,1500,373,usaa,zonaprop,https://www.zonaprop.com.ar/propiedades/clasificado/vecltrin-venta-terreno-isabel-la-catolica-400-barracas-capital-55095095.html,2026-10-04
Barracas,Villarino,337,149000,442,,,,zonaprop,https://www.zonaprop.com.ar/propiedades/clasificado/vecltrin-oportunidad:-terreno-en-venta-en-barracas-distrito-de-60174709.html,2026-10-04
Barracas,Isabel la Católica 200,704,2000000,2841,5250,381,,zonaprop,https://www.zonaprop.com.ar/propiedades/clasificado/vecltrin-terreno-isabel-la-catolica-al-200-57337607.html,2026-10-04
Barracas,Av.montes De Oca al 1800,900,1380000,1533,7100,194,,zonaprop,https://www.zonaprop.com.ar/propiedades/clasificado/vecltrin-av-montes-de-oca-1800-barracas-capital-federal-58475836.html,2026-10-04
Barracas,Iriarte General Avenida 2200,620,690000,1113,3600,192,usam,zonaprop,https://www.zonaprop.com.ar/propiedades/clasificado/vecltrin-excelente-lote-en-esquina-para-desarrollo-barracas-59777265.html,2026-10-04
Barracas,Paracas 333,775,290000,374,,,,zonaprop,https://www.zonaprop.com.ar/propiedades/clasificado/vecltrin-oportunidad:-terreno-industrial-en-venta-en-barracas-60179985.html,2026-10-04
Barracas,Av. Montes de Oca al 1100,1275,4200000,3294,8715,482,,zonaprop,https://www.zonaprop.com.ar/propiedades/clasificado/vecltrin-excepcional-lote-terreno-para-desarrolo-en-barracas-52426568.html,2026-10-04
Barracas,Pinzon al 1200 Barracas Caba,363,850000,2342,2500,340,,zonaprop,https://www.zonaprop.com.ar/propiedades/clasificado/vecltrin-deposito-en-venta-en-pinzon-al-1200-barracas-caba-54496640.html,2026-10-04
Barracas,Wenceslao Villafañe al 1100,187,450000,2406,,,,zonaprop,https://www.zonaprop.com.ar/propiedades/clasificado/vecltrin-venta-terreno-187-m-sup2--barracas-58414512.html,2026-10-04
Barracas,Herrera al 2400,199,110000,553,,,,zonaprop,https://www.zonaprop.com.ar/propiedades/clasificado/vecltrin-venta.-barracas.-lote.-56765999.html,2026-10-04
Barracas,California al 800,329,120000,365,,,,zonaprop,https://www.zonaprop.com.ar/propiedades/clasificado/vecltrin-terreno-venta-barracas-59153832.html,2026-10-04
Barracas,Salta  al 2200,187,150000,802,1720,87,usam,zonaprop,https://www.zonaprop.com.ar/propiedades/clasificado/vecltrin-oportunidad-unica-para-inversores-en-salta-2261:-lote-59064101.html,2026-10-04
Barracas,Santa Magdalena  al 400,284,138000,486,,,,zonaprop,https://www.zonaprop.com.ar/propiedades/clasificado/vecltrin-barracas-casa-lote-propio-5-amb-patios-59910429.html,2026-10-04
Barracas,Av. Montes de Oca y Suarez,330,1550000,4697,,,,zonaprop,https://www.zonaprop.com.ar/propiedades/clasificado/vecltrin-terreno-en-venta-en-pleno-centro-de-barracas-de-330-59018281.html,2026-10-04
Barracas,Terreno Barracas Caba,305,180000,590,840,214,,zonaprop,https://www.zonaprop.com.ar/propiedades/clasificado/vecltrin-terreno-en-venta-en-barracas-caba-53538919.html,2026-10-04
Barracas,Av. Regimiento de Patricios al 1600,413,225000,545,22.8,9868,,zonaprop,https://www.zonaprop.com.ar/propiedades/clasificado/vecltrin-venta-terreno-en-barracas-capital-federal.-59605272.html,2026-10-04
Barracas,California 1700,224,249000,1112,1973.2,126,,zonaprop,https://www.zonaprop.com.ar/propiedades/clasificado/vecltrin-lote-en-barracas-224-m-sup2--fot-3-altura-31-m-59859854.html,2026-10-04
Barracas,Terreno 18x11m Barracas - Osvaldo Cruz  2200,178,129000,725,,,,zonaprop,https://www.zonaprop.com.ar/propiedades/clasificado/vecltrin-terreno-lote-casa-esquina-con-local-y-10-habitaciones-56820893.html,2026-10-04
Barracas,Avenida Montes de Oca e/ Avenida General Tomás de Iriarte y General Hornos,900,1380000,1533,,,,zonaprop,https://www.zonaprop.com.ar/propiedades/clasificado/vecltrin-terreno-en-venta-900-m-sup2--barracas-59658624.html,2026-10-04
Barracas,Gualeguay al 1100,701,690000,984,2550,271,,zonaprop,https://www.zonaprop.com.ar/propiedades/clasificado/vecltrin-la-boca-terreno-701-m-sup2--triple-frente-60278096.html,2026-10-04
Barracas,Av. Montes de Oca  al 1700,507,1271000,2507,,,,zonaprop,https://www.zonaprop.com.ar/propiedades/clasificado/vecltrin-terreno-en-venta-en-barracas-59330674.html,2026-10-04
Barracas,Isabel la Católica 1300,1598,1750000,1095,,,pb + 7,zonaprop,https://www.zonaprop.com.ar/propiedades/clasificado/vecltrin-lote-de-34-9-por-47-7-en-barracas-60274146.html,2026-10-04
Barracas,C. Gaspar M. de Jovellanos e/ Olavarría y  General Gregorio Aráoz de Lamadrid,322,350000,1087,,,,zonaprop,https://www.zonaprop.com.ar/propiedades/clasificado/vecltrin-terreno-en-venta-322-m-sup2--barracas-59465724.html,2026-10-04
Barracas,Av. Regimiento De Patricios 471,1300,900000,692,,,,zonaprop,https://www.zonaprop.com.ar/propiedades/clasificado/vecltrin-terreno-ideal-inversor-18.55-x-35-zonificacion-c3i-57537816.html,2026-10-04
Barracas,Uspallata al 900,437,640000,1465,,,,zonaprop,https://www.zonaprop.com.ar/propiedades/clasificado/vecltrin-terreno-en-barracas-52622052.html,2026-10-04
Barracas,California 2200,225,145000,644,,,,zonaprop,https://www.zonaprop.com.ar/propiedades/clasificado/vecltrin-terreno-en-zona-comercial-a-una-cuadra-de-2-avs-55933682.html,2026-10-04
Barracas,Coronel Salvadores al 1300,370,250000,676,,,pb + 8,zonaprop,https://www.zonaprop.com.ar/propiedades/clasificado/vecltrin-venta-lote-ideal-industrial-o-comercial-toma-57873625.html,2026-10-04
Barracas,Jovellanos 1491,115,110000,957,,,,zonaprop,https://www.zonaprop.com.ar/propiedades/clasificado/vecltrin-terreno-en-venta-barracas-57537702.html,2026-10-04
Barracas,Coronel Salvadores 1400. Entre Gaspar De Jovellanos y Azara,155,169000,1090,,,,zonaprop,https://www.zonaprop.com.ar/propiedades/clasificado/vecltrin-lote.-coronel-salvadores-al-1400-52419464.html,2026-10-04
Barracas,Montes de oca al 1500,1600,2100000,1312,8000,262,,zonaprop,https://www.zonaprop.com.ar/propiedades/clasificado/vecltrin-espectacular-terreno-sobre-montes-de-oca-58475886.html,2026-10-04
Barracas,OLAVARRIA 2865,700,149500,214,1000,150,usam,zonaprop,https://www.zonaprop.com.ar/propiedades/clasificado/vecltrin-terreno-en-venta-barracas-59819643.html,2026-10-04
Barracas,"Salmun Feijoo, Jose Aaron  al 1000",426,250000,587,,,,zonaprop,https://www.zonaprop.com.ar/propiedades/clasificado/vecltrin-terreno-en-barracas-58386310.html,2026-10-04
Barracas,Uspallata al 900,300,690000,2300,1625,425,usam ,zonaprop,https://www.zonaprop.com.ar/propiedades/clasificado/vecltrin-terreno-lote-en-barracas-venta-59739023.html,2026-10-04
Barracas,Defensa al 1600,330,650000,1970,,,,zonaprop,https://www.zonaprop.com.ar/propiedades/clasificado/vecltrin-terreno-de-10-20-x-32-40-m.-frente-a-parque-lezama.-60053390.html,2026-10-04
Barracas,Doctor Enrique Finochietto al 1600,466,479000,1028,1200,399,pb + 5,zonaprop,https://www.zonaprop.com.ar/propiedades/clasificado/vecltrin-lote-en-venta-de-8-66-x-53-barracas-a-la-vuelta-57602730.html,2026-10-04
Barracas,Santa Maria del Buen Aire 600,112,72000,643,,,,zonaprop,https://www.zonaprop.com.ar/propiedades/clasificado/vecltrin-lote-de-8-30-x-9-30-53246330.html,2026-10-04
Barracas,Iriarte Al 2500,199,350000,1759,,,,zonaprop,https://www.zonaprop.com.ar/propiedades/clasificado/vecltrin-venta-terreno-899-m-barracas-50606472.html,2026-10-04
Barracas,California 1352,309,180000,583,17.2,10465,pb+5,zonaprop,https://www.zonaprop.com.ar/propiedades/clasificado/vecltrin-terreno-de-309.17-m-sup2--en-venta-en-barracas.-58918531.html,2026-10-04
Barracas,pasaje cayasta 3274,762,230000,302,,,,zonaprop,https://www.zonaprop.com.ar/propiedades/clasificado/vecltrin-pasaje-cayasta-3200-2-lotes-juntos-en-venta-de-8.66-56550384.html,2026-10-04
Barracas,Goncalves Dias al 400,760,870000,1145,,,,zonaprop,https://www.zonaprop.com.ar/propiedades/clasificado/vecltrin-oficina-barracas-60032915.html,2026-10-04
Barracas,Olavarría 2865,108,149000,1380,1000,149,usam,zonaprop,https://www.zonaprop.com.ar/propiedades/clasificado/vecltrin-venta-casa-con-lote-propio-en-barracas-60268588.html,2026-10-04
Barracas,Av. Regimiento de Patricios 1200,350,350000,1000,2000,175,usaa,zonaprop,https://www.zonaprop.com.ar/propiedades/clasificado/vecltrin-terreno-en-barracas-zona-molina-ciudad-usaa.-60266778.html,2026-10-04
Barracas,Olavarría 2865,108,149000,1380,1000,149,usam,zonaprop,https://www.zonaprop.com.ar/propiedades/clasificado/vecltrin-venta-casa-con-lote-propio-en-barracas-i-108-m-sup2-60045022.html,2026-10-04
Barracas,Montes de Oca 1744,312,760000,2436,,,,zonaprop,https://www.zonaprop.com.ar/propiedades/clasificado/vecltrin-terreno-en-esquina-lote-corredor-medio-barracas-59054010.html,2026-10-04
Barracas,Avenida General Tomás de Iriarte 3200,273,129000,473,,,,zonaprop,https://www.zonaprop.com.ar/propiedades/clasificado/vecltrin-venta-de-lote-con-4-departamentos!-60034993.html,2026-10-04
Barracas,Santa Magdalena 600,620,200000,323,,,usab1,zonaprop,https://www.zonaprop.com.ar/propiedades/clasificado/vecltrin-venta-lote-terreno-con-ph-ideal-inversor-barracas-60102828.html,2026-10-04
Barracas,"ALCORTA, AMANCIO, AV. 1968. Entre Velez sarsfield, av. y Luzuriaga",350,195000,557,,,,zonaprop,https://www.zonaprop.com.ar/propiedades/clasificado/vecltrin-lote.-alcorta-amancio-av-1968-52072824.html,2026-10-04
Barracas,Patricios 425,222,420000,1892,2044,205,usaa,zonaprop,https://www.zonaprop.com.ar/propiedades/clasificado/vecltrin-lote-sobre-av-patricios-y-arzobispo-espinosa-55027622.html,2026-10-04
Barracas,Alvarado 2400,200,125000,625,,,,zonaprop,https://www.zonaprop.com.ar/propiedades/clasificado/vecltrin-terreno-barracas-59531553.html,2026-10-04
Barracas,san Antonio al 400,272,150000,551,,,,zonaprop,https://www.zonaprop.com.ar/propiedades/clasificado/vecltrin-terreno-en-barracas-57907805.html,2026-10-04
Barracas,California 1300,309,180000,583,17.2,10465,,zonaprop,https://www.zonaprop.com.ar/propiedades/clasificado/vecltrin-terreno-california-al-1300-60007652.html,2026-10-04
Barracas,Río Cuarto 2200,230,110000,478,,,,zonaprop,https://www.zonaprop.com.ar/propiedades/clasificado/vecltrin-propiedad-sobre-lote-9-x-32.-ideal-deposito.-o-59052309.html,2026-10-04
Barracas,san Antonio al 400,272,150000,551,,,,zonaprop,https://www.zonaprop.com.ar/propiedades/clasificado/vecltrin-terreno-en-barracas-55702519.html,2026-10-04
Barracas,Avenida Almirante Brown 800,472,750000,1589,,,,zonaprop,https://www.zonaprop.com.ar/propiedades/clasificado/vecltrin-venta-lote-en-almirante-brown-al-800-caba-la-boca-60195252.html,2026-10-04
Barracas,Anchoris  al 300,800,120000,150,,,,zonaprop,https://www.zonaprop.com.ar/propiedades/clasificado/vecltrin-terreno-en-barracas-59233213.html,2026-10-04
Barracas,Brandsen 1364,240,305000,1271,1359,224,usab 2,zonaprop,https://www.zonaprop.com.ar/propiedades/clasificado/vecltrin-terreno-entre-medianeras-de-229-80-m-sup2-58225204.html,2026-10-04
Barracas,Vieytes,320,300000,938,,,,zonaprop,https://www.zonaprop.com.ar/propiedades/clasificado/vecltrin-excelente-edificio-en-block-vieytes-1603-un-local-54805659.html,2026-10-04
Barracas,Av. Regimiento de Patricios al 1600,1214,1280000,1054,6300,203,,zonaprop,https://www.zonaprop.com.ar/propiedades/clasificado/vecltrin-venta-terreno-en-barracas-capital-federal.-58990675.html,2026-10-04
Barracas,Uspallata 813,2000,1500000,750,,,,zonaprop,https://www.zonaprop.com.ar/propiedades/clasificado/vecltrin-terreno-en-venta-ubicado-en-barracas-58509146.html,2026-10-04
Barracas,Arzobispo Espinosa al 1100,133,240000,1805,,,,zonaprop,https://www.zonaprop.com.ar/propiedades/clasificado/vecltrin-terreno-en-barracas-venta-48734627.html,2026-10-04
Barracas,Vieytes 1200,343,235000,685,1537,153,usam,zonaprop,https://www.zonaprop.com.ar/propiedades/clasificado/vecltrin-venta-de-lote-en-barracas-caba.-oportunidad-60286708.html,2026-10-04
Barracas,Las Piedras al 1900,223,310000,1390,,,,zonaprop,https://www.zonaprop.com.ar/propiedades/clasificado/vecltrin-terreno-en-el-corazon-de-barracas-57694709.html,2026-10-04
Barracas,Isabel la Católica 400,315,555000,1762,,,,zonaprop,https://www.zonaprop.com.ar/propiedades/clasificado/vecltrin-venta-de-terreno-en-barracas-ideal-proyecto-59169158.html,2026-10-04
Barracas,Montes de Oca al 1700,915,1800000,1967,4200,429,pb + 9,zonaprop,https://www.zonaprop.com.ar/propiedades/clasificado/vecltrin-terreno-lote-915-m-sup2--en-planta-barracas-montes-de-59668350.html,2026-10-04
Barracas,montes de oca 1735,310,450000,1452,2600,173,,zonaprop,https://www.zonaprop.com.ar/propiedades/clasificado/vecltrin-lote-av-montes-de-oca-1735-47602774.html,2026-10-04
Barracas,Rocha 1379,211,99000,469,763,130,usab 2,zonaprop,https://www.zonaprop.com.ar/propiedades/clasificado/vecltrin-venta-terreno-barracas-8.7x23-58460474.html,2026-10-04
Barracas,Uspallata 900,1530,380000,248,,,,zonaprop,https://www.zonaprop.com.ar/propiedades/clasificado/vecltrin-lote-en-venta-oportunidad-de-desarrollo-en-barracas-57927892.html,2026-10-04
Barracas,Vélez Sarsfield al 400,267,225000,843,854,263,,zonaprop,https://www.zonaprop.com.ar/propiedades/clasificado/vecltrin-terreno-en-barracas-57927400.html,2026-10-04
Barracas,Isabel la Católica 1100,203,190000,936,,,,zonaprop,https://www.zonaprop.com.ar/propiedades/clasificado/vecltrin-venta-terreno-lote-barracas-60118926.html,2026-10-04
Barracas,Av. Montes De Oca  al 1800,882,1650000,1871,,,cm,zonaprop,https://www.zonaprop.com.ar/propiedades/clasificado/vecltrin-venta-de-terreno-lote-en-barracas-56793957.html,2026-10-04
Barracas,California 1700,224,295000,1317,,,,zonaprop,https://www.zonaprop.com.ar/propiedades/clasificado/vecltrin-lote-para-construir-49323629.html,2026-10-04
Barracas,Avenida Vélez Sarsfield 100,308,500000,1623,,,,zonaprop,https://www.zonaprop.com.ar/propiedades/clasificado/vecltrin-lote-en-venta-de-308-m-sup2--totales.-frente-de-11-09-59341750.html,2026-10-04
Barracas,Pasaje Rio Cuarto 2200,319,94000,295,,,usab 1,zonaprop,https://www.zonaprop.com.ar/propiedades/clasificado/vecltrin-venta-terreno-o-lote-de-9-5-x-33-30-m-sup2--en-60183105.html,2026-10-04
Barracas,Regimiento Patricios 700,257,1050000,4086,,,,zonaprop,https://www.zonaprop.com.ar/propiedades/clasificado/vecltrin-barracas-lote-venta-esquina-con-renta-58240738.html,2026-10-04
Barracas,Av. Suárez 2049,225,160000,711,408,392,pb + 2,zonaprop,https://www.zonaprop.com.ar/propiedades/clasificado/vecltrin-av-suarez-2049-60242335.html,2026-10-04
Barracas,Montes de Oca 1600,770,1500000,1948,4000,375,,zonaprop,https://www.zonaprop.com.ar/propiedades/clasificado/vecltrin-terreno-lote-en-venta-en-barracas-capital-federal-58515777.html,2026-10-04
Barracas,Rio Cuarto 2700. Entre Santa elena y Perdriel,701,220000,314,1040,212,usab 1,zonaprop,https://www.zonaprop.com.ar/propiedades/clasificado/vecltrin-lote.-rio-cuarto-al-2700-56357154.html,2026-10-04
Barracas,Regimiento Patricios 300,357,2400000,6723,3400,706,,zonaprop,https://www.zonaprop.com.ar/propiedades/clasificado/vecltrin-lote-barracas-regimiento-patricios-300-planos-44145030.html,2026-10-04
Barracas,Luzuriaga 200,324,179900,555,156.07,1153,usam ,zonaprop,https://www.zonaprop.com.ar/propiedades/clasificado/vecltrin-lote-325-m-sup2--casa-a-refaccionar-barracas-60243417.html,2026-10-04
Barracas,Paracas 200,379,105000,277,951.6,110,,zonaprop,https://www.zonaprop.com.ar/propiedades/clasificado/vecltrin-lote-en-venta-379-m-sup2--en-barracas-caba-60274149.html,2026-10-04
Barracas,Caseros 1402,223,450000,2018,,,usam,zonaprop,https://www.zonaprop.com.ar/propiedades/clasificado/vecltrin-excelente-terreno-esquina-usam.-1616-m-sup2-51075133.html,2026-10-04
Barracas,Montes de Oca 1600,770,1490000,1935,4000,372,,zonaprop,https://www.zonaprop.com.ar/propiedades/clasificado/vecltrin-terreno-lote-en-venta-en-barracas-capital-federal-60218401.html,2026-10-04
Barracas,Av Caseros,1171,2000000,1708,11500,174,,zonaprop,https://www.zonaprop.com.ar/propiedades/clasificado/vecltrin-lote-con-salida-a-3-calles.-limite-barracas-y-49271037.html,2026-10-04
Barracas,Coronel Salvadores 1600,162,350000,2160,,,,zonaprop,https://www.zonaprop.com.ar/propiedades/clasificado/vecltrin-lote-para-desarrollo-inmobiliario.-gran-esquina-50266872.html,2026-10-04
Barracas,Olavarria 2900,99,250000,2525,700,357,usam,zonaprop,https://www.zonaprop.com.ar/propiedades/clasificado/vecltrin-lote-barracas-olavarria-al-2900-muy-flexible-52310753.html,2026-10-04
Parque Patricios,Pichincha 1700,155,225000,1452,,,usaa,zonaprop,https://www.zonaprop.com.ar/propiedades/clasificado/vecltrin-terreno-lote-en-venta-en-parque-patricios-capital-60295977.html,2026-10-04
Parque Patricios,Catulo Castillo al 2600,935,800000,856,2930,273,usam,zonaprop,https://www.zonaprop.com.ar/propiedades/clasificado/vecltrin-venta-lote-de-935-28-m-en-parque-patricios-ideal-59918128.html,2026-10-04
Parque Patricios,Rodeau al 2800,912,780000,855,2777,281,usam ,zonaprop,https://www.zonaprop.com.ar/propiedades/clasificado/vecltrin-venta-terreno-de-3000-m-sup2--en-parque-patricios-60313356.html,2026-10-04
Parque Patricios,Famatina 3558,527,189000,359,1500,126,usam ,zonaprop,https://www.zonaprop.com.ar/propiedades/clasificado/vecltrin-lote-de-8.66-x-55-excelente-ubicacion-60186425.html,2026-10-04
Parque Patricios,Av Jujuy al 2100,80,260000,3250,,,,zonaprop,https://www.zonaprop.com.ar/propiedades/clasificado/vecltrin-terreno-en-venta-80-m-sup2--sobre-av-jujuy-en-parque-59114901.html,2026-10-04
Parque Patricios,Inclan al 3000,492,450000,915,,,,zonaprop,https://www.zonaprop.com.ar/propiedades/clasificado/vecltrin-terreno-con-planos-aprobados-para-1700-m-vendibles-a-56005967.html,2026-10-04
Parque Patricios,Atuel al 500,403,150000,372,,,pb + 2,zonaprop,https://www.zonaprop.com.ar/propiedades/clasificado/vecltrin-terreno-en-venta-en-parque-patricios-en-excelente-60058057.html,2026-10-04
Parque Patricios,Avenida Juan de Garay 2400,299,499000,1669,1927,259,,zonaprop,https://www.zonaprop.com.ar/propiedades/clasificado/vecltrin-proyecto-aprobado-obra-comenzada-1927-m-vendibles-60192332.html,2026-10-04
Parque Patricios,Patagones 2900,1190,2000000,1681,,,,zonaprop,https://www.zonaprop.com.ar/propiedades/clasificado/vecltrin-terreno-lote-en-venta-en-parque-patricios-capital-59617016.html,2026-10-04
Parque Patricios,Avenida Caseros 2542,408,520000,1275,2000,260,,zonaprop,https://www.zonaprop.com.ar/propiedades/clasificado/vecltrin-excelente-lote-en-venta-pb-10-pisos-2-retiros-59574318.html,2026-10-04
Parque Patricios,Arriola 77,254,325000,1280,1927,169,pb + 7,zonaprop,https://www.zonaprop.com.ar/propiedades/clasificado/vecltrin-venta-lote-en-parque-patricios-zonificacion-usaa-58795415.html,2026-10-04
Parque Patricios,Matheu al 1700,324,150000,463,1753,86,,zonaprop,https://www.zonaprop.com.ar/propiedades/clasificado/vecltrin-venta-terreno-parque-patricios-59746469.html,2026-10-04
Parque Patricios,Avenida Almafuerte 200,1333,2200000,1650,12000,183,,zonaprop,https://www.zonaprop.com.ar/propiedades/clasificado/vecltrin-lote-parque-patricios-u.-s.-a.-a.-planos-aprobados-60164799.html,2026-10-04
Parque Patricios,Iguazú al 600,251,149000,594,,,usam,zonaprop,https://www.zonaprop.com.ar/propiedades/clasificado/vecltrin-venta-terreno-en-parque-patricios-59160369.html,2026-10-04
Parque Patricios,Avenida Entre Rios  al 1900,284,700000,2465,284,2465,,zonaprop,https://www.zonaprop.com.ar/propiedades/clasificado/vecltrin-terreno-en-parque-patricios-60282630.html,2026-10-04
Parque Patricios,Finocchietto 2000,191,129000,675,,,,zonaprop,https://www.zonaprop.com.ar/propiedades/clasificado/vecltrin-venta-lote-parque-patricios-oportunidad-54314720.html,2026-10-04
Parque Patricios,Avenida Juan de Garay,883,740000,838,4810,154,pb + 7,zonaprop,https://www.zonaprop.com.ar/propiedades/clasificado/vecltrin-venta-parque-patricios-doble-lote-usaa-av-juan-60241521.html,2026-10-04
Parque Patricios,Monteagudo 845,290,99000,341,1400,71,usam ,zonaprop,https://www.zonaprop.com.ar/propiedades/clasificado/vecltrin-lote-de-excelentes-dimensiones-en-parque-patricios-56475283.html,2026-10-04
Parque Patricios,Av. Jujuy al 1700,760,290000,382,760,382,,zonaprop,https://www.zonaprop.com.ar/propiedades/clasificado/vecltrin-excelente-lote-ubicado-sobre-av-jujuy-al-1700.-59547445.html,2026-10-04
Parque Patricios,"INCLAN 2832. Entre Luca, Esteban De y Dean Funes",1180,325000,275,1227,265,usab 2,zonaprop,https://www.zonaprop.com.ar/propiedades/clasificado/vecltrin-oportunidad!-1180-m-sup2--vendibles-u$s296-de-49744808.html,2026-10-04
Parque Patricios,Patagones 2700,108,120000,1111,1015,118,,zonaprop,https://www.zonaprop.com.ar/propiedades/clasificado/vecltrin-excelente-lote!-oportunidad-en-pque-patricios-60181778.html,2026-10-04
Parque Patricios,Maza al 1800,217,165000,760,860,192,usab2,zonaprop,https://www.zonaprop.com.ar/propiedades/clasificado/vecltrin-venta-terreno-usab2-en-boedo-790-m-sup2--vendibles-5-59619415.html,2026-10-04
Parque Patricios,Esteban DE Luca  al 1800,346,200000,578,,,usab 2,zonaprop,https://www.zonaprop.com.ar/propiedades/clasificado/vecltrin-terreno-en-parque-patricios-con-posibilidad-de-tomar-60298358.html,2026-10-04
Parque Patricios,Jujuy Av. al 1700,703,800000,1138,,,,zonaprop,https://www.zonaprop.com.ar/propiedades/clasificado/vecltrin-jujuy-av-1738-58227922.html,2026-10-04
Parque Patricios,Entre Rios al 2000,221,380000,1719,1700,224,,zonaprop,https://www.zonaprop.com.ar/propiedades/clasificado/vecltrin-venta-terreno-en-parque-patricios-59557050.html,2026-10-04
Parque Patricios,Alberti 1800,1275,980000,769,4582,214,usab 2,zonaprop,https://www.zonaprop.com.ar/propiedades/clasificado/vecltrin-terreno-en-venta-en-parque-patricios-caba-58604424.html,2026-10-04
Parque Patricios,Patagones al 2900,142,230000,1620,990,232,usaa ,zonaprop,https://www.zonaprop.com.ar/propiedades/clasificado/vecltrin-venta-terreno-en-parque-patricios-59212377.html,2026-10-04
Parque Patricios,Avenida Sáenz 702,500,949900,1900,,,,zonaprop,https://www.zonaprop.com.ar/propiedades/clasificado/vecltrin-oportunidad-lote-de-terrero-canje-100-x-m-sup2--av-59771778.html,2026-10-04
Parque Patricios,Avenida Juan de Garay 2658,531,490000,923,,,usaa,zonaprop,https://www.zonaprop.com.ar/propiedades/clasificado/vecltrin-venta-parque-patricios-terreno-juan-de-garay-60318534.html,2026-10-04
Parque Patricios,Av. Caseros 2800. Entre Dean Funes y Esteban De Luca,202,690000,3416,,,,zonaprop,https://www.zonaprop.com.ar/propiedades/clasificado/vecltrin-excelente!-apto-1597-m-sup2--vendibles-planos-46959090.html,2026-10-04
Parque Patricios,Luna 296,96,95000,990,96.013,989,,zonaprop,https://www.zonaprop.com.ar/propiedades/clasificado/vecltrin-lote-en-esquina-ideal-para-emprendimiento-tanto-de-57485691.html,2026-10-04
Parque Patricios,Pichincha 2181. Entre Av Caceros y Rondeau,202,265000,1312,1552,171,usaa,zonaprop,https://www.zonaprop.com.ar/propiedades/clasificado/vecltrin-lote.-pichincha-al-2100-60174258.html,2026-10-04
Parque Patricios,AV Colonia al 300,233,320000,1373,233,1373,,zonaprop,https://www.zonaprop.com.ar/propiedades/clasificado/vecltrin-terreno-en-venta-parque-patricios-59612887.html,2026-10-04
Parque Patricios,AV Brasil al 2700,143,138000,965,,,usam,zonaprop,https://www.zonaprop.com.ar/propiedades/clasificado/vecltrin-venta-terreno-en-parque-patricios-frente-9.16-59212366.html,2026-10-04
Parque Patricios,Alberti 1800,1275,980000,769,4582,214,usab 2,zonaprop,https://www.zonaprop.com.ar/propiedades/clasificado/vecltrin-terreno-lote-en-venta-en-caba-buenos-aires-argentina-58604400.html,2026-10-04
Parque Patricios,Pichincha 2100,202,400000,1980,,,,zonaprop,https://www.zonaprop.com.ar/propiedades/clasificado/vecltrin-terreno-en-venta-en-parque-patricios-pichincha-al-57419800.html,2026-10-04
Parque Patricios,Alberti  1959,326,369000,1132,,,pb +5,zonaprop,https://www.zonaprop.com.ar/propiedades/clasificado/vecltrin-lote-de-8-71-x-37-63-usam-pb-5-pisos-2-retiros-59655486.html,2026-10-04
Parque Patricios,Av Velez Sardfield 41,400,600000,1500,875,686,,zonaprop,https://www.zonaprop.com.ar/propiedades/clasificado/vecltrin-amplio-terreno-s-av-v.-sarfield-a-m-de-av-caseros-60250548.html,2026-10-04
Parque Patricios,DEAN FUNES 1828,520,250000,481,1180,212,,zonaprop,https://www.zonaprop.com.ar/propiedades/clasificado/vecltrin-terreno-de-520-m-sup2--con-8-7-m-de-frente-y-59-7-m-de-58787903.html,2026-10-04
Parque Patricios,Av Caseros al 2000,790,1500000,1899,882,1701,usaa,zonaprop,https://www.zonaprop.com.ar/propiedades/clasificado/vecltrin-unico-terreno-en-venta-s-av-caseros-a-m-de-av-entre-60250566.html,2026-10-04
Parque Patricios,Sanchez de Loria al 2100,592,750000,1267,,,,zonaprop,https://www.zonaprop.com.ar/propiedades/clasificado/vecltrin-excelente-terreno-en-parque-patricios-distrito-60271625.html,2026-10-04
Parque Patricios,Catamarca al 1900,382,360000,942,1545,233,,zonaprop,https://www.zonaprop.com.ar/propiedades/clasificado/vecltrin-terreno-en-venta-en-parque-patricios-60188740.html,2026-10-04
Parque Patricios,PICHINCHA 1763. Entre Brasil y Inclan,155,225000,1452,1150,196,usaa,zonaprop,https://www.zonaprop.com.ar/propiedades/clasificado/vecltrin-excelente-lote-usaa-en-parque-patricios-57563400.html,2026-10-04
Parque Patricios,Cachi 300,621,450000,725,3337,135,usam,zonaprop,https://www.zonaprop.com.ar/propiedades/clasificado/vecltrin-excelente-lote-en-venta-52391771.html,2026-10-04
Parque Patricios,Rondeau al 2600,195,300000,1538,,,usam,zonaprop,https://www.zonaprop.com.ar/propiedades/clasificado/vecltrin-venta-de-terreno-1000-m-sup2--vendibles-parque-59298253.html,2026-10-04
Parque Patricios,Brasil 2500,227,300000,1322,,,usam,zonaprop,https://www.zonaprop.com.ar/propiedades/clasificado/vecltrin-venta-terreno-en-parque-patricios-polo-tecnologico-60117490.html,2026-10-04
Parque Patricios,Lavarden al 200,1380,1500000,1087,,,usam,zonaprop,https://www.zonaprop.com.ar/propiedades/clasificado/vecltrin-venta-de-terreno-parque-patricios-59158367.html,2026-10-04
Parque Patricios,Thorne 1200,721,1320000,1831,4100,322,,zonaprop,https://www.zonaprop.com.ar/propiedades/clasificado/vecltrin-thorne-1280-720-m-de-lote-para-desarrollo-60181774.html,2026-10-04
Parque Patricios,"Garay, Juan DE AV. 2650 /  2658",886,740000,835,,,usaa,zonaprop,https://www.zonaprop.com.ar/propiedades/clasificado/vecltrin-excelente-terreno-en-parque-patricios-lideres-en-59774498.html,2026-10-04
Parque Patricios,Quilmes  al 300,1500,2800000,1867,7820,358,,zonaprop,https://www.zonaprop.com.ar/propiedades/clasificado/vecltrin-lote-7.820-m-con-planos-aprobados-venta-57400668.html,2026-10-04
Parque Patricios,Iguazú 200,153,317800,2077,654,486,,zonaprop,https://www.zonaprop.com.ar/propiedades/clasificado/vecltrin-lote-en-venta-en-p-patricios-654-m-vendibles-60200378.html,2026-10-04
Parque Patricios,Famatina  al 3300,296,150000,507,,,usam,zonaprop,https://www.zonaprop.com.ar/propiedades/clasificado/vecltrin-excelente-terreno-en-parque-patricios-lideres-en-59964581.html,2026-10-04
Parque Patricios,Combate de los Pozos 2100,103,149000,1447,31.2,4776,Pb + 10,zonaprop,https://www.zonaprop.com.ar/propiedades/clasificado/vecltrin-venta-lote-en-parque-patricios-60061242.html,2026-10-04
Parque Patricios,Inclan  al 3200,198,200000,1010,744,269,,zonaprop,https://www.zonaprop.com.ar/propiedades/clasificado/vecltrin-terreno-para-construir-60057314.html,2026-10-04
Parque Patricios,Av Sanchez de Loria  al 2000,423,399000,943,1600,249,usam,zonaprop,https://www.zonaprop.com.ar/propiedades/clasificado/vecltrin-terreno-a-la-venta-parque-patricios-59261964.html,2026-10-04
Parque Patricios,Los Patos 2681,336,290000,863,1673,173,pb + 5,zonaprop,https://www.zonaprop.com.ar/propiedades/clasificado/vecltrin-terreno-en-venta-en-parque-patricios-60320542.html,2026-10-04
Parque Patricios,Av. Caseros al 2592,265,1800000,6792,,,cm,zonaprop,https://www.zonaprop.com.ar/propiedades/clasificado/vecltrin-terreno-en-venta-esquina-parque-patricios-59738036.html,2026-10-04
Parque Patricios,Chiclana 3100,228,650000,2851,,,usaa ,zonaprop,https://www.zonaprop.com.ar/propiedades/clasificado/vecltrin-venta-de-terreno-en-parque-patricios-gran-oportunidad-58961307.html,2026-10-04
Parque Patricios,AV. Brasil al 3000,147,198000,1347,,,usam,zonaprop,https://www.zonaprop.com.ar/propiedades/clasificado/vecltrin-excelente-terreno-en-parque-patricios-lideres-en-59964477.html,2026-10-04
Parque Patricios,"CASACUBERTA 3100. Entre 24 de noviembre y Urquiza, gral.",111,190000,1712,,,,zonaprop,https://www.zonaprop.com.ar/propiedades/clasificado/vecltrin-venta-de-lote-en-el-parque-patricios-capital-federal-58390268.html,2026-10-04
Parque Patricios,Chiclana Av. al 3200,550,1050000,1909,,,pb + 7,zonaprop,https://www.zonaprop.com.ar/propiedades/clasificado/vecltrin-terreno-en-venta-en-parque-patricios-56164768.html,2026-10-04
Parque Patricios,Av. Chiclana  al 3400,375,490000,1307,1455,337,usaa ,zonaprop,https://www.zonaprop.com.ar/propiedades/clasificado/vecltrin-terreno-en-boedo-59299881.html,2026-10-04
Parque Patricios,Av. Colonia al 200,338,840000,2485,6030,139,pb + 10,zonaprop,https://www.zonaprop.com.ar/propiedades/clasificado/vecltrin-terreno-lote-en-venta-doble-frente-parque-59493969.html,2026-10-04
Parque Patricios,Monteagudo 376,250,140000,560,1912,73,,zonaprop,https://www.zonaprop.com.ar/propiedades/clasificado/vecltrin-lote-en-venta-parque-patricios-m.-1912.-60241579.html,2026-10-04
Parque Patricios,AV Brasil al 2800,342,330000,965,,,pb + 4,zonaprop,https://www.zonaprop.com.ar/propiedades/clasificado/vecltrin-lote-en-venta-en-parque-patricios.-distrito-58288724.html,2026-10-04
Parque Patricios,Av. Saenz  al 100,890,1125000,1264,7500,150,usaa,zonaprop,https://www.zonaprop.com.ar/propiedades/clasificado/vecltrin-venta-terreno-nueva-pompeya-57023283.html,2026-10-04
Parque Patricios,Av. Entre Ríos al 1700,281,299000,1064,880,340,pb + 5,zonaprop,https://www.zonaprop.com.ar/propiedades/clasificado/vecltrin-parque-patricios-terreno-en-venta-excelente-59672256.html,2026-10-04
Parque Patricios,Salcedo 3100 Parque Patricios,160,200000,1250,1041,192,pb + 7,zonaprop,https://www.zonaprop.com.ar/propiedades/clasificado/vecltrin-oportunidad!-lote-en-venta-en-parque-55274138.html,2026-10-04
Parque Patricios,General Urquiza 2000,170,500000,2941,,,usaa,zonaprop,https://www.zonaprop.com.ar/propiedades/clasificado/vecltrin-lote-con-edificio-potencial-de-desarrollo-parque-60161657.html,2026-10-04
Parque Patricios,Atuel al 300,1354,1300000,960,5800,224,,zonaprop,https://www.zonaprop.com.ar/propiedades/clasificado/vecltrin-venta-de-terreno-en-esquina-1352-m-sup2--parque-59104429.html,2026-10-04
Parque Patricios,Avenida Entre Ríos 2000,186,300000,1613,1519,197,,zonaprop,https://www.zonaprop.com.ar/propiedades/clasificado/vecltrin-terreno-1519-m-sup2--venta-en-parque-patricios-60262549.html,2026-10-04
Parque Patricios,Inclán 2340,455,190000,418,,,,zonaprop,https://www.zonaprop.com.ar/propiedades/clasificado/vecltrin-venta-lote-oportunidad-para-inversores-zona-60091965.html,2026-10-04
Parque Patricios,Distrito Tecnológico,450,799000,1776,,,,zonaprop,https://www.zonaprop.com.ar/propiedades/clasificado/vecltrin-excelente-lote-en-polo-tecnologico-parque-patricios-56433631.html,2026-10-04
Parque Patricios,Avenida Chiclana 3200,550,875000,1591,,,,zonaprop,https://www.zonaprop.com.ar/propiedades/clasificado/vecltrin-oportunidad-de-inversion-lote-de-550-m-sup2--en-58874484.html,2026-10-04
Parque Patricios,Esteban de Luca 1600. Entre Av. Juan De Garay y Inclan,343,249000,726,,,pb + 5,zonaprop,https://www.zonaprop.com.ar/propiedades/clasificado/vecltrin-lote.-esteban-de-luca-1659-56746232.html,2026-10-04
Parque Patricios,Jujuy al 1800,630,1990000,3159,,,,zonaprop,https://www.zonaprop.com.ar/propiedades/clasificado/vecltrin-lote-doble-frente-en-venta-parque-patricios-ideal-60159879.html,2026-10-04
Parque Patricios,Av Colonia  al 400,230,150000,652,,,,zonaprop,https://www.zonaprop.com.ar/propiedades/clasificado/vecltrin-terreno-en-venta-58906659.html,2026-10-04
Parque Patricios,LA Rioja  al 1800,1358,2900000,2135,5.3,547170,,zonaprop,https://www.zonaprop.com.ar/propiedades/clasificado/vecltrin-terreno-en-venta-en-parque-patricios-52625174.html,2026-10-04
Parque Patricios,Patagones 2893,145,230000,1586,22.8,10088,usaa,zonaprop,https://www.zonaprop.com.ar/propiedades/clasificado/vecltrin-lote-y-proyecto-aprobado-58227672.html,2026-10-04
Parque Patricios,Av. Chiclana al 3900,514,1500000,2918,,,,zonaprop,https://www.zonaprop.com.ar/propiedades/clasificado/vecltrin-terreno-en-av-chiclana-terreno-y-av-caseros-en-parque-52721531.html,2026-10-04
Parque Patricios,Pirovano 100,1103,750000,680,,,usaa 1,zonaprop,https://www.zonaprop.com.ar/propiedades/clasificado/vecltrin-terreno-casa-4-lotes-quincho-pileta-galeri-cochera-60091458.html,2026-10-04
Parque Patricios,CORONEL PAGOLA 4100,531,150000,282,,,,zonaprop,https://www.zonaprop.com.ar/propiedades/clasificado/vecltrin-terreno-o-lote-en-la-calle-coronel-pagola-al-4100-52810366.html,2026-10-04
Parque Patricios,Uspallata 4000,185,249000,1346,,,,zonaprop,https://www.zonaprop.com.ar/propiedades/clasificado/vecltrin-terreno-en-venta-185-m-sup2--pb-5-pisos-2-60083104.html,2026-10-04
Parque Patricios,Av Entre Ríos  2091,696,1200000,1724,,,,zonaprop,https://www.zonaprop.com.ar/propiedades/clasificado/vecltrin-se-vende-terreno-en-av-entre-rios-2091-47291265.html,2026-10-04
Parque Patricios,Iguazu 600,252,100000,397,,,usam,zonaprop,https://www.zonaprop.com.ar/propiedades/clasificado/vecltrin-venta-terreno-en-parque-patricios.-dueno-directo-55952074.html,2026-10-04
Parque Patricios,Salcedo,337,450000,1335,1657,272,usam ,zonaprop,https://www.zonaprop.com.ar/propiedades/clasificado/vecltrin-venta-terreno-parque-patricios-59240241.html,2026-10-04
Parque Patricios,Av Almafuerte al 200,564,2200000,3901,,,,zonaprop,https://www.zonaprop.com.ar/propiedades/clasificado/vecltrin-terreno-en-venta-en-esquina-de-parque-patricios.-58818280.html,2026-10-04
Parque Patricios,Catamarca 2000,205,230000,1122,120,1917,usam ,zonaprop,https://www.zonaprop.com.ar/propiedades/clasificado/vecltrin-venta-lote-usam-c-prefactibilidad-parque-patricios-60201393.html,2026-10-04
Parque Patricios,Iguazu 749,475,199000,419,1925,103,,zonaprop,https://www.zonaprop.com.ar/propiedades/clasificado/vecltrin-terreno-en-parque-patricios-58100690.html,2026-10-04
Parque Patricios,Quilmes 300,1505,3000000,1993,8832.99,340,,zonaprop,https://www.zonaprop.com.ar/propiedades/clasificado/vecltrin-oportunidad-unica-para-inversores-en-cabaterreno-57533090.html,2026-10-04
Parque Patricios,Av Juan de Garay 2800,1877,2300000,1225,,,,zonaprop,https://www.zonaprop.com.ar/propiedades/clasificado/vecltrin-lote-deposito-caba-en-venta-56718631.html,2026-10-04
Parque Patricios,Grito de Asencio 3205,153,150000,980,,,,zonaprop,https://www.zonaprop.com.ar/propiedades/clasificado/vecltrin-lote-en-esquina-ideal-construccion-55585336.html,2026-10-04
Parque Patricios,Avenida Almafuerte 200,1333,2200000,1650,12000,183,,zonaprop,https://www.zonaprop.com.ar/propiedades/clasificado/vecltrin-terreno-con-proyecto-aprobado-se-toman-m-sup2-60081096.html,2026-10-04
Parque Patricios,Zavaleta 219,291,365000,1254,,,,zonaprop,https://www.zonaprop.com.ar/propiedades/clasificado/vecltrin-venta-terreno-oficinas-en-polo-tecnologico-y-58207699.html,2026-10-04
Parque Patricios,Catulo Castillo 2400,317,150000,473,,,usab 2,zonaprop,https://www.zonaprop.com.ar/propiedades/clasificado/vecltrin-lote-en-venta-parque-patricios-60198117.html,2026-10-04
Parque Patricios,Inclan  al 3000,498,500000,1004,350,1429,,zonaprop,https://www.zonaprop.com.ar/propiedades/clasificado/vecltrin-terreno-en-parque-patricios-1.700-m-sup2--vendibles-59836424.html,2026-10-04
Parque Patricios,Chutro 3241,382,220000,576,,,,zonaprop,https://www.zonaprop.com.ar/propiedades/clasificado/vecltrin-terreno-lote-en-venta-de-382-m-sup2--ubicado-en-58310424.html,2026-10-04
Parque Patricios,Av Almafuerte al 200,564,2200000,3901,,,,zonaprop,https://www.zonaprop.com.ar/propiedades/clasificado/vecltrin-terreno-en-venta-en-esquina-de-parque-patricios.-58818277.html,2026-10-04
Parque Patricios,Pepirí 723,309,165000,534,,,,zonaprop,https://www.zonaprop.com.ar/propiedades/clasificado/vecltrin-lote-para-construir-zona-en-crecimiento-pepiri-al-58902084.html,2026-10-04
Parque Patricios,Doctor Enrique Finochietto 2000,189,139000,735,179,777,,zonaprop,https://www.zonaprop.com.ar/propiedades/clasificado/vecltrin-venta-lote-parque-patricios.-60109962.html,2026-10-04
Parque Patricios,Rondeau 2484,220,300000,1364,,,,zonaprop,https://www.zonaprop.com.ar/propiedades/clasificado/vecltrin-casa-en-terreno-propio-ideal-construccion-en-alto-56707979.html,2026-10-04
Parque Patricios,Av Entre Rios 2157,234,680000,2906,147.17,4621,,zonaprop,https://www.zonaprop.com.ar/propiedades/clasificado/vecltrin-lote-en-venta-1.592-m-sup2--vendibles-av-entre-59542990.html,2026-10-04
Parque Patricios,Avenida Chiclana 3100,353,650000,1841,,,usam ,zonaprop,https://www.zonaprop.com.ar/propiedades/clasificado/vecltrin-venta-lote-terreno-en-parque-patricios-60059976.html,2026-10-04
Parque Patricios,Teniente Coronel Gregorio Pomar 3600,300,560000,1867,,,,zonaprop,https://www.zonaprop.com.ar/propiedades/clasificado/vecltrin-teniente-coronel-gregorio-pomar-3600-parque-33520907.html,2026-10-04
Parque Patricios,Avenida Almafuerte 200,1333,2200000,1650,12000,183,,zonaprop,https://www.zonaprop.com.ar/propiedades/clasificado/vecltrin-lote-parque-patricios-u.-s.-a.-a.-planos-aprobados-60162545.html,2026-10-04
Parque Patricios,Sánchez de Loria 2300,337,450000,1335,1739.34,259,pb + 5,zonaprop,https://www.zonaprop.com.ar/propiedades/clasificado/vecltrin-venta-lote-en-parque-patricios-60059986.html,2026-10-04
Parque Patricios,CÁTULO CASTILLO 2400,476,285000,599,,,,zonaprop,https://www.zonaprop.com.ar/propiedades/clasificado/vecltrin-catulo-castillo-2400-58874451.html,2026-10-04
Parque Patricios,Los Patos 2700,200,625000,3125,,,,zonaprop,https://www.zonaprop.com.ar/propiedades/clasificado/vecltrin-venta-terreno-parque-patricios-59799439.html,2026-10-04
Parque Patricios,24 de Noviembre 1700,203,122000,601,17.2,7093,usam,zonaprop,https://www.zonaprop.com.ar/propiedades/clasificado/vecltrin-venta-lote-8-60x23-parque-patricios-60143660.html,2026-10-04
Parque Patricios,Pasaje Casacuberta 3100,152,115000,757,3.2,35938,,zonaprop,https://www.zonaprop.com.ar/propiedades/clasificado/vecltrin-terreno-en-parque-patricios-con-prefactibildad-60136015.html,2026-10-04
Parque Patricios,Rondeau 2963 entre La Rioja y Dean Funes,647,1050000,1623,2792,376,pb + 4 + 2,zonaprop,https://www.zonaprop.com.ar/propiedades/clasificado/vecltrin-se-vende-terreno-en-parque-patricios-45033713.html,2026-10-04
Parque Patricios,Doctor Enrique Finochietto 2000,280,450000,1607,,,usam,zonaprop,https://www.zonaprop.com.ar/propiedades/clasificado/vecltrin-importante-terreno-en-la-calle-finochietto-al-2000-60151436.html,2026-10-04
Parque Patricios,Avenida Caseros 3744,287,390000,1359,,,,zonaprop,https://www.zonaprop.com.ar/propiedades/clasificado/vecltrin-lote-8.66-x-33.-superficie-edificable-2.700-m-sup2-46690645.html,2026-10-04
Parque Patricios,Pichincha 2100,202,400000,1980,,,,zonaprop,https://www.zonaprop.com.ar/propiedades/clasificado/vecltrin-terreno-en-venta-en-parque-patricios-pichincha-al-56989937.html,2026-10-04
Parque Patricios,Inclan 2900,489,499990,1022,,,,zonaprop,https://www.zonaprop.com.ar/propiedades/clasificado/vecltrin-lote-distrito-tecnologico-inclan-2900-planos-55002287.html,2026-10-04
Parque Patricios,Teniente Coronel Gregorio Pomar 3600,360,395000,1097,1359,291,,zonaprop,https://www.zonaprop.com.ar/propiedades/clasificado/vecltrin-venta-lote-en-parque-patricios-360-m-sup2--excelente-54293357.html,2026-10-04
Parque Patricios,15 de Noviembre de 1889 1500,208,135000,649,,,usam ,zonaprop,https://www.zonaprop.com.ar/propiedades/clasificado/vecltrin-lote-en-venta-48166646.html,2026-10-04
Parque Patricios,Los Patos al 2700,498,190000,382,1850,103,,zonaprop,https://www.zonaprop.com.ar/propiedades/clasificado/vecltrin-terreno-en-venta-parque-patricios-1.500-m-sup2--sup.-59237534.html,2026-10-04
Parque Patricios,Sánchez de Loria,722,600000,831,1739.34,345,pb + 5,zonaprop,https://www.zonaprop.com.ar/propiedades/clasificado/vecltrin-venta-lote.-distrito-tecnologico.-56938826.html,2026-10-04
Parque Patricios,Luna 300,830,450000,542,,,,zonaprop,https://www.zonaprop.com.ar/propiedades/clasificado/vecltrin-terreno-lote-en-venta-ubicado-en-ciudad-autonoma-de-50174689.html,2026-10-04
Parque Patricios,Uspallata  al 3500,1335,2200000,1648,12129,181,,zonaprop,https://www.zonaprop.com.ar/propiedades/clasificado/vecltrin-lote-esquina-1335-m-sup2--9500-m-sup2--vendibles-59657206.html,2026-10-04
Parque Patricios,LOS Patos 2759,498,250000,502,,,usam ,zonaprop,https://www.zonaprop.com.ar/propiedades/clasificado/vecltrin-terreno-en-el-distrito-tecnologico-los-patos-2759-59617384.html,2026-10-04
Parque Patricios,Dean Funes 2000,430,350000,814,1212,289,usam,zonaprop,https://www.zonaprop.com.ar/propiedades/clasificado/vecltrin-terreno-en-parque-patricios-58931649.html,2026-10-04
Parque Patricios,Castro al 2200,355,219000,617,1440,152,,zonaprop,https://www.zonaprop.com.ar/propiedades/clasificado/vecltrin-terreno-parque-patricios-56446225.html,2026-10-04
Parque Patricios,Pedro Chutro 2600. Entre Av. colonia y Luna,325,260000,800,1425,182,usam ,zonaprop,https://www.zonaprop.com.ar/propiedades/clasificado/vecltrin-venta-terreno-1425-m-sup2--vendibles-8-cocheras-52245046.html,2026-10-04
Parque Patricios,Avenida Entre Ríos 1700,500,300000,600,,,,zonaprop,https://www.zonaprop.com.ar/propiedades/clasificado/vecltrin-lote-venta-2400-m-sup2--construibles-60135173.html,2026-10-04
Parque Patricios,Luna 0,182,185000,1016,1068,173,usaa,zonaprop,https://www.zonaprop.com.ar/propiedades/clasificado/vecltrin-venta-lote-en-parque-patricios-1068-m-sup2-60136200.html,2026-10-04
Parque Patricios,Entre ríos y rondeau,687,1500000,2183,,,,zonaprop,https://www.zonaprop.com.ar/propiedades/clasificado/vecltrin-venta-terreno-ubicado-en-entre-rios-y-rondeau-53883706.html,2026-10-04
Parque Patricios,Av Caseros al 2800,202,680000,3366,,,,zonaprop,https://www.zonaprop.com.ar/propiedades/clasificado/vecltrin-terreno-en-venta-parque-patricios-7-50-x-26.93-59469131.html,2026-10-04
Parque Patricios,Dirección no informada,380,245000,645,,,,zonaprop,https://www.zonaprop.com.ar/propiedades/clasificado/vecltrin-venta-de-lote!-con-planos-aprobados-59134921.html,2026-10-04
Parque Patricios,"DOCTOR ENRIQUE FINOCHIETTO 2000. Entre Juan Carlos Gomez y Velez Sarsfield, Av.",194,139000,716,194,716,pb + 4,zonaprop,https://www.zonaprop.com.ar/propiedades/clasificado/vecltrin-dr-e.-finochieto-2000-pque-patricios-lote-usam-47377468.html,2026-10-04
Parque Patricios,FELIX DE ALZAGA 2200,380,240000,632,,,,zonaprop,https://www.zonaprop.com.ar/propiedades/clasificado/vecltrin-terreno-en-venta-en-parque-patricios-capital-federal-47927566.html,2026-10-04
Parque Patricios,Dirección no informada,380,240000,632,,,,zonaprop,https://www.zonaprop.com.ar/propiedades/clasificado/vecltrin-venta-de-lote!-con-planos-aprobados-57518383.html,2026-10-04
Parque Patricios,Dirección no informada,380,240000,632,,,,zonaprop,https://www.zonaprop.com.ar/propiedades/clasificado/vecltrin-venta-de-lote!-con-planos-aprobados-58522952.html,2026-10-04
Parque Patricios,15 DE NOVIEMBRE DE 1889 2400,346,450000,1301,,,,zonaprop,https://www.zonaprop.com.ar/propiedades/clasificado/vecltrin-terreno-en-venta-en-parque-patricios-50637685.html,2026-10-04
Parque Patricios,Av. Chiclana 3900,514,1500000,2918,,,,zonaprop,https://www.zonaprop.com.ar/propiedades/clasificado/vecltrin-terreno-lote-en-venta-ubicado-en-parque-patricios-53877068.html,2026-10-04
Parque Patricios,Dirección no informada,380,240000,632,,,,zonaprop,https://www.zonaprop.com.ar/propiedades/clasificado/vecltrin-venta-de-lote!-con-planos-aprobados-58398057.html,2026-10-04
Parque Patricios,Monteagudo 800,290,99900,344,,,usam,zonaprop,https://www.zonaprop.com.ar/propiedades/clasificado/vecltrin-lote-parque-patricios-monteagudo-800-para-1400-56437775.html,2026-10-04
Parque Patricios,Dirección no informada,380,239000,629,,,,zonaprop,https://www.zonaprop.com.ar/propiedades/clasificado/vecltrin-venta-de-lote!-con-planos-aprobados-59301857.html,2026-10-04
Parque Patricios,Alzaga Al 2200,375,299000,797,,,,zonaprop,https://www.zonaprop.com.ar/propiedades/clasificado/vecltrin-lote-polo-tecnologico-parque-patricios-planos-50938023.html,2026-10-04
Parque Patricios,ALZAGA 2231,380,240000,632,,,,zonaprop,https://www.zonaprop.com.ar/propiedades/clasificado/vecltrin-p-patricios-terreno-planos-aprobados-58598634.html,2026-10-04
Parque Patricios,COLONIA 300,228,400000,1754,,,,zonaprop,https://www.zonaprop.com.ar/propiedades/clasificado/vecltrin-terreno-en-venta-en-parque-patricios-58713842.html,2026-10-04
Parque Patricios,DEAN FUNES 1700,554,550000,993,,,usab2,zonaprop,https://www.zonaprop.com.ar/propiedades/clasificado/vecltrin-terreno-en-venta-en-parque-patricios-50637395.html,2026-10-04
Parque Patricios,Pomar 3600,235,399500,1700,,,,zonaprop,https://www.zonaprop.com.ar/propiedades/clasificado/vecltrin-posibilidad-asociacion-para-el-desarrollo-con-el-51089036.html,2026-10-04
La Boca,ALMIRANTE BROWN 854. Entre W,467,650000,1392,4100,159,pb + 12,zonaprop,https://www.zonaprop.com.ar/propiedades/clasificado/vecltrin-lote-58329829.html,2026-10-04
La Boca,DEL Valle Iberlucea 1200,435,650000,1494,,,,zonaprop,https://www.zonaprop.com.ar/propiedades/clasificado/vecltrin-lote-57129951.html,2026-10-04
La Boca,Pinzón e/ Av. Regimiento de,760,1300000,1711,425,3059,usam,zonaprop,https://www.zonaprop.com.ar/propiedades/clasificado/vecltrin-lote-59168200.html,2026-10-04
La Boca,Palos al 600,304,500000,1645,,,usam,zonaprop,https://www.zonaprop.com.ar/propiedades/clasificado/vecltrin-lote-57089473.html,2026-10-04
La Boca,Martin Rodriguez 515,113,90000,796,,,,zonaprop,https://www.zonaprop.com.ar/propiedades/clasificado/vecltrin-lote-60052636.html,2026-10-04
La Boca,Lote EN Venta - Mixtura 3. I,225,150000,667,,,,zonaprop,https://www.zonaprop.com.ar/propiedades/clasificado/vecltrin-lote-59708244.html,2026-10-04
La Boca,Necochea & Juan Manuel Blane,295,152000,515,,,,zonaprop,https://www.zonaprop.com.ar/propiedades/clasificado/vecltrin-lote-41542159.html,2026-10-04
La Boca,Palos al 500,527,290000,550,,,,zonaprop,https://www.zonaprop.com.ar/propiedades/clasificado/vecltrin-lote-57518026.html,2026-10-04
La Boca,Olavarría 1000,469,210000,448,302,695,,zonaprop,https://www.zonaprop.com.ar/propiedades/clasificado/vecltrin-lote-59994940.html,2026-10-04
La Boca,Av. Regimiento de Patricios,313,790000,2524,,,usaa,zonaprop,https://www.zonaprop.com.ar/propiedades/clasificado/vecltrin-lote-60093287.html,2026-10-04
La Boca,California 768,303,95000,314,,,,zonaprop,https://www.zonaprop.com.ar/propiedades/clasificado/vecltrin-lote-53197702.html,2026-10-04
La Boca,Alvar Nuñez Cabeza de Vaca a,695,230000,331,,,,zonaprop,https://www.zonaprop.com.ar/propiedades/clasificado/vecltrin-lote-59053578.html,2026-10-04
La Boca,Ministro Brin al 900,547,300000,548,,,,zonaprop,https://www.zonaprop.com.ar/propiedades/clasificado/vecltrin-lote-60239147.html,2026-10-04
La Boca,Av. Regimiento de Patricios,350,350000,1000,2000,175,usaa,zonaprop,https://www.zonaprop.com.ar/propiedades/clasificado/vecltrin-lote-60094142.html,2026-10-04
La Boca,Olavarria al 600,560,290000,518,,,,zonaprop,https://www.zonaprop.com.ar/propiedades/clasificado/vecltrin-lote-59085486.html,2026-10-04
La Boca,Suarez 600,353,140000,397,,,,zonaprop,https://www.zonaprop.com.ar/propiedades/clasificado/vecltrin-lote-57170713.html,2026-10-04
La Boca,Gualeguay al 1100,701,690000,984,2550,271,,zonaprop,https://www.zonaprop.com.ar/propiedades/clasificado/vecltrin-lote-60278094.html,2026-10-04
La Boca,JUAN MANUEL BLANES 357,352,95000,270,,,,zonaprop,https://www.zonaprop.com.ar/propiedades/clasificado/vecltrin-lote-55427070.html,2026-10-04
La Boca,Avenida Almirante Brown 1285,487,700000,1437,,,,zonaprop,https://www.zonaprop.com.ar/propiedades/clasificado/vecltrin-lote-58856821.html,2026-10-04
La Boca,Avenida Almirante Brown 750,234,550000,2350,,,,zonaprop,https://www.zonaprop.com.ar/propiedades/clasificado/vecltrin-lote-58819175.html,2026-10-04
La Boca,Tomás Liberti 1200,256,280000,1094,,,,zonaprop,https://www.zonaprop.com.ar/propiedades/clasificado/vecltrin-lote-60135677.html,2026-10-04
La Boca,Suarez al 600,464,180000,388,,,,zonaprop,https://www.zonaprop.com.ar/propiedades/clasificado/vecltrin-lote-60065202.html,2026-10-04
La Boca,Necochea 743 Entre Juan Manu,1450,1000000,690,,,,zonaprop,https://www.zonaprop.com.ar/propiedades/clasificado/vecltrin-lote-58191955.html,2026-10-04
La Boca,Venta Lote Av.almirante Brow,395,580000,1468,,,ca,zonaprop,https://www.zonaprop.com.ar/propiedades/clasificado/vecltrin-lote-59603816.html,2026-10-04
La Boca,Pinzon 1169. Entre Av Patric,365,320000,877,185,1730,,zonaprop,https://www.zonaprop.com.ar/propiedades/clasificado/vecltrin-lote-57486880.html,2026-10-04
La Boca,Pinzon 450,572,199000,348,1160,172,usab2,zonaprop,https://www.zonaprop.com.ar/propiedades/clasificado/vecltrin-lote-56203552.html,2026-10-04
La Boca,Olavarría 700,585,690000,1179,,,,zonaprop,https://www.zonaprop.com.ar/propiedades/clasificado/vecltrin-lote-59451555.html,2026-10-04
La Boca,arzobispo Espinoza 1147,224,365000,1629,,,,zonaprop,https://www.zonaprop.com.ar/propiedades/clasificado/vecltrin-lote-49805849.html,2026-10-04
La Boca,BRANDSEN 600,276,250000,906,,,,zonaprop,https://www.zonaprop.com.ar/propiedades/clasificado/vecltrin-lote-58011089.html,2026-10-04
La Boca,almirante brown 900,472,620000,1314,,,,zonaprop,https://www.zonaprop.com.ar/propiedades/clasificado/vecltrin-lote-59022403.html,2026-10-04
La Boca,Avenida Suárez 600,468,160000,342,,,,zonaprop,https://www.zonaprop.com.ar/propiedades/clasificado/vecltrin-lote-60181411.html,2026-10-04
La Boca,General José Garibaldi 1600,202,300000,1485,,,,zonaprop,https://www.zonaprop.com.ar/propiedades/clasificado/vecltrin-lote-60247849.html,2026-10-04
La Boca,Olavarría 1000,900,650000,722,,,,zonaprop,https://www.zonaprop.com.ar/propiedades/clasificado/vecltrin-lote-60067511.html,2026-10-04
La Boca,Av. Almirante Brown 1300,1136,1000000,880,,,,zonaprop,https://www.zonaprop.com.ar/propiedades/clasificado/vecltrin-lote-53384370.html,2026-10-04
La Boca,Almirante Brown 1301,286,430000,1503,,,,zonaprop,https://www.zonaprop.com.ar/propiedades/clasificado/vecltrin-lote-58107101.html,2026-10-04
La Boca,California 600,303,75000,248,,,,zonaprop,https://www.zonaprop.com.ar/propiedades/clasificado/vecltrin-lote-59339617.html,2026-10-04
La Boca,Suarez 1053,362,89000,246,,,,zonaprop,https://www.zonaprop.com.ar/propiedades/clasificado/vecltrin-lote-57538301.html,2026-10-04
La Boca,Necochea al 600,253,160000,632,,,,zonaprop,https://www.zonaprop.com.ar/propiedades/clasificado/vecltrin-lote-57869497.html,2026-10-04
La Boca,Aristobulo del Valle al 100,149,89000,597,,,,zonaprop,https://www.zonaprop.com.ar/propiedades/clasificado/vecltrin-lote-57579917.html,2026-10-04
La Boca,IRALA,215,95000,442,,,,zonaprop,https://www.zonaprop.com.ar/propiedades/clasificado/vecltrin-lote-49765920.html,2026-10-04
La Boca,olavarria 358,232,300000,1293,1335,225,pb + 6,zonaprop,https://www.zonaprop.com.ar/propiedades/clasificado/vecltrin-lote-60108011.html,2026-10-04
La Boca,Paseo Colon 1600,2000,7000000,3500,,,,zonaprop,https://www.zonaprop.com.ar/propiedades/clasificado/vecltrin-lote-60217129.html,2026-10-04
La Boca,Olavarría 800,385,250000,649,,,,zonaprop,https://www.zonaprop.com.ar/propiedades/clasificado/vecltrin-lote-60068536.html,2026-10-04
La Boca,necochea 1115,236,270000,1144,1181,229,,zonaprop,https://www.zonaprop.com.ar/propiedades/clasificado/vecltrin-lote-60066033.html,2026-10-04
La Boca,Coronel Salvadores 800,700,150000,214,,,,zonaprop,https://www.zonaprop.com.ar/propiedades/clasificado/vecltrin-lote-60102824.html,2026-10-04
La Boca,Suarez al 400,268,160000,597,,,,zonaprop,https://www.zonaprop.com.ar/propiedades/clasificado/vecltrin-lote-60217183.html,2026-10-04
La Boca,Avenida Pedro De Mendoza 150,400,350000,875,,,,zonaprop,https://www.zonaprop.com.ar/propiedades/clasificado/vecltrin-lote-58585351.html,2026-10-04
La Boca,Alfredo Palacios 700,253,80000,316,,,,zonaprop,https://www.zonaprop.com.ar/propiedades/clasificado/vecltrin-lote-47260767.html,2026-10-04
La Boca,Pinzon al 1100,142,95000,669,,,,zonaprop,https://www.zonaprop.com.ar/propiedades/clasificado/vecltrin-lote-57858171.html,2026-10-04
La Boca,Alvar NuÑez 300,135,80000,593,,,,zonaprop,https://www.zonaprop.com.ar/propiedades/clasificado/vecltrin-lote-60213705.html,2026-10-04
La Boca,Pedro De Mendoza 1400,217,70000,323,,,,zonaprop,https://www.zonaprop.com.ar/propiedades/clasificado/vecltrin-lote-59304192.html,2026-10-04
La Boca,IRALA 1800,224,95000,424,,,,zonaprop,https://www.zonaprop.com.ar/propiedades/clasificado/vecltrin-lote-58898473.html,2026-10-04
La Boca,Pasaje Padre Federico Grote,286,110000,385,,,,zonaprop,https://www.zonaprop.com.ar/propiedades/clasificado/vecltrin-lote-60037125.html,2026-10-04
Nueva Pompeya,Almafuerte al 600,587,320000,545,,,,zonaprop,https://www.zonaprop.com.ar/propiedades/clasificado/vecltrin-lote-60217233.html,2026-10-04
Nueva Pompeya,Beron de Astrada al 2000,207,135000,652,,,,zonaprop,https://www.zonaprop.com.ar/propiedades/clasificado/vecltrin-lote-59967066.html,2026-10-04
Nueva Pompeya,Ventana al 3700,152,98000,645,,,usam,zonaprop,https://www.zonaprop.com.ar/propiedades/clasificado/vecltrin-lote-58880707.html,2026-10-04
Nueva Pompeya,La Plata Av. al 2700,439,240000,547,,,usaa,zonaprop,https://www.zonaprop.com.ar/propiedades/clasificado/vecltrin-lote-60298357.html,2026-10-04
Nueva Pompeya,Agustín de Vedia 3000,260,95000,365,,,,zonaprop,https://www.zonaprop.com.ar/propiedades/clasificado/vecltrin-lote-59940857.html,2026-10-04
Nueva Pompeya,Av. Sáenz 454,317,270000,852,,,,zonaprop,https://www.zonaprop.com.ar/propiedades/clasificado/vecltrin-lote-59160289.html,2026-10-04
Nueva Pompeya,CORONEL PAGOLA 4100,531,150000,282,,,,zonaprop,https://www.zonaprop.com.ar/propiedades/clasificado/vecltrin-lote-52669481.html,2026-10-04
Nueva Pompeya,Cachi y Grito de Asencio,361,295000,817,2220,133,Usam,zonaprop,https://www.zonaprop.com.ar/propiedades/clasificado/vecltrin-lote-60231267.html,2026-10-04
Nueva Pompeya,AV. LA Plata al 2700,1000,1190000,1190,5500,216,,zonaprop,https://www.zonaprop.com.ar/propiedades/clasificado/vecltrin-lote-59747545.html,2026-10-04
Nueva Pompeya,Del Tigre e/ Pasaje Guarani,300,280000,933,,,,zonaprop,https://www.zonaprop.com.ar/propiedades/clasificado/vecltrin-lote-60226300.html,2026-10-04
Nueva Pompeya,Caseros al 3500,433,850000,1963,,,pb + 10,zonaprop,https://www.zonaprop.com.ar/propiedades/clasificado/vecltrin-lote-59207536.html,2026-10-04
Nueva Pompeya,Caseros al 3800,549,695000,1266,,,pb + 10,zonaprop,https://www.zonaprop.com.ar/propiedades/clasificado/vecltrin-lote-59207589.html,2026-10-04
Nueva Pompeya,"Alcorta, Amancio AV. al 3400",243,185000,761,,,usaa,zonaprop,https://www.zonaprop.com.ar/propiedades/clasificado/vecltrin-lote-59901803.html,2026-10-04
Nueva Pompeya,Chiclana al 3900,549,695000,1266,,,pb + 10,zonaprop,https://www.zonaprop.com.ar/propiedades/clasificado/vecltrin-lote-59207588.html,2026-10-04
Nueva Pompeya,Achala al 3500,325,230000,708,1300,177,,zonaprop,https://www.zonaprop.com.ar/propiedades/clasificado/vecltrin-lote-59929339.html,2026-10-04
Nueva Pompeya,Saenz Av. al 100,891,2250000,2525,,,usaa,zonaprop,https://www.zonaprop.com.ar/propiedades/clasificado/vecltrin-lote-59207556.html,2026-10-04
Nueva Pompeya,Saenz Av. al 100,452,1125000,2489,,,usaa,zonaprop,https://www.zonaprop.com.ar/propiedades/clasificado/vecltrin-lote-59207560.html,2026-10-04
Nueva Pompeya,Charrúa 3664,459,220000,479,,,,zonaprop,https://www.zonaprop.com.ar/propiedades/clasificado/vecltrin-lote-59242566.html,2026-10-04
Nueva Pompeya,Saenz al 100,208,450000,2163,,,usaa,zonaprop,https://www.zonaprop.com.ar/propiedades/clasificado/vecltrin-lote-59207479.html,2026-10-04
Nueva Pompeya,AV Fernandez DE LA Cruz al 1,234,395000,1688,,,usam,zonaprop,https://www.zonaprop.com.ar/propiedades/clasificado/vecltrin-lote-59207499.html,2026-10-04
Nueva Pompeya,Guarani al 300,165,200000,1212,,,usam,zonaprop,https://www.zonaprop.com.ar/propiedades/clasificado/vecltrin-lote-59207557.html,2026-10-04
Nueva Pompeya,Av. Cobo al 600,125,149000,1192,,,usam,zonaprop,https://www.zonaprop.com.ar/propiedades/clasificado/vecltrin-lote-60278619.html,2026-10-04
Nueva Pompeya,Santo Domingo 4200,188,170000,904,,,cm,zonaprop,https://www.zonaprop.com.ar/propiedades/clasificado/vecltrin-lote-60075615.html,2026-10-04
Nueva Pompeya,Ventura de la Vega 3700,271,100000,369,,,,zonaprop,https://www.zonaprop.com.ar/propiedades/clasificado/vecltrin-lote-60079274.html,2026-10-04
Nueva Pompeya,Las Palmas al 2900,392,195000,497,,,,zonaprop,https://www.zonaprop.com.ar/propiedades/clasificado/vecltrin-lote-58313196.html,2026-10-04
Nueva Pompeya,Saenz al 100,451,1125000,2494,,,,zonaprop,https://www.zonaprop.com.ar/propiedades/clasificado/vecltrin-lote-50576073.html,2026-10-04
Nueva Pompeya,Fournier al 2600,171,195000,1140,1134,172,usaa,zonaprop,https://www.zonaprop.com.ar/propiedades/clasificado/vecltrin-lote-54493694.html,2026-10-04
Nueva Pompeya,Chiclana al 3900,1225,1000000,816,,,usam,zonaprop,https://www.zonaprop.com.ar/propiedades/clasificado/vecltrin-lote-59207532.html,2026-10-04
Nueva Pompeya,O’gorman al 3500,262,160000,611,1850,86,,zonaprop,https://www.zonaprop.com.ar/propiedades/clasificado/vecltrin-lote-59236901.html,2026-10-04
Nueva Pompeya,Chiclana al 3900,370,470000,1270,,,pb + 10,zonaprop,https://www.zonaprop.com.ar/propiedades/clasificado/vecltrin-lote-59207601.html,2026-10-04
Nueva Pompeya,Av. Saenz al 700,533,300000,563,1306,230,usaa,zonaprop,https://www.zonaprop.com.ar/propiedades/clasificado/vecltrin-lote-57399494.html,2026-10-04
Nueva Pompeya,AV. Saenz al 900,320,700000,2188,,,,zonaprop,https://www.zonaprop.com.ar/propiedades/clasificado/vecltrin-lote-58274277.html,2026-10-04
Nueva Pompeya,Saenz Av. al 100,429,1125000,2622,,,usaa,zonaprop,https://www.zonaprop.com.ar/propiedades/clasificado/vecltrin-lote-59207553.html,2026-10-04
Nueva Pompeya,Condor al 1500,410,280000,683,,,,zonaprop,https://www.zonaprop.com.ar/propiedades/clasificado/vecltrin-lote-57632856.html,2026-10-04
Nueva Pompeya,av. Saenz al 1200,866,620000,716,,,,zonaprop,https://www.zonaprop.com.ar/propiedades/clasificado/vecltrin-lote-55262598.html,2026-10-04
Nueva Pompeya,Agustín de Vedia 2400,344,200000,581,850,235,,zonaprop,https://www.zonaprop.com.ar/propiedades/clasificado/vecltrin-lote-60182287.html,2026-10-04
Nueva Pompeya,Uspallata 4100,345,169000,490,,,,zonaprop,https://www.zonaprop.com.ar/propiedades/clasificado/vecltrin-lote-59738024.html,2026-10-04
Nueva Pompeya,Tilcara al 2300,191,98000,513,,,,zonaprop,https://www.zonaprop.com.ar/propiedades/clasificado/vecltrin-lote-57576862.html,2026-10-04
Nueva Pompeya,Avenida Caseros 3744,287,390000,1359,,,,zonaprop,https://www.zonaprop.com.ar/propiedades/clasificado/vecltrin-lote-46690636.html,2026-10-04
Nueva Pompeya,Romero al 800,157,65000,414,,,usab,zonaprop,https://www.zonaprop.com.ar/propiedades/clasificado/vecltrin-lote-58042409.html,2026-10-04
Nueva Pompeya,Traful 3516,217,120000,553,,,,zonaprop,https://www.zonaprop.com.ar/propiedades/clasificado/vecltrin-lote-58589260.html,2026-10-04
Nueva Pompeya,Luppi 1350,485,200000,412,900,222,,zonaprop,https://www.zonaprop.com.ar/propiedades/clasificado/vecltrin-lote-57281146.html,2026-10-04
Nueva Pompeya,Trole al 500,297,185000,623,,,usab 1,zonaprop,https://www.zonaprop.com.ar/propiedades/clasificado/vecltrin-lote-57653780.html,2026-10-04
Nueva Pompeya,Oscar Natalio Bonavena 1400,427,120000,281,384,312,usab 2,zonaprop,https://www.zonaprop.com.ar/propiedades/clasificado/vecltrin-lote-60306893.html,2026-10-04
Nueva Pompeya,Teniente gregorio pomar 3600,360,395000,1097,1359,291,,zonaprop,https://www.zonaprop.com.ar/propiedades/clasificado/vecltrin-lote-56247310.html,2026-10-04
Nueva Pompeya,Castro al 2200,355,219000,617,1440,152,,zonaprop,https://www.zonaprop.com.ar/propiedades/clasificado/vecltrin-lote-56446235.html,2026-10-04
Nueva Pompeya,Chilavert,192,105000,547,176,597,usam,zonaprop,https://www.zonaprop.com.ar/propiedades/clasificado/vecltrin-lote-59358349.html,2026-10-04
Nueva Pompeya,Grito de Asencio 3600,318,207000,651,218,950,usam,zonaprop,https://www.zonaprop.com.ar/propiedades/clasificado/vecltrin-lote-60261704.html,2026-10-04
Nueva Pompeya,Itaqui 2100,169,139900,828,,,usab 2,zonaprop,https://www.zonaprop.com.ar/propiedades/clasificado/vecltrin-lote-60273004.html,2026-10-04
Nueva Pompeya,Andres Ferreyra 4002. Entre,94,95000,1011,,,,zonaprop,https://www.zonaprop.com.ar/propiedades/clasificado/vecltrin-lote-59532395.html,2026-10-04
Nueva Pompeya,Av. La Plata al 2300,330,480000,1455,3400,141,usaa,zonaprop,https://www.zonaprop.com.ar/propiedades/clasificado/vecltrin-lote-59836188.html,2026-10-04
Nueva Pompeya,TROLE,291,149000,512,,,,zonaprop,https://www.zonaprop.com.ar/propiedades/clasificado/vecltrin-lote-56083606.html,2026-10-04
Nueva Pompeya,Amancio Alcorta 3700,96,65000,677,,,,zonaprop,https://www.zonaprop.com.ar/propiedades/clasificado/vecltrin-lote-58525432.html,2026-10-04
Nueva Pompeya,Beazley,455,200000,440,,,,zonaprop,https://www.zonaprop.com.ar/propiedades/clasificado/vecltrin-lote-56425462.html,2026-10-04
Nueva Pompeya,Alagon 300,370,330000,892,,,,zonaprop,https://www.zonaprop.com.ar/propiedades/clasificado/vecltrin-lote-59297313.html,2026-10-04
Nueva Pompeya,Beazley al 3500,882,550000,624,,,,zonaprop,https://www.zonaprop.com.ar/propiedades/clasificado/vecltrin-lote-60315865.html,2026-10-04
Nueva Pompeya,Oscar Natalio Bonavena 1000,247,68000,275,,,,zonaprop,https://www.zonaprop.com.ar/propiedades/clasificado/vecltrin-lote-60039374.html,2026-10-04
Nueva Pompeya,General Fructuoso Rivera 160,348,180000,517,1008,179,usab 2,zonaprop,https://www.zonaprop.com.ar/propiedades/clasificado/vecltrin-lote-60297689.html,2026-10-04
Nueva Pompeya,Alberto Einstein 800,324,110000,340,652,169,pb + 4,zonaprop,https://www.zonaprop.com.ar/propiedades/clasificado/vecltrin-lote-60262568.html,2026-10-04
Nueva Pompeya,Abraham J. Luppi 1400,172,90000,523,635,142,pb + 1,zonaprop,https://www.zonaprop.com.ar/propiedades/clasificado/vecltrin-lote-60231429.html,2026-10-04
Nueva Pompeya,Tilcara 2860/62,512,120000,234,1032,116,,zonaprop,https://www.zonaprop.com.ar/propiedades/clasificado/vecltrin-lote-54395486.html,2026-10-04
Villa Soldati,Rabanal al 2700,429,315000,734,,,,zonaprop,https://www.zonaprop.com.ar/propiedades/clasificado/vecltrin-terreno-villa-soldati-46839362.html,2026-10-04
Villa Soldati,Rabanal 2417. Entre Rivera Indarte y Pedernera,120,115000,958,284.64,404,,zonaprop,https://www.zonaprop.com.ar/propiedades/clasificado/vecltrin-lote.-rabanal-al-2400-56822420.html,2026-10-04
Villa Soldati,Itaqui 2400,394,250000,635,,,cm,zonaprop,https://www.zonaprop.com.ar/propiedades/clasificado/vecltrin-venta-casa-a-refaccionar-terreno-lote-zona-fabril-60300603.html,2026-10-04
Villa Soldati,Pedernera 2951. Entre Corrales y Fructuoso Rivera,295,120000,407,1070,112,,zonaprop,https://www.zonaprop.com.ar/propiedades/clasificado/vecltrin-lote.-pedernera-al-2900-59592481.html,2026-10-04
Villa Soldati,Mariano Acosta 3041. Entre Jose Barros Pazos y Coronel Martiniano Chilavert,1100,700000,636,,,,zonaprop,https://www.zonaprop.com.ar/propiedades/clasificado/vecltrin-terreno-en-venta-52113061.html,2026-10-04
Villa Soldati,Mariano Acosta al 3000,175,110000,629,,,,zonaprop,https://www.zonaprop.com.ar/propiedades/clasificado/vecltrin-galpon-villa-soldati-58291469.html,2026-10-04
Villa Soldati,Carlos Berg 2764. Entre Av. Fernandez De La Cruz y Itaqui,395,110000,278,,,,zonaprop,https://www.zonaprop.com.ar/propiedades/clasificado/vecltrin-lote.-carlos-berg-al-2700-58723451.html,2026-10-04
Villa Lugano,Miralla  al 3400,300,169000,563,,,,zonaprop,https://www.zonaprop.com.ar/propiedades/clasificado/vecltrin-lote-terreno-a-la-venta-en-villa-lugano-ex-garage-60216978.html,2026-10-04
Villa Lugano,José Ignacio Rucci 4600. Entre José barros pazos y Chilavert,80,195000,2438,,,usab2,zonaprop,https://www.zonaprop.com.ar/propiedades/clasificado/vecltrin-excelente-lote-en-venta-8-40x35-m-villa-lugano-usab2-59908128.html,2026-10-04
Villa Lugano,Cañada de Gomez  al 4800,297,350000,1178,1072.83,326,usam ,zonaprop,https://www.zonaprop.com.ar/propiedades/clasificado/vecltrin-atencion-para-los-inversores!-venta-de-lote-en-villa-59404742.html,2026-10-04
Villa Lugano,Av. Argentina al 5800,475,290000,611,,,,zonaprop,https://www.zonaprop.com.ar/propiedades/clasificado/vecltrin-venta-de-3-lotes-en-esquina-villa-lugano-59863418.html,2026-10-04
Villa Lugano,Avenida Riestra 5930,200,400000,2000,1340,299,usaa ,zonaprop,https://www.zonaprop.com.ar/propiedades/clasificado/vecltrin-lote-edificable-10x20-usaa-pb-6-2-retiros-57672159.html,2026-10-04
Villa Lugano,Avenida Lisandro de la Torre 4437,1143,780000,682,1270,614,,zonaprop,https://www.zonaprop.com.ar/propiedades/clasificado/vecltrin-lisandro-de-la-torre-4437-villa-lugano-3-lotes-de-59858745.html,2026-10-04
Villa Lugano,Corrales al 6600,748,340000,455,,,,zonaprop,https://www.zonaprop.com.ar/propiedades/clasificado/vecltrin-venta-lote-doble-frente-de-748-m-sup2--en-villa-lugano-59284398.html,2026-10-04
Villa Lugano,Logroño 5500,169,90000,533,,,,zonaprop,https://www.zonaprop.com.ar/propiedades/clasificado/vecltrin-terreno-villa-lugano-52028115.html,2026-10-04
Villa Lugano,Sayos 5318,203,100000,493,,,,zonaprop,https://www.zonaprop.com.ar/propiedades/clasificado/vecltrin-terreno-en-venta-villa-lugano-60305443.html,2026-10-04
Villa Lugano,Timoteo Gordillo al 4500,741,425000,574,,,usab 2,zonaprop,https://www.zonaprop.com.ar/propiedades/clasificado/vecltrin-terreno-en-villa-lugano-59533192.html,2026-10-04
Villa Lugano,Lisandro de la Torre al 4400,809,425000,525,,,usab 2,zonaprop,https://www.zonaprop.com.ar/propiedades/clasificado/vecltrin-casa-en-villa-lugano-59533165.html,2026-10-04
Villa Lugano,Zelarrayan 4700,1760,850000,483,,,,zonaprop,https://www.zonaprop.com.ar/propiedades/clasificado/vecltrin-venta-hotel-de-pasajeros-38-habitaciones-villa-lugano-57305263.html,2026-10-04
Villa Lugano,Sayos 5318,203,100000,493,,,,zonaprop,https://www.zonaprop.com.ar/propiedades/clasificado/vecltrin-terreno-en-venta-villa-lugano-56329495.html,2026-10-04
Villa Lugano,Lisandro de la Torre  al 4400,399,199900,501,,,usab 2,zonaprop,https://www.zonaprop.com.ar/propiedades/clasificado/vecltrin-terreno-en-villa-lugano-59533184.html,2026-10-04
Villa Lugano,Sayos 5300,399,200000,501,,,,zonaprop,https://www.zonaprop.com.ar/propiedades/clasificado/vecltrin-terreno-en-venta-en-villa-lugano-doble-frente-60305376.html,2026-10-04
Villa Lugano,Sayos 5300,399,200000,501,,,,zonaprop,https://www.zonaprop.com.ar/propiedades/clasificado/vecltrin-terreno-en-venta-en-villa-lugano-doble-frente-58127660.html,2026-10-04
Villa Lugano,SANTANDER 6100,745,270000,362,,,ca,zonaprop,https://www.zonaprop.com.ar/propiedades/clasificado/vecltrin-impresionanate-galpon-vivienda-c-gge-745-m-sup2-55638140.html,2026-10-04
Villa Lugano,AV.RIESTRA 5300,400,189000,472,,,usaa,zonaprop,https://www.zonaprop.com.ar/propiedades/clasificado/vecltrin-v.-lugano.-av-riestra-al-5300-zonif.-usaa.-apto-para-54986037.html,2026-10-04
Villa Lugano,Echeandía 5900,406,179000,441,,,,zonaprop,https://www.zonaprop.com.ar/propiedades/clasificado/vecltrin-venta-lote-de-406-m-sup2--en-villa-lugano-60090146.html,2026-10-04
Villa Lugano,Fonrouge 2700,430,180000,419,,,usam,zonaprop,https://www.zonaprop.com.ar/propiedades/clasificado/vecltrin-venta-lote-usam-59724210.html,2026-10-04
Villa Lugano,Montiel 5800,372,185000,497,,,usam,zonaprop,https://www.zonaprop.com.ar/propiedades/clasificado/vecltrin-lote-8.66-m-x-43-m-montiel-5800-villa-lugano-56223698.html,2026-10-04
Villa Lugano,Santander al 5600,1443,690000,478,,,,zonaprop,https://www.zonaprop.com.ar/propiedades/clasificado/vecltrin-galpon-villa-lugano-59407013.html,2026-10-04
Villa Lugano,Tabaré 6300,511,790900,1548,2055,385,,zonaprop,https://www.zonaprop.com.ar/propiedades/clasificado/vecltrin-venta-lote-para-desarrollo-apto-5-pisos-v.-lugano-60205674.html,2026-10-04
Villa Lugano,Timoteo Gordillo 4600,382,199000,521,,,,zonaprop,https://www.zonaprop.com.ar/propiedades/clasificado/vecltrin-venta-terreno-lugano-60090311.html,2026-10-04
Villa Lugano,C ALVAREZ 5800,262,155000,592,,,,zonaprop,https://www.zonaprop.com.ar/propiedades/clasificado/vecltrin-terreno-en-venta-en-villa-lugano-56889341.html,2026-10-04
Villa Lugano,Martiniano Leguizamón 4300,896,430000,480,,,pb + 5,zonaprop,https://www.zonaprop.com.ar/propiedades/clasificado/vecltrin-lote-con-vivienda-4-amb.-en-villa-lugano-896-m-sup2-60290615.html,2026-10-04
Villa Lugano,Avenida Castañares 5000,399,499000,1251,,,,zonaprop,https://www.zonaprop.com.ar/propiedades/clasificado/vecltrin-lote-venta-villa-lugano-u.-s.-aa-1911-m-sup2--bajo-60243269.html,2026-10-04
Villa Lugano,SAYOS 5411,185,120000,649,,,,zonaprop,https://www.zonaprop.com.ar/propiedades/clasificado/vecltrin-venta-casa-con-cochera-a-demoler-lote-sayos-5400-59148669.html,2026-10-04
Villa Lugano,ALBARIÑO,373,139000,373,,,,zonaprop,https://www.zonaprop.com.ar/propiedades/clasificado/vecltrin-villa-lugano.-albarino-3600-real-oportunidad!ideal-55772496.html,2026-10-04
Villa Lugano,DELFIN GALLO 5700,1000,320000,320,,,usaa,zonaprop,https://www.zonaprop.com.ar/propiedades/clasificado/vecltrin-nuevo-valor!-espectacular-lote-terreno-d.-gallo-fte.-47483092.html,2026-10-04
Villa Lugano,Avenida Argentina 5300,153,173000,1131,1601,108,pb +7+2,zonaprop,https://www.zonaprop.com.ar/propiedades/clasificado/vecltrin-av-argentina-5300-galpon-60198398.html,2026-10-04
Villa Lugano,Larraya  al 3700,188,143000,761,,,usab 1,zonaprop,https://www.zonaprop.com.ar/propiedades/clasificado/vecltrin-terreno-en-villa-lugano-59455847.html,2026-10-04
Villa Lugano,Murguiondo 3545,725,400000,552,2200,182,usam,zonaprop,https://www.zonaprop.com.ar/propiedades/clasificado/vecltrin-terreno-en-l.-lugano-doble-frente-mixtura-3-57824555.html,2026-10-04
Villa Lugano,Zelarrayan  5785,200,129000,645,1562,83,,zonaprop,https://www.zonaprop.com.ar/propiedades/clasificado/vecltrin-venta-terreno-lote-casa-demoler.-zelarrayan-5700.-50767348.html,2026-10-04
Villa Lugano,PIEDRABUENA 3300,184,170000,924,,,usam,zonaprop,https://www.zonaprop.com.ar/propiedades/clasificado/vecltrin-terreno-en-venta-en-villa-lugano-54810558.html,2026-10-04
Villa Lugano,Tabare al 6900,150,105000,700,,,usab 2,zonaprop,https://www.zonaprop.com.ar/propiedades/clasificado/vecltrin-venta-terreno-en-villa-riachuelo-59822819.html,2026-10-04
Villa Lugano,José Barros Pazos 5600,227,215000,947,1400,154,pb + 5,zonaprop,https://www.zonaprop.com.ar/propiedades/clasificado/vecltrin-lote-en-venta-villa-lugano-59528852.html,2026-10-04
Villa Lugano,Cañada De Gomez 4400,372,189000,508,868,218,Ca,zonaprop,https://www.zonaprop.com.ar/propiedades/clasificado/vecltrin-lote-en-venta-villa-lugano-ideal-desarrollo-58771397.html,2026-10-04
Villa Lugano,YERBAL 5200,165,265000,1606,,,,zonaprop,https://www.zonaprop.com.ar/propiedades/clasificado/vecltrin-terreno-en-venta-en-villa-lugano-57317092.html,2026-10-04
Villa Lugano,MURGUIONDO 3100,1700,500000,294,,,,zonaprop,https://www.zonaprop.com.ar/propiedades/clasificado/vecltrin-lote-murguiondo-al-3100-44205669.html,2026-10-04
Villa Lugano,UNANUE 6230,375,200000,533,,,ca,zonaprop,https://www.zonaprop.com.ar/propiedades/clasificado/vecltrin-espectacular-lote-terreno-unanue-6200!-8.66-m-x-43.30-51149198.html,2026-10-04
Villa Lugano,Av General Paz al 16000,201,219000,1090,,,,zonaprop,https://www.zonaprop.com.ar/propiedades/clasificado/vecltrin-venta-lote-en-av-general-paz-esquina-av-gral-francisco-60219493.html,2026-10-04
Villa Lugano,Basualdo 2600,274,140000,511,,,,zonaprop,https://www.zonaprop.com.ar/propiedades/clasificado/vecltrin-lote-en-venta-basualdo-al-2600-loiacono-59712073.html,2026-10-04
Villa Lugano,Avenida Riestra 6100,110,400000,3636,,,,zonaprop,https://www.zonaprop.com.ar/propiedades/clasificado/vecltrin-venta-de-lote-para-emprendimiento-en-lugano-60262729.html,2026-10-04
Villa Lugano,ALBARIÑO 3304. Entre Av CastaÑares y Colectora Delepiane,140,170000,1214,,,,zonaprop,https://www.zonaprop.com.ar/propiedades/clasificado/vecltrin-lote.-albarino-al-3300-47772442.html,2026-10-04
Villa Lugano,UNANUE 6400,390,210000,538,,,,zonaprop,https://www.zonaprop.com.ar/propiedades/clasificado/vecltrin-terreno-en-venta-en-villa-lugano-56006367.html,2026-10-04
Villa Lugano,AV LARRAZABAL 3884. Entre Av Riestra,240,270000,1125,,,,zonaprop,https://www.zonaprop.com.ar/propiedades/clasificado/vecltrin-lote.-av-larrazabal-al-3800-50580595.html,2026-10-04
Villa Lugano,Avenida Riestra 6141/00. Entre Lisandro De La Torre y Timoteo Gordillo,448,650000,1451,2500,260,usaa ,zonaprop,https://www.zonaprop.com.ar/propiedades/clasificado/vecltrin-lote-doble-frente-en-venta-en-villa-lugano-s-av-52476945.html,2026-10-04
Villa Lugano,TIMOTEO GORDILLO 5200,260,180000,692,,,usab2,zonaprop,https://www.zonaprop.com.ar/propiedades/clasificado/vecltrin-lote-terreno-timoteo-gordillo-5200-8.66x30-45859546.html,2026-10-04
Villa Riachuelo,Cañada de Gómez al 5400,372,135000,363,,,,zonaprop,https://www.zonaprop.com.ar/propiedades/clasificado/vecltrin-venta-casa-4-ambiente-en-lote-370-m-sup2--av-roca-y-av-59164226.html,2026-10-04
Villa Riachuelo,Madariaga 6300,508,240000,472,,,usab2,zonaprop,https://www.zonaprop.com.ar/propiedades/clasificado/vecltrin-lote-12.50-x-40.63-corredor-usab2-a-permuta-menor-60198279.html,2026-10-04
Villa Riachuelo,Avenida General Francisco Fernández de la Cruz 6459,280,360000,1286,,,pb + 5,zonaprop,https://www.zonaprop.com.ar/propiedades/clasificado/vecltrin-casa-con-4-ph-en-av-cruz-frente-a-plaza-ideal-58577350.html,2026-10-04
Villa Riachuelo,Lisandro de la Torre 4500,381,228000,598,251,908,,zonaprop,https://www.zonaprop.com.ar/propiedades/clasificado/vecltrin-terreno-lote-en-venta-en-villa-riachuelo-capital-60211797.html,2026-10-04
Villa Riachuelo,Avenida General Francisco Fernández de la Cruz 6600,375,490000,1307,282,1738,,zonaprop,https://www.zonaprop.com.ar/propiedades/clasificado/vecltrin-venta-lote-8.66-x-43.3-villa-lugano-60277473.html,2026-10-04
